tokens,ner_tags
"['Permanent', 'Address', '433', 'Jill', 'Springs', 'New', 'Roberttown,', 'CO', '29158', 'Present', 'Address', '386', 'Shane', 'Harbors', 'Port', 'Lindachester,', 'MA', '36922']","[1, 1, 1, 1, 1, 1, 1, 1, 1, 2, 2, 2, 2, 2, 2, 2, 2, 2]"
"['KL45', '2051802512', 'Issued', 'on', '28-06-2010', 'Expires', 'on', '10-07-2012']","[5, 5, 18, 6, 6, 18, 7, 7]"
"['KL23', '9963334018', 'Issued', 'on', '26-08-2016', 'Expires', 'on', '04-09-2008']","[5, 5, 18, 6, 6, 18, 7, 7]"
"['Blood', 'Group', 'A+', 'Organ', 'Donor', 'YES']","[13, 13, 13, 14, 14, 14]"
"['KL74', '3585650756', 'Issued', 'on', '09-05-2008', 'Expires', 'on', '15-02-2018']","[5, 5, 18, 6, 6, 18, 7, 7]"
"['Permanent', 'Address', '407', 'Teresa', 'Lane', 'Apt.', '849', 'Barbaraland,', 'AZ', '87174', 'Present', 'Address', '31647', 'Martin', 'Knoll', 'Apt.', '419', 'New', 'Jessica,', 'GA', '61090']","[1, 1, 1, 1, 1, 1, 1, 1, 1, 1, 2, 2, 2, 2, 2, 2, 2, 2, 2, 2, 2]"
"['Permanent', 'Address', '503', 'Linda', 'Locks', 'Carlshire,', 'FM', '94599', 'Present', 'Address', '7242', 'Julie', 'Plain', 'Suite', '969', 'Coxberg,', 'NY', '65187']","[1, 1, 1, 1, 1, 1, 1, 1, 2, 2, 2, 2, 2, 2, 2, 2, 2, 2]"
"['Permanent', 'Address', '22691', 'James', 'Mountain', 'Tashatown,', 'TX', '94967', 'Present', 'Address', '514', 'Moore', 'Alley', 'Suite', '828', 'Port', 'Colleenhaven,', 'PA', '26572']","[1, 1, 1, 1, 1, 1, 1, 1, 2, 2, 2, 2, 2, 2, 2, 2, 2, 2, 2]"
"['Blood', 'Group', 'O-', 'Organ', 'Donor', 'NO']","[13, 13, 13, 14, 14, 14]"
"['Emergency', 'Contact', '(252)388-0957']","[17, 17, 17]"
"['KL30', '8293453178', 'Issued', 'on', '19-07-2017', 'Expires', 'on', '30-08-2015']","[5, 5, 18, 6, 6, 18, 7, 7]"
"['KL29', '8574149614', 'Issued', 'on', '06-05-2013', 'Expires', 'on', '03-03-2007']","[5, 5, 18, 6, 6, 18, 7, 7]"
"['KL58', '5710360983', 'Issued', 'on', '24-05-2013', 'Expires', 'on', '02-07-2024']","[5, 5, 18, 6, 6, 18, 7, 7]"
"['Emergency', 'Contact', '417-618-2278']","[17, 17, 17]"
"['Permanent', 'Address', '83465', 'Lam', 'Mission', 'Apt.', '331', 'Andrewside,', 'IN', '77629', 'Present', 'Address', '031', 'Michele', 'Cliffs', 'West', 'Elizabeth,', 'IL', '71179']","[1, 1, 1, 1, 1, 1, 1, 1, 1, 1, 2, 2, 2, 2, 2, 2, 2, 2, 2]"
"['Emergency', 'Contact', '(399)873-7631']","[17, 17, 17]"
"['Permanent', 'Address', '0106', 'Mcbride', 'Coves', 'Apt.', '338', 'Taylorburgh,', 'KY', '61138', 'Present', 'Address', '8108', 'Tanya', 'Terrace', 'East', 'Richard,', 'NJ', '28517']","[1, 1, 1, 1, 1, 1, 1, 1, 1, 1, 2, 2, 2, 2, 2, 2, 2, 2, 2]"
"['Blood', 'Group', 'O-', 'Organ', 'Donor', 'YES']","[13, 13, 13, 14, 14, 14]"
"['Permanent', 'Address', '60647', 'Henderson', 'Street', 'Mooreport,', 'IL', '08166', 'Present', 'Address', '500', 'Shaw', 'Walk', 'North', 'Susan,', 'CO', '24857']","[1, 1, 1, 1, 1, 1, 1, 1, 2, 2, 2, 2, 2, 2, 2, 2, 2]"
"['Emergency', 'Contact', '291-336-1939']","[17, 17, 17]"
"['Permanent', 'Address', '3534', 'Anderson', 'Rue', 'Suite', '751', 'South', 'Christineshire,', 'CT', '10103', 'Present', 'Address', '51354', 'Samuel', 'Plains', 'Suite', '980', 'Sarahville,', 'FM', '18102']","[1, 1, 1, 1, 1, 1, 1, 1, 1, 1, 1, 2, 2, 2, 2, 2, 2, 2, 2, 2, 2]"
"['Emergency', 'Contact', '911-682-4493x534']","[17, 17, 17]"
"['Permanent', 'Address', 'PSC', '0164,', 'Box', '0052', 'APO', 'AP', '34836', 'Present', 'Address', '680', 'Charles', 'Spurs', 'Apt.', '805', 'South', 'David,', 'ME', '48296']","[1, 1, 1, 1, 1, 1, 1, 1, 1, 2, 2, 2, 2, 2, 2, 2, 2, 2, 2, 2]"
"['Permanent', 'Address', 'PSC', '0533,', 'Box', '1586', 'APO', 'AP', '98736', 'Present', 'Address', '26025', 'Pham', 'Way', 'West', 'Erik,', 'UT', '14669']","[1, 1, 1, 1, 1, 1, 1, 1, 1, 2, 2, 2, 2, 2, 2, 2, 2, 2]"
"['KL39', '8615270538', 'Issued', 'on', '20-03-2018', 'Expires', 'on', '08-07-2006']","[5, 5, 18, 6, 6, 18, 7, 7]"
"['Courtney', 'Velasquez', 'DOB', '10-11-2020']","[0, 0, 3, 3]"
"['Emergency', 'Contact', '(843)730-3654x145']","[17, 17, 17]"
"['Emergency', 'Contact', '8147294019']","[17, 17, 17]"
"['Blood', 'Group', 'O-', 'Organ', 'Donor', 'NO']","[13, 13, 13, 14, 14, 14]"
"['KL55', '3783290795', 'Issued', 'on', '27-12-2029', 'Expires', 'on', '15-11-2015']","[5, 5, 18, 6, 6, 18, 7, 7]"
"['Permanent', 'Address', '9340', 'Smith', 'Valley', 'West', 'Ryan,', 'TN', '43780', 'Present', 'Address', '484', 'Nguyen', 'Square', 'Angelaborough,', 'MT', '87654']","[1, 1, 1, 1, 1, 1, 1, 1, 1, 2, 2, 2, 2, 2, 2, 2, 2]"
"['KL41', '5996775663', 'Issued', 'on', '05-02-2018', 'Expires', 'on', '30-03-2028']","[5, 5, 18, 6, 6, 18, 7, 7]"
"['Blood', 'Group', 'B-', 'Organ', 'Donor', 'NO']","[13, 13, 13, 14, 14, 14]"
"['Emergency', 'Contact', '001-729-994-6804x4369']","[17, 17, 17]"
"['Emergency', 'Contact', '573.687.2148x951']","[17, 17, 17]"
"['KL14', '8752612686', 'Issued', 'on', '03-11-2012', 'Expires', 'on', '22-12-2011']","[5, 5, 18, 6, 6, 18, 7, 7]"
"['Blood', 'Group', 'A+', 'Organ', 'Donor', 'YES']","[13, 13, 13, 14, 14, 14]"
"['Angel', 'Riggs', 'DOB', '30-12-2025']","[0, 0, 3, 3]"
"['Permanent', 'Address', '6936', 'Ross', 'Drive', 'Port', 'Michelleville,', 'WI', '56225', 'Present', 'Address', '83172', 'Contreras', 'Points', 'Suite', '798', 'Rivasside,', 'NV', '21362']","[1, 1, 1, 1, 1, 1, 1, 1, 1, 2, 2, 2, 2, 2, 2, 2, 2, 2, 2]"
"['Permanent', 'Address', '4348', 'Sims', 'Harbor', 'Suite', '143', 'Matthewside,', 'CO', '18637', 'Present', 'Address', '231', 'Russell', 'Plains', 'Suite', '603', 'Priceshire,', 'UT', '03061']","[1, 1, 1, 1, 1, 1, 1, 1, 1, 1, 2, 2, 2, 2, 2, 2, 2, 2, 2, 2]"
"['KL73', '2970753705', 'Issued', 'on', '14-10-2024', 'Expires', 'on', '21-02-2018']","[5, 5, 18, 6, 6, 18, 7, 7]"
"['KL41', '7609857128', 'Issued', 'on', '05-06-2021', 'Expires', 'on', '26-05-2005']","[5, 5, 18, 6, 6, 18, 7, 7]"
"['Permanent', 'Address', 'USNV', 'Molina', 'FPO', 'AA', '71046', 'Present', 'Address', '3467', 'Paul', 'Skyway', 'Ramseymouth,', 'PW', '17229']","[1, 1, 1, 1, 1, 1, 1, 2, 2, 2, 2, 2, 2, 2, 2]"
"['Blood', 'Group', 'O-', 'Organ', 'Donor', 'NO']","[13, 13, 13, 14, 14, 14]"
"['KL27', '7483366056', 'Issued', 'on', '16-05-2026', 'Expires', 'on', '16-05-2023']","[5, 5, 18, 6, 6, 18, 7, 7]"
"['KL16', '4698408854', 'Issued', 'on', '12-02-2006', 'Expires', 'on', '09-08-2018']","[5, 5, 18, 6, 6, 18, 7, 7]"
"['KL30', '5567816720', 'Issued', 'on', '03-05-2025', 'Expires', 'on', '27-05-2024']","[5, 5, 18, 6, 6, 18, 7, 7]"
"['Blood', 'Group', 'O-', 'Organ', 'Donor', 'NO']","[13, 13, 13, 14, 14, 14]"
"['Angela', 'Patterson', 'DOB', '27-11-2020']","[0, 0, 3, 3]"
"['Emergency', 'Contact', '(804)665-3755']","[17, 17, 17]"
"['KL24', '8047877267', 'Issued', 'on', '18-07-2019', 'Expires', 'on', '13-10-2013']","[5, 5, 18, 6, 6, 18, 7, 7]"
"['KL65', '5974249674', 'Issued', 'on', '26-12-2007', 'Expires', 'on', '14-03-2021']","[5, 5, 18, 6, 6, 18, 7, 7]"
"['KL43', '4272602734', 'Issued', 'on', '09-11-2005', 'Expires', 'on', '21-07-2023']","[5, 5, 18, 6, 6, 18, 7, 7]"
"['Blood', 'Group', 'A+', 'Organ', 'Donor', 'NO']","[13, 13, 13, 14, 14, 14]"
"['Emergency', 'Contact', '4535100330']","[17, 17, 17]"
"['Blood', 'Group', 'B-', 'Organ', 'Donor', 'YES']","[13, 13, 13, 14, 14, 14]"
"['Blood', 'Group', 'B-', 'Organ', 'Donor', 'YES']","[13, 13, 13, 14, 14, 14]"
"['Permanent', 'Address', '374', 'Jackson', 'Rest', 'Port', 'Loriport,', 'CT', '76350', 'Present', 'Address', '663', 'Brittany', 'Village', 'Apt.', '149', 'Port', 'Tonyaton,', 'MI', '70328']","[1, 1, 1, 1, 1, 1, 1, 1, 1, 2, 2, 2, 2, 2, 2, 2, 2, 2, 2, 2]"
"['Blood', 'Group', 'A+', 'Organ', 'Donor', 'NO']","[13, 13, 13, 14, 14, 14]"
"['Emergency', 'Contact', '(451)685-0671x65726']","[17, 17, 17]"
"['Emergency', 'Contact', '+1-587-976-9453x147']","[17, 17, 17]"
"['KL17', '1338258951', 'Issued', 'on', '02-08-2024', 'Expires', 'on', '18-12-2025']","[5, 5, 18, 6, 6, 18, 7, 7]"
"['Permanent', 'Address', '75273', 'Salinas', 'Junctions', 'Suite', '948', 'New', 'Stacyland,', 'IA', '94882', 'Present', 'Address', '777', 'Christopher', 'Forges', 'Holtport,', 'TN', '76726']","[1, 1, 1, 1, 1, 1, 1, 1, 1, 1, 1, 2, 2, 2, 2, 2, 2, 2, 2]"
"['Emergency', 'Contact', '(678)585-6855x744']","[17, 17, 17]"
"['Corey', 'Wilson', 'DOB', '07-06-2023']","[0, 0, 3, 3]"
"['Blood', 'Group', 'B-', 'Organ', 'Donor', 'YES']","[13, 13, 13, 14, 14, 14]"
"['Permanent', 'Address', 'USNS', 'Lee', 'FPO', 'AP', '63965', 'Present', 'Address', '34352', 'Smith', 'Place', 'Apt.', '400', 'Heidiberg,', 'SC', '99170']","[1, 1, 1, 1, 1, 1, 1, 2, 2, 2, 2, 2, 2, 2, 2, 2, 2]"
"['Shane', 'Andrews', 'MD', 'DOB', '08-03-2020']","[0, 0, 3, 3]"
"['KL77', '6633778586', 'Issued', 'on', '16-10-2016', 'Expires', 'on', '22-06-2011']","[5, 5, 18, 6, 6, 18, 7, 7]"
"['Dawn', 'Hensley', 'DOB', '29-01-2009']","[0, 0, 3, 3]"
"['Permanent', 'Address', '1902', 'Lisa', 'Hollow', 'Apt.', '318', 'Obrienbury,', 'WI', '68995', 'Present', 'Address', '9649', 'Chelsea', 'Streets', 'Apt.', '334', 'East', 'Johnside,', 'CA', '21018']","[1, 1, 1, 1, 1, 1, 1, 1, 1, 1, 2, 2, 2, 2, 2, 2, 2, 2, 2, 2, 2]"
"['Blood', 'Group', 'O-', 'Organ', 'Donor', 'YES']","[13, 13, 13, 14, 14, 14]"
"['KL18', '2452066459', 'Issued', 'on', '16-04-2005', 'Expires', 'on', '05-02-2019']","[5, 5, 18, 6, 6, 18, 7, 7]"
"['Permanent', 'Address', '0344', 'Jones', 'Fort', 'Suite', '936', 'New', 'Jeffreyberg,', 'PW', '35317', 'Present', 'Address', '24994', 'Martinez', 'Spurs', 'Hollyview,', 'NY', '71277']","[1, 1, 1, 1, 1, 1, 1, 1, 1, 1, 1, 2, 2, 2, 2, 2, 2, 2, 2]"
"['KL38', '1030884438', 'Issued', 'on', '31-12-2021', 'Expires', 'on', '04-02-2020']","[5, 5, 18, 6, 6, 18, 7, 7]"
"['Permanent', 'Address', '5940', 'Jeremy', 'Spring', 'Port', 'Emilyview,', 'OK', '05774', 'Present', 'Address', '8742', 'Walters', 'Overpass', 'South', 'Michaelmouth,', 'MD', '88336']","[1, 1, 1, 1, 1, 1, 1, 1, 1, 2, 2, 2, 2, 2, 2, 2, 2, 2]"
"['KL18', '4888749350', 'Issued', 'on', '03-10-2008', 'Expires', 'on', '02-09-2010']","[5, 5, 18, 6, 6, 18, 7, 7]"
"['Emergency', 'Contact', '267-946-8071x54516']","[17, 17, 17]"
"['KL40', '3084839399', 'Issued', 'on', '05-04-2019', 'Expires', 'on', '16-01-2007']","[5, 5, 18, 6, 6, 18, 7, 7]"
"['Blood', 'Group', 'O-', 'Organ', 'Donor', 'YES']","[13, 13, 13, 14, 14, 14]"
"['Emergency', 'Contact', '485.697.7034']","[17, 17, 17]"
"['Emergency', 'Contact', '371.509.3248x086']","[17, 17, 17]"
"['KL22', '8125276666', 'Issued', 'on', '22-01-2009', 'Expires', 'on', '24-11-2020']","[5, 5, 18, 6, 6, 18, 7, 7]"
"['Blood', 'Group', 'O-', 'Organ', 'Donor', 'NO']","[13, 13, 13, 14, 14, 14]"
"['Emergency', 'Contact', '527-948-4677']","[17, 17, 17]"
"['KL93', '1422701550', 'Issued', 'on', '15-12-2023', 'Expires', 'on', '13-02-2010']","[5, 5, 18, 6, 6, 18, 7, 7]"
"['Blood', 'Group', 'AB+', 'Organ', 'Donor', 'YES']","[13, 13, 13, 14, 14, 14]"
"['KL34', '7598297060', 'Issued', 'on', '02-04-2018', 'Expires', 'on', '07-09-2011']","[5, 5, 18, 6, 6, 18, 7, 7]"
"['KL33', '6491309593', 'Issued', 'on', '04-08-2025', 'Expires', 'on', '29-06-2022']","[5, 5, 18, 6, 6, 18, 7, 7]"
"['KL19', '3363629219', 'Issued', 'on', '04-11-2009', 'Expires', 'on', '29-07-2007']","[5, 5, 18, 6, 6, 18, 7, 7]"
"['KL79', '4590711152', 'Issued', 'on', '07-08-2014', 'Expires', 'on', '26-04-2019']","[5, 5, 18, 6, 6, 18, 7, 7]"
"['Richard', 'Adams', 'DOB', '14-04-2005']","[0, 0, 3, 3]"
"['Edwin', 'Matthews', 'DOB', '27-08-2027']","[0, 0, 3, 3]"
"['Emergency', 'Contact', '527.887.5588x6753']","[17, 17, 17]"
"['KL72', '3067418686', 'Issued', 'on', '22-02-2013', 'Expires', 'on', '05-03-2019']","[5, 5, 18, 6, 6, 18, 7, 7]"
"['Emergency', 'Contact', '7573662702']","[17, 17, 17]"
"['Jessica', 'Fox', 'DOB', '29-09-2020']","[0, 0, 3, 3]"
"['KL10', '9526836552', 'Issued', 'on', '20-09-2005', 'Expires', 'on', '12-10-2029']","[5, 5, 18, 6, 6, 18, 7, 7]"
"['KL68', '6520103410', 'Issued', 'on', '07-02-2010', 'Expires', 'on', '24-02-2019']","[5, 5, 18, 6, 6, 18, 7, 7]"
"['Permanent', 'Address', '74596', 'Melissa', 'Walk', 'Finleyfort,', 'VI', '71413', 'Present', 'Address', '43161', 'Scott', 'Square', 'Rebeccaton,', 'MD', '07856']","[1, 1, 1, 1, 1, 1, 1, 1, 2, 2, 2, 2, 2, 2, 2, 2]"
"['Permanent', 'Address', '2386', 'George', 'Common', 'Suite', '937', 'East', 'Steven,', 'KS', '60737', 'Present', 'Address', '4821', 'Landry', 'Radial', 'Daniellechester,', 'UT', '33281']","[1, 1, 1, 1, 1, 1, 1, 1, 1, 1, 1, 2, 2, 2, 2, 2, 2, 2, 2]"
"['Emergency', 'Contact', '643.267.1369x594']","[17, 17, 17]"
"['Permanent', 'Address', 'Unit', '6409', 'Box', '0974', 'DPO', 'AE', '80070', 'Present', 'Address', '394', 'Courtney', 'Road', 'West', 'Kristinaton,', 'OR', '48324']","[1, 1, 1, 1, 1, 1, 1, 1, 1, 2, 2, 2, 2, 2, 2, 2, 2, 2]"
"['Blood', 'Group', 'B-', 'Organ', 'Donor', 'NO']","[13, 13, 13, 14, 14, 14]"
"['KL17', '3328710672', 'Issued', 'on', '12-02-2030', 'Expires', 'on', '02-09-2009']","[5, 5, 18, 6, 6, 18, 7, 7]"
"['Permanent', 'Address', '6232', 'Schmidt', 'Groves', 'Apt.', '474', 'Lindamouth,', 'CA', '18950', 'Present', 'Address', '685', 'Krystal', 'Bridge', 'Amandamouth,', 'MN', '88689']","[1, 1, 1, 1, 1, 1, 1, 1, 1, 1, 2, 2, 2, 2, 2, 2, 2, 2]"
"['KL84', '3281169403', 'Issued', 'on', '28-01-2028', 'Expires', 'on', '13-02-2014']","[5, 5, 18, 6, 6, 18, 7, 7]"
"['KL75', '1798112150', 'Issued', 'on', '01-02-2025', 'Expires', 'on', '01-03-2018']","[5, 5, 18, 6, 6, 18, 7, 7]"
"['Permanent', 'Address', '37098', 'Herman', 'Forges', 'Apt.', '746', 'East', 'Brandonton,', 'ME', '65070', 'Present', 'Address', '267', 'Santiago', 'Summit', 'Matthewsberg,', 'FM', '54880']","[1, 1, 1, 1, 1, 1, 1, 1, 1, 1, 1, 2, 2, 2, 2, 2, 2, 2, 2]"
"['Permanent', 'Address', '640', 'Robinson', 'Mills', 'Apt.', '515', 'Bruceview,', 'ID', '16512', 'Present', 'Address', 'USCGC', 'Davis', 'FPO', 'AE', '84610']","[1, 1, 1, 1, 1, 1, 1, 1, 1, 1, 2, 2, 2, 2, 2, 2, 2]"
"['KL25', '3446737272', 'Issued', 'on', '16-12-2026', 'Expires', 'on', '08-07-2025']","[5, 5, 18, 6, 6, 18, 7, 7]"
"['Permanent', 'Address', 'Unit', '0532', 'Box', '9318', 'DPO', 'AE', '77359', 'Present', 'Address', '2904', 'Vanessa', 'Plains', 'Laurenville,', 'TN', '03880']","[1, 1, 1, 1, 1, 1, 1, 1, 1, 2, 2, 2, 2, 2, 2, 2, 2]"
"['KL20', '7540301973', 'Issued', 'on', '06-09-2009', 'Expires', 'on', '14-09-2005']","[5, 5, 18, 6, 6, 18, 7, 7]"
"['Richard', 'Chapman', 'DOB', '26-09-2005']","[0, 0, 3, 3]"
"['KL50', '6320115677', 'Issued', 'on', '16-02-2011', 'Expires', 'on', '24-03-2014']","[5, 5, 18, 6, 6, 18, 7, 7]"
"['Blood', 'Group', 'AB+', 'Organ', 'Donor', 'NO']","[13, 13, 13, 14, 14, 14]"
"['KL19', '5334976883', 'Issued', 'on', '25-12-2006', 'Expires', 'on', '06-07-2009']","[5, 5, 18, 6, 6, 18, 7, 7]"
"['Permanent', 'Address', '177', 'Palmer', 'Coves', 'Gordonton,', 'VA', '86864', 'Present', 'Address', '007', 'Simmons', 'Coves', 'Suite', '711', 'Charleneland,', 'DC', '36547']","[1, 1, 1, 1, 1, 1, 1, 1, 2, 2, 2, 2, 2, 2, 2, 2, 2, 2]"
"['Permanent', 'Address', '9847', 'Garcia', 'Squares', 'Apt.', '836', 'Beasleychester,', 'MA', '59942', 'Present', 'Address', '6545', 'Gloria', 'Mountains', 'North', 'Marieland,', 'NE', '13157']","[1, 1, 1, 1, 1, 1, 1, 1, 1, 1, 2, 2, 2, 2, 2, 2, 2, 2, 2]"
"['KL78', '2139027119', 'Issued', 'on', '17-11-2017', 'Expires', 'on', '17-08-2009']","[5, 5, 18, 6, 6, 18, 7, 7]"
"['Laurie', 'Hoffman', 'DOB', '31-05-2016']","[0, 0, 3, 3]"
"['Emergency', 'Contact', '+1-416-956-0494x51983']","[17, 17, 17]"
"['Emergency', 'Contact', '815.285.1493']","[17, 17, 17]"
"['Blood', 'Group', 'B-', 'Organ', 'Donor', 'NO']","[13, 13, 13, 14, 14, 14]"
"['Emergency', 'Contact', '+1-840-324-4550x229']","[17, 17, 17]"
"['Permanent', 'Address', '83667', 'Moore', 'Inlet', 'Kimberlyshire,', 'PA', '11636', 'Present', 'Address', '90147', 'Tucker', 'Mills', 'Nelsonhaven,', 'DE', '45743']","[1, 1, 1, 1, 1, 1, 1, 1, 2, 2, 2, 2, 2, 2, 2, 2]"
"['Permanent', 'Address', '978', 'Williams', 'Locks', 'Apt.', '034', 'Port', 'Derrick,', 'KS', '38439', 'Present', 'Address', '6226', 'Vincent', 'Village', 'Charleston,', 'NE', '02957']","[1, 1, 1, 1, 1, 1, 1, 1, 1, 1, 1, 2, 2, 2, 2, 2, 2, 2, 2]"
"['Blake', 'Edwards', 'DOB', '21-10-2019']","[0, 0, 3, 3]"
"['Permanent', 'Address', '1605', 'Laurie', 'River', 'Suite', '516', 'East', 'Ryanfurt,', 'NC', '10809', 'Present', 'Address', '535', 'Charles', 'Roads', 'Apt.', '883', 'Michaelberg,', 'IA', '13975']","[1, 1, 1, 1, 1, 1, 1, 1, 1, 1, 1, 2, 2, 2, 2, 2, 2, 2, 2, 2, 2]"
"['KL80', '3849232839', 'Issued', 'on', '07-03-2010', 'Expires', 'on', '28-11-2013']","[5, 5, 18, 6, 6, 18, 7, 7]"
"['Lance', 'Wolf', 'DOB', '03-07-2027']","[0, 0, 3, 3]"
"['KL24', '4821286999', 'Issued', 'on', '06-10-2007', 'Expires', 'on', '24-03-2011']","[5, 5, 18, 6, 6, 18, 7, 7]"
"['Permanent', 'Address', 'USCGC', 'Marshall', 'FPO', 'AP', '76453', 'Present', 'Address', '527', 'Taylor', 'Roads', 'Suite', '490', 'Williamport,', 'NH', '59734']","[1, 1, 1, 1, 1, 1, 1, 2, 2, 2, 2, 2, 2, 2, 2, 2, 2]"
"['KL46', '3597724331', 'Issued', 'on', '24-06-2006', 'Expires', 'on', '19-02-2007']","[5, 5, 18, 6, 6, 18, 7, 7]"
"['Permanent', 'Address', '19986', 'Carpenter', 'Turnpike', 'Apt.', '793', 'Cassidyhaven,', 'FL', '08610', 'Present', 'Address', '182', 'John', 'Mill', 'Suite', '889', 'West', 'Nathan,', 'LA', '51280']","[1, 1, 1, 1, 1, 1, 1, 1, 1, 1, 2, 2, 2, 2, 2, 2, 2, 2, 2, 2, 2]"
"['KL91', '8958199946', 'Issued', 'on', '09-02-2019', 'Expires', 'on', '17-09-2016']","[5, 5, 18, 6, 6, 18, 7, 7]"
"['Blood', 'Group', 'AB+', 'Organ', 'Donor', 'YES']","[13, 13, 13, 14, 14, 14]"
"['KL64', '8856990236', 'Issued', 'on', '19-04-2028', 'Expires', 'on', '17-07-2025']","[5, 5, 18, 6, 6, 18, 7, 7]"
"['KL52', '4311931853', 'Issued', 'on', '24-12-2006', 'Expires', 'on', '31-08-2026']","[5, 5, 18, 6, 6, 18, 7, 7]"
"['Permanent', 'Address', '1864', 'Cummings', 'Shoals', 'West', 'Christopher,', 'TN', '19038', 'Present', 'Address', 'PSC', '4629,', 'Box', '1486', 'APO', 'AP', '43555']","[1, 1, 1, 1, 1, 1, 1, 1, 1, 2, 2, 2, 2, 2, 2, 2, 2, 2]"
"['KL66', '1041531046', 'Issued', 'on', '19-07-2009', 'Expires', 'on', '31-12-2027']","[5, 5, 18, 6, 6, 18, 7, 7]"
"['KL98', '4882343658', 'Issued', 'on', '10-02-2029', 'Expires', 'on', '09-07-2028']","[5, 5, 18, 6, 6, 18, 7, 7]"
"['Blood', 'Group', 'AB+', 'Organ', 'Donor', 'YES']","[13, 13, 13, 14, 14, 14]"
"['Blood', 'Group', 'A+', 'Organ', 'Donor', 'NO']","[13, 13, 13, 14, 14, 14]"
"['Blood', 'Group', 'A+', 'Organ', 'Donor', 'NO']","[13, 13, 13, 14, 14, 14]"
"['KL41', '3864457210', 'Issued', 'on', '09-02-2023', 'Expires', 'on', '18-05-2008']","[5, 5, 18, 6, 6, 18, 7, 7]"
"['Blood', 'Group', 'O-', 'Organ', 'Donor', 'YES']","[13, 13, 13, 14, 14, 14]"
"['Jessica', 'Cox', 'DOB', '15-07-2017']","[0, 0, 3, 3]"
"['KL30', '4482238042', 'Issued', 'on', '16-09-2015', 'Expires', 'on', '02-05-2011']","[5, 5, 18, 6, 6, 18, 7, 7]"
"['Emergency', 'Contact', '357.233.2214']","[17, 17, 17]"
"['KL52', '6360837474', 'Issued', 'on', '21-09-2027', 'Expires', 'on', '28-08-2016']","[5, 5, 18, 6, 6, 18, 7, 7]"
"['KL99', '5759234471', 'Issued', 'on', '24-03-2026', 'Expires', 'on', '28-08-2009']","[5, 5, 18, 6, 6, 18, 7, 7]"
"['Emergency', 'Contact', '+1-962-622-9270x653']","[17, 17, 17]"
"['Emergency', 'Contact', '001-873-483-4735x97746']","[17, 17, 17]"
"['KL68', '6796738787', 'Issued', 'on', '29-12-2011', 'Expires', 'on', '09-10-2025']","[5, 5, 18, 6, 6, 18, 7, 7]"
"['Emergency', 'Contact', '(640)375-8181']","[17, 17, 17]"
"['Emergency', 'Contact', '001-824-778-2613x75060']","[17, 17, 17]"
"['KL94', '6124453431', 'Issued', 'on', '22-03-2013', 'Expires', 'on', '04-05-2018']","[5, 5, 18, 6, 6, 18, 7, 7]"
"['KL18', '6493800024', 'Issued', 'on', '23-12-2007', 'Expires', 'on', '15-12-2017']","[5, 5, 18, 6, 6, 18, 7, 7]"
"['Permanent', 'Address', '52204', 'Horton', 'Dam', 'Suite', '790', 'North', 'Jonathanberg,', 'OH', '95821', 'Present', 'Address', '43410', 'Robert', 'Underpass', 'Suite', '117', 'Lake', 'Zacharybury,', 'VT', '19319']","[1, 1, 1, 1, 1, 1, 1, 1, 1, 1, 1, 2, 2, 2, 2, 2, 2, 2, 2, 2, 2, 2]"
"['Blood', 'Group', 'AB+', 'Organ', 'Donor', 'YES']","[13, 13, 13, 14, 14, 14]"
"['KL43', '2140169349', 'Issued', 'on', '09-02-2015', 'Expires', 'on', '21-10-2019']","[5, 5, 18, 6, 6, 18, 7, 7]"
"['KL65', '8672650595', 'Issued', 'on', '02-04-2005', 'Expires', 'on', '12-02-2026']","[5, 5, 18, 6, 6, 18, 7, 7]"
"['Blood', 'Group', 'A+', 'Organ', 'Donor', 'NO']","[13, 13, 13, 14, 14, 14]"
"['Emergency', 'Contact', '(239)862-1851x888']","[17, 17, 17]"
"['KL15', '8339176912', 'Issued', 'on', '12-03-2021', 'Expires', 'on', '06-09-2006']","[5, 5, 18, 6, 6, 18, 7, 7]"
"['KL78', '6141226746', 'Issued', 'on', '29-10-2026', 'Expires', 'on', '12-05-2018']","[5, 5, 18, 6, 6, 18, 7, 7]"
"['Blood', 'Group', 'AB+', 'Organ', 'Donor', 'NO']","[13, 13, 13, 14, 14, 14]"
"['Permanent', 'Address', 'Unit', '4051', 'Box', '5319', 'DPO', 'AP', '99680', 'Present', 'Address', '8527', 'Welch', 'Valleys', 'North', 'Jennifer,', 'NH', '05348']","[1, 1, 1, 1, 1, 1, 1, 1, 1, 2, 2, 2, 2, 2, 2, 2, 2, 2]"
"['KL48', '7473041886', 'Issued', 'on', '08-03-2015', 'Expires', 'on', '22-01-2012']","[5, 5, 18, 6, 6, 18, 7, 7]"
"['Permanent', 'Address', '54868', 'King', 'Terrace', 'West', 'Michael,', 'WI', '06766', 'Present', 'Address', '1566', 'Kline', 'Lights', 'Suite', '277', 'Sandrahaven,', 'KY', '11329']","[1, 1, 1, 1, 1, 1, 1, 1, 1, 2, 2, 2, 2, 2, 2, 2, 2, 2, 2]"
"['KL99', '1546696950', 'Issued', 'on', '08-12-2029', 'Expires', 'on', '23-08-2019']","[5, 5, 18, 6, 6, 18, 7, 7]"
"['Blood', 'Group', 'O-', 'Organ', 'Donor', 'YES']","[13, 13, 13, 14, 14, 14]"
"['Permanent', 'Address', '451', 'Mark', 'Hill', 'Seanchester,', 'GA', '90909', 'Present', 'Address', '59640', 'Emily', 'Lodge', 'Suite', '820', 'Port', 'Cathy,', 'WY', '57933']","[1, 1, 1, 1, 1, 1, 1, 1, 2, 2, 2, 2, 2, 2, 2, 2, 2, 2, 2]"
"['KL80', '4580822352', 'Issued', 'on', '20-05-2006', 'Expires', 'on', '29-06-2009']","[5, 5, 18, 6, 6, 18, 7, 7]"
"['KL36', '8106906538', 'Issued', 'on', '27-06-2007', 'Expires', 'on', '24-03-2013']","[5, 5, 18, 6, 6, 18, 7, 7]"
"['Blood', 'Group', 'O-', 'Organ', 'Donor', 'YES']","[13, 13, 13, 14, 14, 14]"
"['Blood', 'Group', 'B-', 'Organ', 'Donor', 'YES']","[13, 13, 13, 14, 14, 14]"
"['KL94', '2439622619', 'Issued', 'on', '24-02-2027', 'Expires', 'on', '30-08-2017']","[5, 5, 18, 6, 6, 18, 7, 7]"
"['Emergency', 'Contact', '(469)709-2755x719']","[17, 17, 17]"
"['Emergency', 'Contact', '(654)931-0278x6814']","[17, 17, 17]"
"['Permanent', 'Address', '731', 'Melissa', 'Mission', 'Apt.', '715', 'Jennaside,', 'ND', '38559', 'Present', 'Address', '258', 'David', 'Flats', 'East', 'Kristy,', 'AK', '47804']","[1, 1, 1, 1, 1, 1, 1, 1, 1, 1, 2, 2, 2, 2, 2, 2, 2, 2, 2]"
"['KL35', '1632880459', 'Issued', 'on', '19-01-2024', 'Expires', 'on', '02-09-2024']","[5, 5, 18, 6, 6, 18, 7, 7]"
"['KL70', '4300636585', 'Issued', 'on', '01-10-2017', 'Expires', 'on', '06-02-2021']","[5, 5, 18, 6, 6, 18, 7, 7]"
"['Blood', 'Group', 'B-', 'Organ', 'Donor', 'NO']","[13, 13, 13, 14, 14, 14]"
"['Blood', 'Group', 'B-', 'Organ', 'Donor', 'YES']","[13, 13, 13, 14, 14, 14]"
"['Permanent', 'Address', '114', 'Key', 'Stravenue', 'Foxchester,', 'GU', '75854', 'Present', 'Address', '177', 'Anderson', 'Village', 'Apt.', '268', 'Port', 'Davidberg,', 'ME', '22082']","[1, 1, 1, 1, 1, 1, 1, 1, 2, 2, 2, 2, 2, 2, 2, 2, 2, 2, 2]"
"['KL23', '8638257497', 'Issued', 'on', '16-09-2010', 'Expires', 'on', '05-03-2016']","[5, 5, 18, 6, 6, 18, 7, 7]"
"['KL99', '7519578899', 'Issued', 'on', '02-05-2029', 'Expires', 'on', '14-11-2012']","[5, 5, 18, 6, 6, 18, 7, 7]"
"['KL41', '5816198518', 'Issued', 'on', '21-12-2016', 'Expires', 'on', '08-11-2022']","[5, 5, 18, 6, 6, 18, 7, 7]"
"['KL69', '7852415525', 'Issued', 'on', '12-11-2014', 'Expires', 'on', '19-11-2007']","[5, 5, 18, 6, 6, 18, 7, 7]"
"['Mark', 'Pierce', 'DOB', '16-06-2009']","[0, 0, 3, 3]"
"['Emergency', 'Contact', '+1-749-281-8299x2299']","[17, 17, 17]"
"['Permanent', 'Address', '09439', 'Montgomery', 'Burgs', 'Smallside,', 'LA', '84637', 'Present', 'Address', 'USCGC', 'Sanchez', 'FPO', 'AP', '53728']","[1, 1, 1, 1, 1, 1, 1, 1, 2, 2, 2, 2, 2, 2, 2]"
"['Permanent', 'Address', '027', 'Washington', 'Ford', 'Catherinemouth,', 'VI', '94658', 'Present', 'Address', '2588', 'Luis', 'Mountain', 'Apt.', '473', 'North', 'Brent,', 'MS', '81159']","[1, 1, 1, 1, 1, 1, 1, 1, 2, 2, 2, 2, 2, 2, 2, 2, 2, 2, 2]"
"['Blood', 'Group', 'O-', 'Organ', 'Donor', 'YES']","[13, 13, 13, 14, 14, 14]"
"['Permanent', 'Address', '9532', 'Ferrell', 'Mountain', 'Kochfort,', 'AK', '12303', 'Present', 'Address', 'USCGC', 'Levy', 'FPO', 'AE', '76961']","[1, 1, 1, 1, 1, 1, 1, 1, 2, 2, 2, 2, 2, 2, 2]"
"['Blood', 'Group', 'AB+', 'Organ', 'Donor', 'YES']","[13, 13, 13, 14, 14, 14]"
"['Emergency', 'Contact', '(400)647-9748x016']","[17, 17, 17]"
"['KL76', '6322520473', 'Issued', 'on', '14-12-2029', 'Expires', 'on', '23-08-2017']","[5, 5, 18, 6, 6, 18, 7, 7]"
"['Blood', 'Group', 'AB+', 'Organ', 'Donor', 'YES']","[13, 13, 13, 14, 14, 14]"
"['KL50', '1346078411', 'Issued', 'on', '02-12-2018', 'Expires', 'on', '25-08-2017']","[5, 5, 18, 6, 6, 18, 7, 7]"
"['KL59', '3980491761', 'Issued', 'on', '27-09-2006', 'Expires', 'on', '30-10-2018']","[5, 5, 18, 6, 6, 18, 7, 7]"
"['Permanent', 'Address', '8416', 'Duran', 'Harbors', 'East', 'Theresafurt,', 'MN', '44945', 'Present', 'Address', '39868', 'Brandon', 'Dam', 'Suite', '787', 'New', 'Patricia,', 'DC', '43488']","[1, 1, 1, 1, 1, 1, 1, 1, 1, 2, 2, 2, 2, 2, 2, 2, 2, 2, 2, 2]"
"['KL62', '7296096954', 'Issued', 'on', '21-01-2026', 'Expires', 'on', '14-01-2016']","[5, 5, 18, 6, 6, 18, 7, 7]"
"['KL63', '7767538527', 'Issued', 'on', '23-09-2010', 'Expires', 'on', '27-07-2018']","[5, 5, 18, 6, 6, 18, 7, 7]"
"['Blood', 'Group', 'AB+', 'Organ', 'Donor', 'NO']","[13, 13, 13, 14, 14, 14]"
"['Emergency', 'Contact', '+1-749-758-8879x470']","[17, 17, 17]"
"['Emergency', 'Contact', '+1-916-494-0974x99309']","[17, 17, 17]"
"['Michelle', 'Hampton', 'DOB', '18-02-2018']","[0, 0, 3, 3]"
"['Blood', 'Group', 'B-', 'Organ', 'Donor', 'NO']","[13, 13, 13, 14, 14, 14]"
"['KL65', '3085816511', 'Issued', 'on', '24-03-2010', 'Expires', 'on', '11-05-2028']","[5, 5, 18, 6, 6, 18, 7, 7]"
"['Blood', 'Group', 'O-', 'Organ', 'Donor', 'YES']","[13, 13, 13, 14, 14, 14]"
"['Emergency', 'Contact', '409.813.0756']","[17, 17, 17]"
"['Jennifer', 'Hampton', 'DOB', '30-03-2021']","[0, 0, 3, 3]"
"['Nancy', 'Brown', 'DOB', '24-11-2009']","[0, 0, 3, 3]"
"['Blood', 'Group', 'O-', 'Organ', 'Donor', 'YES']","[13, 13, 13, 14, 14, 14]"
"['KL64', '2982979741', 'Issued', 'on', '05-11-2022', 'Expires', 'on', '02-04-2012']","[5, 5, 18, 6, 6, 18, 7, 7]"
"['KL58', '2405969000', 'Issued', 'on', '13-04-2024', 'Expires', 'on', '04-04-2016']","[5, 5, 18, 6, 6, 18, 7, 7]"
"['Blood', 'Group', 'AB+', 'Organ', 'Donor', 'NO']","[13, 13, 13, 14, 14, 14]"
"['KL63', '5646751885', 'Issued', 'on', '24-09-2027', 'Expires', 'on', '22-06-2021']","[5, 5, 18, 6, 6, 18, 7, 7]"
"['KL79', '9383431259', 'Issued', 'on', '29-01-2023', 'Expires', 'on', '08-01-2018']","[5, 5, 18, 6, 6, 18, 7, 7]"
"['KL18', '3799264931', 'Issued', 'on', '16-11-2015', 'Expires', 'on', '03-02-2011']","[5, 5, 18, 6, 6, 18, 7, 7]"
"['Emergency', 'Contact', '685.585.4973x348']","[17, 17, 17]"
"['Vickie', 'Wise', 'DOB', '08-03-2029']","[0, 0, 3, 3]"
"['KL12', '3668616333', 'Issued', 'on', '01-04-2012', 'Expires', 'on', '07-09-2028']","[5, 5, 18, 6, 6, 18, 7, 7]"
"['KL70', '3875303857', 'Issued', 'on', '09-03-2029', 'Expires', 'on', '02-11-2021']","[5, 5, 18, 6, 6, 18, 7, 7]"
"['Permanent', 'Address', '441', 'Huang', 'Locks', 'Suite', '240', 'Stephanieland,', 'MI', '58484', 'Present', 'Address', '38484', 'Daniel', 'Streets', 'Apt.', '308', 'Lake', 'Jesse,', 'CT', '54673']","[1, 1, 1, 1, 1, 1, 1, 1, 1, 1, 2, 2, 2, 2, 2, 2, 2, 2, 2, 2, 2]"
"['KL99', '2584392711', 'Issued', 'on', '08-06-2016', 'Expires', 'on', '10-08-2029']","[5, 5, 18, 6, 6, 18, 7, 7]"
"['Permanent', 'Address', '82677', 'Katelyn', 'Heights', 'Justinton,', 'PW', '12226', 'Present', 'Address', '026', 'Sarah', 'Camp', 'Frenchburgh,', 'WA', '38442']","[1, 1, 1, 1, 1, 1, 1, 1, 2, 2, 2, 2, 2, 2, 2, 2]"
"['Alexandra', 'Bradley', 'DOB', '06-11-2008']","[0, 0, 3, 3]"
"['Permanent', 'Address', 'PSC', '5478,', 'Box', '8728', 'APO', 'AA', '36262', 'Present', 'Address', '2742', 'Jill', 'Turnpike', 'Ashleyborough,', 'HI', '80580']","[1, 1, 1, 1, 1, 1, 1, 1, 1, 2, 2, 2, 2, 2, 2, 2, 2]"
"['Emergency', 'Contact', '+1-266-685-1612x2753']","[17, 17, 17]"
"['KL49', '9410288290', 'Issued', 'on', '01-04-2018', 'Expires', 'on', '18-03-2013']","[5, 5, 18, 6, 6, 18, 7, 7]"
"['Blood', 'Group', 'B-', 'Organ', 'Donor', 'YES']","[13, 13, 13, 14, 14, 14]"
"['Permanent', 'Address', '4990', 'Valdez', 'Square', 'Apt.', '017', 'Erikhaven,', 'MH', '92717', 'Present', 'Address', '459', 'Jeffrey', 'Dale', 'Hernandezstad,', 'MT', '92505']","[1, 1, 1, 1, 1, 1, 1, 1, 1, 1, 2, 2, 2, 2, 2, 2, 2, 2]"
"['Emergency', 'Contact', '+1-778-333-9187']","[17, 17, 17]"
"['KL99', '8612747444', 'Issued', 'on', '24-05-2024', 'Expires', 'on', '06-01-2009']","[5, 5, 18, 6, 6, 18, 7, 7]"
"['Emergency', 'Contact', '9883398225']","[17, 17, 17]"
"['Permanent', 'Address', '87072', 'Bryant', 'Centers', 'Suite', '406', 'Lisaborough,', 'OR', '10073', 'Present', 'Address', '180', 'Valerie', 'Mountains', 'Apt.', '462', 'Port', 'Darlene,', 'VA', '85157']","[1, 1, 1, 1, 1, 1, 1, 1, 1, 1, 2, 2, 2, 2, 2, 2, 2, 2, 2, 2, 2]"
"['KL82', '4361393222', 'Issued', 'on', '03-07-2019', 'Expires', 'on', '09-12-2017']","[5, 5, 18, 6, 6, 18, 7, 7]"
"['KL64', '8136179811', 'Issued', 'on', '19-03-2018', 'Expires', 'on', '17-06-2020']","[5, 5, 18, 6, 6, 18, 7, 7]"
"['KL92', '2465576748', 'Issued', 'on', '16-01-2018', 'Expires', 'on', '24-12-2017']","[5, 5, 18, 6, 6, 18, 7, 7]"
"['Emergency', 'Contact', '482-551-2868']","[17, 17, 17]"
"['Emergency', 'Contact', '5049786863']","[17, 17, 17]"
"['KL56', '8854238082', 'Issued', 'on', '22-12-2016', 'Expires', 'on', '23-06-2010']","[5, 5, 18, 6, 6, 18, 7, 7]"
"['Permanent', 'Address', '69033', 'Craig', 'Bypass', 'Harperton,', 'IA', '97565', 'Present', 'Address', '83028', 'Young', 'Street', 'Suite', '995', 'West', 'Nancy,', 'TN', '68822']","[1, 1, 1, 1, 1, 1, 1, 1, 2, 2, 2, 2, 2, 2, 2, 2, 2, 2, 2]"
"['Blood', 'Group', 'AB+', 'Organ', 'Donor', 'NO']","[13, 13, 13, 14, 14, 14]"
"['Blood', 'Group', 'AB+', 'Organ', 'Donor', 'NO']","[13, 13, 13, 14, 14, 14]"
"['Emergency', 'Contact', '964.240.8926']","[17, 17, 17]"
"['Emergency', 'Contact', '(568)556-6246x287']","[17, 17, 17]"
"['KL67', '6922713963', 'Issued', 'on', '07-06-2015', 'Expires', 'on', '10-04-2029']","[5, 5, 18, 6, 6, 18, 7, 7]"
"['KL51', '6075963527', 'Issued', 'on', '09-02-2010', 'Expires', 'on', '14-12-2020']","[5, 5, 18, 6, 6, 18, 7, 7]"
"['KL43', '6756711494', 'Issued', 'on', '28-02-2007', 'Expires', 'on', '02-05-2024']","[5, 5, 18, 6, 6, 18, 7, 7]"
"['Emergency', 'Contact', '(568)282-6343x51751']","[17, 17, 17]"
"['Permanent', 'Address', '39837', 'Molly', 'Isle', 'Susantown,', 'IL', '25407', 'Present', 'Address', 'USS', 'Burgess', 'FPO', 'AA', '32298']","[1, 1, 1, 1, 1, 1, 1, 1, 2, 2, 2, 2, 2, 2, 2]"
"['KL11', '1820581106', 'Issued', 'on', '12-11-2028', 'Expires', 'on', '06-10-2025']","[5, 5, 18, 6, 6, 18, 7, 7]"
"['KL62', '4256292393', 'Issued', 'on', '22-02-2029', 'Expires', 'on', '27-02-2012']","[5, 5, 18, 6, 6, 18, 7, 7]"
"['Permanent', 'Address', '546', 'Ferguson', 'Knolls', 'Josehaven,', 'FM', '65680', 'Present', 'Address', '3556', 'Anna', 'Forges', 'Apt.', '048', 'Phillipsborough,', 'MA', '30650']","[1, 1, 1, 1, 1, 1, 1, 1, 2, 2, 2, 2, 2, 2, 2, 2, 2, 2]"
"['Permanent', 'Address', '8547', 'Murray', 'Street', 'Garyside,', 'NM', '24624', 'Present', 'Address', 'PSC', '8080,', 'Box', '1006', 'APO', 'AE', '83168']","[1, 1, 1, 1, 1, 1, 1, 1, 2, 2, 2, 2, 2, 2, 2, 2, 2]"
"['Blood', 'Group', 'A+', 'Organ', 'Donor', 'YES']","[13, 13, 13, 14, 14, 14]"
"['KL61', '3971203213', 'Issued', 'on', '27-01-2013', 'Expires', 'on', '06-07-2007']","[5, 5, 18, 6, 6, 18, 7, 7]"
"['KL84', '6879898071', 'Issued', 'on', '05-04-2029', 'Expires', 'on', '03-05-2010']","[5, 5, 18, 6, 6, 18, 7, 7]"
"['Permanent', 'Address', '0997', 'Smith', 'Place', 'Suite', '008', 'Amandaport,', 'AK', '66327', 'Present', 'Address', '11823', 'Christine', 'Glen', 'Suite', '461', 'Susanmouth,', 'OK', '32378']","[1, 1, 1, 1, 1, 1, 1, 1, 1, 1, 2, 2, 2, 2, 2, 2, 2, 2, 2, 2]"
"['KL80', '6715705115', 'Issued', 'on', '02-12-2028', 'Expires', 'on', '18-11-2012']","[5, 5, 18, 6, 6, 18, 7, 7]"
"['Permanent', 'Address', '016', 'Bennett', 'Mountains', 'Lake', 'Albertburgh,', 'CO', '66018', 'Present', 'Address', '180', 'Jason', 'Ways', 'Suite', '401', 'Rachelshire,', 'TN', '04813']","[1, 1, 1, 1, 1, 1, 1, 1, 1, 2, 2, 2, 2, 2, 2, 2, 2, 2, 2]"
"['KL42', '1990153355', 'Issued', 'on', '20-04-2011', 'Expires', 'on', '25-11-2015']","[5, 5, 18, 6, 6, 18, 7, 7]"
"['Permanent', 'Address', '261', 'Martin', 'Garden', 'Rhodesside,', 'MA', '50812', 'Present', 'Address', '185', 'Connor', 'Fort', 'West', 'Cassiefurt,', 'WI', '43279']","[1, 1, 1, 1, 1, 1, 1, 1, 2, 2, 2, 2, 2, 2, 2, 2, 2]"
"['KL78', '3964229896', 'Issued', 'on', '17-03-2006', 'Expires', 'on', '10-10-2026']","[5, 5, 18, 6, 6, 18, 7, 7]"
"['KL71', '7858164010', 'Issued', 'on', '01-07-2014', 'Expires', 'on', '12-07-2020']","[5, 5, 18, 6, 6, 18, 7, 7]"
"['Henry', 'Pugh', 'MD', 'DOB', '28-04-2028']","[0, 0, 3, 3]"
"['Emergency', 'Contact', '001-461-894-3114']","[17, 17, 17]"
"['KL56', '6065662867', 'Issued', 'on', '31-05-2029', 'Expires', 'on', '07-10-2026']","[5, 5, 18, 6, 6, 18, 7, 7]"
"['KL78', '5838636972', 'Issued', 'on', '13-06-2010', 'Expires', 'on', '16-06-2018']","[5, 5, 18, 6, 6, 18, 7, 7]"
"['KL16', '7671625956', 'Issued', 'on', '22-12-2015', 'Expires', 'on', '21-06-2017']","[5, 5, 18, 6, 6, 18, 7, 7]"
"['Permanent', 'Address', '7541', 'Christopher', 'Meadows', 'Hawkinshaven,', 'MT', '14039', 'Present', 'Address', '199', 'Shields', 'Bridge', 'Suite', '661', 'New', 'Adriana,', 'TX', '50404']","[1, 1, 1, 1, 1, 1, 1, 1, 2, 2, 2, 2, 2, 2, 2, 2, 2, 2, 2]"
"['KL72', '9642614082', 'Issued', 'on', '19-12-2010', 'Expires', 'on', '03-12-2009']","[5, 5, 18, 6, 6, 18, 7, 7]"
"['KL71', '7186766399', 'Issued', 'on', '08-05-2014', 'Expires', 'on', '12-06-2015']","[5, 5, 18, 6, 6, 18, 7, 7]"
"['KL16', '8996039244', 'Issued', 'on', '01-05-2014', 'Expires', 'on', '23-12-2021']","[5, 5, 18, 6, 6, 18, 7, 7]"
"['KL18', '7015992643', 'Issued', 'on', '01-03-2010', 'Expires', 'on', '09-05-2007']","[5, 5, 18, 6, 6, 18, 7, 7]"
"['KL90', '3948284698', 'Issued', 'on', '20-11-2010', 'Expires', 'on', '27-12-2019']","[5, 5, 18, 6, 6, 18, 7, 7]"
"['KL82', '9371430906', 'Issued', 'on', '03-08-2014', 'Expires', 'on', '12-07-2019']","[5, 5, 18, 6, 6, 18, 7, 7]"
"['KL41', '8578226896', 'Issued', 'on', '26-05-2015', 'Expires', 'on', '03-09-2021']","[5, 5, 18, 6, 6, 18, 7, 7]"
"['Permanent', 'Address', '3799', 'Stephen', 'Dale', 'Suite', '065', 'Brockmouth,', 'NV', '44375', 'Present', 'Address', '5937', 'Thompson', 'Locks', 'Kellyfort,', 'OK', '32276']","[1, 1, 1, 1, 1, 1, 1, 1, 1, 1, 2, 2, 2, 2, 2, 2, 2, 2]"
"['Emergency', 'Contact', '564-965-1939x82807']","[17, 17, 17]"
"['KL76', '6928678489', 'Issued', 'on', '10-02-2015', 'Expires', 'on', '09-10-2028']","[5, 5, 18, 6, 6, 18, 7, 7]"
"['Ryan', 'Pope', 'DOB', '05-02-2028']","[0, 0, 3, 3]"
"['KL85', '9547119184', 'Issued', 'on', '10-03-2022', 'Expires', 'on', '07-12-2009']","[5, 5, 18, 6, 6, 18, 7, 7]"
"['KL89', '9848621776', 'Issued', 'on', '30-09-2026', 'Expires', 'on', '03-07-2015']","[5, 5, 18, 6, 6, 18, 7, 7]"
"['Matthew', 'Espinoza', 'DOB', '10-01-2018']","[0, 0, 3, 3]"
"['KL36', '3686566602', 'Issued', 'on', '19-09-2007', 'Expires', 'on', '23-06-2020']","[5, 5, 18, 6, 6, 18, 7, 7]"
"['KL20', '1674555072', 'Issued', 'on', '17-07-2025', 'Expires', 'on', '03-07-2021']","[5, 5, 18, 6, 6, 18, 7, 7]"
"['KL19', '1672302490', 'Issued', 'on', '03-01-2025', 'Expires', 'on', '02-11-2018']","[5, 5, 18, 6, 6, 18, 7, 7]"
"['Blood', 'Group', 'O-', 'Organ', 'Donor', 'NO']","[13, 13, 13, 14, 14, 14]"
"['KL46', '8331319481', 'Issued', 'on', '19-05-2023', 'Expires', 'on', '08-06-2022']","[5, 5, 18, 6, 6, 18, 7, 7]"
"['Permanent', 'Address', 'PSC', '6805,', 'Box', '8911', 'APO', 'AE', '86694', 'Present', 'Address', '909', 'Rasmussen', 'Isle', 'Rodriguezville,', 'KS', '29599']","[1, 1, 1, 1, 1, 1, 1, 1, 1, 2, 2, 2, 2, 2, 2, 2, 2]"
"['Blood', 'Group', 'B-', 'Organ', 'Donor', 'NO']","[13, 13, 13, 14, 14, 14]"
"['Emergency', 'Contact', '288.999.3756x79825']","[17, 17, 17]"
"['Permanent', 'Address', '12545', 'Mueller', 'Pike', 'Suite', '571', 'Bowenmouth,', 'MD', '09305', 'Present', 'Address', '51238', 'Andrea', 'Isle', 'Mullenbury,', 'AS', '53591']","[1, 1, 1, 1, 1, 1, 1, 1, 1, 1, 2, 2, 2, 2, 2, 2, 2, 2]"
"['Permanent', 'Address', '660', 'Shannon', 'Meadow', 'Smithborough,', 'IL', '36984', 'Present', 'Address', '182', 'Nguyen', 'Mount', 'West', 'Emilyfort,', 'NC', '84270']","[1, 1, 1, 1, 1, 1, 1, 1, 2, 2, 2, 2, 2, 2, 2, 2, 2]"
"['James', 'Long', 'DOB', '31-01-2009']","[0, 0, 3, 3]"
"['Blood', 'Group', 'B-', 'Organ', 'Donor', 'YES']","[13, 13, 13, 14, 14, 14]"
"['Ryan', 'Williamson', 'DOB', '13-02-2028']","[0, 0, 3, 3]"
"['Emergency', 'Contact', '001-749-491-2513x412']","[17, 17, 17]"
"['KL31', '8699281063', 'Issued', 'on', '31-07-2022', 'Expires', 'on', '01-06-2018']","[5, 5, 18, 6, 6, 18, 7, 7]"
"['Permanent', 'Address', '662', 'Reid', 'Square', 'New', 'Garrett,', 'LA', '18889', 'Present', 'Address', '050', 'Taylor', 'Via', 'Suite', '887', 'Cohenchester,', 'VT', '58677']","[1, 1, 1, 1, 1, 1, 1, 1, 1, 2, 2, 2, 2, 2, 2, 2, 2, 2, 2]"
"['Emergency', 'Contact', '921.990.3404x3842']","[17, 17, 17]"
"['Ashley', 'Wilson', 'DOB', '05-09-2023']","[0, 0, 3, 3]"
"['Blood', 'Group', 'O-', 'Organ', 'Donor', 'NO']","[13, 13, 13, 14, 14, 14]"
"['Permanent', 'Address', '078', 'Veronica', 'Cove', 'Apt.', '407', 'Michaelland,', 'NV', '15887', 'Present', 'Address', '95962', 'Kristen', 'Via', 'Port', 'Brian,', 'MI', '70268']","[1, 1, 1, 1, 1, 1, 1, 1, 1, 1, 2, 2, 2, 2, 2, 2, 2, 2, 2]"
"['Joshua', 'Morris', 'DOB', '25-02-2029']","[0, 0, 3, 3]"
"['Blood', 'Group', 'O-', 'Organ', 'Donor', 'NO']","[13, 13, 13, 14, 14, 14]"
"['KL15', '9115009532', 'Issued', 'on', '26-02-2015', 'Expires', 'on', '16-01-2015']","[5, 5, 18, 6, 6, 18, 7, 7]"
"['Permanent', 'Address', '60422', 'Dustin', 'Islands', 'Port', 'Megan,', 'MO', '64655', 'Present', 'Address', '667', 'Cynthia', 'Trafficway', 'Apt.', '684', 'Shawnfort,', 'MD', '76779']","[1, 1, 1, 1, 1, 1, 1, 1, 1, 2, 2, 2, 2, 2, 2, 2, 2, 2, 2]"
"['Permanent', 'Address', '751', 'Robinson', 'Meadow', 'South', 'Joseph,', 'MP', '37672', 'Present', 'Address', '750', 'Cory', 'Tunnel', 'Smithburgh,', 'NV', '60337']","[1, 1, 1, 1, 1, 1, 1, 1, 1, 2, 2, 2, 2, 2, 2, 2, 2]"
"['KL39', '5083595988', 'Issued', 'on', '22-03-2005', 'Expires', 'on', '03-10-2019']","[5, 5, 18, 6, 6, 18, 7, 7]"
"['Michael', 'Anderson', 'DOB', '25-04-2027']","[0, 0, 3, 3]"
"['Permanent', 'Address', '54152', 'Randy', 'Inlet', 'Apt.', '611', 'East', 'Thomasberg,', 'OR', '30148', 'Present', 'Address', '05162', 'Jones', 'Lights', 'Apt.', '115', 'Nicoleberg,', 'MS', '99218']","[1, 1, 1, 1, 1, 1, 1, 1, 1, 1, 1, 2, 2, 2, 2, 2, 2, 2, 2, 2, 2]"
"['KL15', '6047405755', 'Issued', 'on', '23-09-2009', 'Expires', 'on', '11-01-2027']","[5, 5, 18, 6, 6, 18, 7, 7]"
"['Blood', 'Group', 'O-', 'Organ', 'Donor', 'NO']","[13, 13, 13, 14, 14, 14]"
"['KL84', '8792122716', 'Issued', 'on', '28-03-2028', 'Expires', 'on', '22-01-2010']","[5, 5, 18, 6, 6, 18, 7, 7]"
"['Justin', 'Bishop', 'DOB', '13-10-2010']","[0, 0, 3, 3]"
"['Blood', 'Group', 'O-', 'Organ', 'Donor', 'NO']","[13, 13, 13, 14, 14, 14]"
"['KL23', '4683935600', 'Issued', 'on', '04-03-2020', 'Expires', 'on', '23-02-2017']","[5, 5, 18, 6, 6, 18, 7, 7]"
"['KL98', '7422990551', 'Issued', 'on', '12-10-2029', 'Expires', 'on', '12-06-2012']","[5, 5, 18, 6, 6, 18, 7, 7]"
"['Permanent', 'Address', '9731', 'Donald', 'Crossing', 'Bellchester,', 'MD', '18828', 'Present', 'Address', '89994', 'Melanie', 'Shoals', 'Jamiehaven,', 'ID', '98522']","[1, 1, 1, 1, 1, 1, 1, 1, 2, 2, 2, 2, 2, 2, 2, 2]"
"['Blood', 'Group', 'A+', 'Organ', 'Donor', 'NO']","[13, 13, 13, 14, 14, 14]"
"['KL42', '2388450337', 'Issued', 'on', '12-07-2018', 'Expires', 'on', '03-04-2015']","[5, 5, 18, 6, 6, 18, 7, 7]"
"['Rachel', 'Leon', 'DOB', '05-05-2013']","[0, 0, 3, 3]"
"['Blood', 'Group', 'A+', 'Organ', 'Donor', 'NO']","[13, 13, 13, 14, 14, 14]"
"['Blood', 'Group', 'B-', 'Organ', 'Donor', 'NO']","[13, 13, 13, 14, 14, 14]"
"['Permanent', 'Address', '79180', 'Peck', 'Curve', 'Valenciashire,', 'MT', '48396', 'Present', 'Address', '1091', 'Jose', 'Canyon', 'Port', 'Raymondport,', 'SC', '93906']","[1, 1, 1, 1, 1, 1, 1, 1, 2, 2, 2, 2, 2, 2, 2, 2, 2]"
"['Blood', 'Group', 'O-', 'Organ', 'Donor', 'YES']","[13, 13, 13, 14, 14, 14]"
"['KL80', '6532043071', 'Issued', 'on', '31-03-2022', 'Expires', 'on', '02-05-2019']","[5, 5, 18, 6, 6, 18, 7, 7]"
"['Emergency', 'Contact', '(761)888-9241x41832']","[17, 17, 17]"
"['Blood', 'Group', 'A+', 'Organ', 'Donor', 'YES']","[13, 13, 13, 14, 14, 14]"
"['Permanent', 'Address', '6303', 'Sandy', 'Crescent', 'Salazarton,', 'ME', '87805', 'Present', 'Address', '02027', 'Mills', 'Tunnel', 'Garyberg,', 'WA', '35728']","[1, 1, 1, 1, 1, 1, 1, 1, 2, 2, 2, 2, 2, 2, 2, 2]"
"['KL11', '7666869046', 'Issued', 'on', '19-02-2030', 'Expires', 'on', '20-03-2009']","[5, 5, 18, 6, 6, 18, 7, 7]"
"['KL24', '4574027737', 'Issued', 'on', '13-03-2006', 'Expires', 'on', '06-08-2016']","[5, 5, 18, 6, 6, 18, 7, 7]"
"['Blood', 'Group', 'AB+', 'Organ', 'Donor', 'NO']","[13, 13, 13, 14, 14, 14]"
"['Blood', 'Group', 'O-', 'Organ', 'Donor', 'NO']","[13, 13, 13, 14, 14, 14]"
"['KL80', '5916199809', 'Issued', 'on', '22-10-2019', 'Expires', 'on', '15-06-2014']","[5, 5, 18, 6, 6, 18, 7, 7]"
"['KL86', '4776677517', 'Issued', 'on', '09-01-2023', 'Expires', 'on', '16-05-2007']","[5, 5, 18, 6, 6, 18, 7, 7]"
"['Emergency', 'Contact', '491-677-8507x925']","[17, 17, 17]"
"['KL63', '5305985001', 'Issued', 'on', '12-09-2008', 'Expires', 'on', '22-09-2024']","[5, 5, 18, 6, 6, 18, 7, 7]"
"['Permanent', 'Address', '80003', 'Thomas', 'Lights', 'East', 'Sarah,', 'PR', '05136', 'Present', 'Address', '53654', 'Ashley', 'Crest', 'Apt.', '238', 'South', 'Caseymouth,', 'VI', '37503']","[1, 1, 1, 1, 1, 1, 1, 1, 1, 2, 2, 2, 2, 2, 2, 2, 2, 2, 2, 2]"
"['Emergency', 'Contact', '001-945-718-7053x49493']","[17, 17, 17]"
"['Permanent', 'Address', '83206', 'Jesse', 'Key', 'Apt.', '506', 'Daltonhaven,', 'IA', '55527', 'Present', 'Address', '41038', 'Haynes', 'Landing', 'Villegasland,', 'OR', '13028']","[1, 1, 1, 1, 1, 1, 1, 1, 1, 1, 2, 2, 2, 2, 2, 2, 2, 2]"
"['Permanent', 'Address', '99062', 'Kelly', 'Vista', 'Suite', '655', 'Nelsonland,', 'ID', '18341', 'Present', 'Address', '12775', 'Martinez', 'Knolls', 'South', 'Kyle,', 'KS', '16218']","[1, 1, 1, 1, 1, 1, 1, 1, 1, 1, 2, 2, 2, 2, 2, 2, 2, 2, 2]"
"['Emergency', 'Contact', '524-790-3521']","[17, 17, 17]"
"['Blood', 'Group', 'O-', 'Organ', 'Donor', 'NO']","[13, 13, 13, 14, 14, 14]"
"['KL79', '6915072151', 'Issued', 'on', '06-09-2018', 'Expires', 'on', '02-09-2022']","[5, 5, 18, 6, 6, 18, 7, 7]"
"['Edwin', 'Wilkins', 'DOB', '11-02-2011']","[0, 0, 3, 3]"
"['Emergency', 'Contact', '4673883171']","[17, 17, 17]"
"['Ronald', 'Haas', 'DOB', '24-08-2009']","[0, 0, 3, 3]"
"['KL59', '8625905455', 'Issued', 'on', '10-12-2011', 'Expires', 'on', '30-10-2018']","[5, 5, 18, 6, 6, 18, 7, 7]"
"['KL70', '8779941999', 'Issued', 'on', '12-11-2017', 'Expires', 'on', '19-07-2028']","[5, 5, 18, 6, 6, 18, 7, 7]"
"['Blood', 'Group', 'B-', 'Organ', 'Donor', 'NO']","[13, 13, 13, 14, 14, 14]"
"['Maria', 'Aguilar', 'DOB', '02-01-2014']","[0, 0, 3, 3]"
"['KL85', '8924383984', 'Issued', 'on', '01-10-2007', 'Expires', 'on', '09-12-2005']","[5, 5, 18, 6, 6, 18, 7, 7]"
"['KL68', '9655852024', 'Issued', 'on', '24-05-2007', 'Expires', 'on', '05-12-2011']","[5, 5, 18, 6, 6, 18, 7, 7]"
"['KL93', '5165932723', 'Issued', 'on', '07-03-2027', 'Expires', 'on', '14-04-2020']","[5, 5, 18, 6, 6, 18, 7, 7]"
"['KL43', '8270110908', 'Issued', 'on', '31-07-2009', 'Expires', 'on', '30-04-2008']","[5, 5, 18, 6, 6, 18, 7, 7]"
"['Permanent', 'Address', 'PSC', '5107,', 'Box', '0296', 'APO', 'AP', '52274', 'Present', 'Address', '625', 'Rebekah', 'Harbor', 'Suite', '720', 'Lake', 'Kenneth,', 'MT', '72680']","[1, 1, 1, 1, 1, 1, 1, 1, 1, 2, 2, 2, 2, 2, 2, 2, 2, 2, 2, 2]"
"['Emergency', 'Contact', '701.946.2638x3806']","[17, 17, 17]"
"['Emergency', 'Contact', '+1-275-798-5642']","[17, 17, 17]"
"['Emergency', 'Contact', '+1-530-540-7859x321']","[17, 17, 17]"
"['Blood', 'Group', 'AB+', 'Organ', 'Donor', 'NO']","[13, 13, 13, 14, 14, 14]"
"['Emergency', 'Contact', '780-239-6522x395']","[17, 17, 17]"
"['KL18', '5683143581', 'Issued', 'on', '18-02-2029', 'Expires', 'on', '13-01-2029']","[5, 5, 18, 6, 6, 18, 7, 7]"
"['Keith', 'Thomas', 'DOB', '09-08-2011']","[0, 0, 3, 3]"
"['Emergency', 'Contact', '984.227.0103x9308']","[17, 17, 17]"
"['Permanent', 'Address', '52500', 'Brenda', 'Divide', 'Port', 'Aliciastad,', 'CA', '49468', 'Present', 'Address', '154', 'Taylor', 'Estate', 'Suite', '752', 'Jeffreyshire,', 'GU', '23484']","[1, 1, 1, 1, 1, 1, 1, 1, 1, 2, 2, 2, 2, 2, 2, 2, 2, 2, 2]"
"['KL31', '8275679594', 'Issued', 'on', '27-01-2018', 'Expires', 'on', '22-08-2015']","[5, 5, 18, 6, 6, 18, 7, 7]"
"['Elizabeth', 'Thompson', 'DOB', '05-04-2005']","[0, 0, 3, 3]"
"['KL17', '6554972315', 'Issued', 'on', '31-01-2029', 'Expires', 'on', '08-09-2024']","[5, 5, 18, 6, 6, 18, 7, 7]"
"['Blood', 'Group', 'B-', 'Organ', 'Donor', 'YES']","[13, 13, 13, 14, 14, 14]"
"['Blood', 'Group', 'B-', 'Organ', 'Donor', 'YES']","[13, 13, 13, 14, 14, 14]"
"['KL88', '9035194895', 'Issued', 'on', '10-07-2018', 'Expires', 'on', '04-07-2024']","[5, 5, 18, 6, 6, 18, 7, 7]"
"['Permanent', 'Address', '391', 'Taylor', 'Summit', 'Apt.', '355', 'Lake', 'Nicole,', 'CO', '93426', 'Present', 'Address', '0433', 'Michael', 'Turnpike', 'Apt.', '006', 'Oconnorburgh,', 'FM', '54767']","[1, 1, 1, 1, 1, 1, 1, 1, 1, 1, 1, 2, 2, 2, 2, 2, 2, 2, 2, 2, 2]"
"['KL84', '1614685938', 'Issued', 'on', '22-12-2021', 'Expires', 'on', '31-01-2018']","[5, 5, 18, 6, 6, 18, 7, 7]"
"['Blood', 'Group', 'AB+', 'Organ', 'Donor', 'NO']","[13, 13, 13, 14, 14, 14]"
"['KL11', '3347621138', 'Issued', 'on', '23-02-2017', 'Expires', 'on', '11-10-2023']","[5, 5, 18, 6, 6, 18, 7, 7]"
"['KL54', '9426850694', 'Issued', 'on', '20-12-2017', 'Expires', 'on', '25-08-2008']","[5, 5, 18, 6, 6, 18, 7, 7]"
"['Permanent', 'Address', '71040', 'Green', 'Cove', 'West', 'Georgefurt,', 'GA', '96443', 'Present', 'Address', '9970', 'Dunlap', 'Expressway', 'Mooreville,', 'MA', '27442']","[1, 1, 1, 1, 1, 1, 1, 1, 1, 2, 2, 2, 2, 2, 2, 2, 2]"
"['Blood', 'Group', 'AB+', 'Organ', 'Donor', 'YES']","[13, 13, 13, 14, 14, 14]"
"['Jennifer', 'Spencer', 'DOB', '13-01-2030']","[0, 0, 3, 3]"
"['Emergency', 'Contact', '+1-944-443-1069']","[17, 17, 17]"
"['KL58', '7751356568', 'Issued', 'on', '20-01-2007', 'Expires', 'on', '23-06-2017']","[5, 5, 18, 6, 6, 18, 7, 7]"
"['Permanent', 'Address', '9731', 'Jamie', 'Route', 'Tiffanyfort,', 'PR', '15640', 'Present', 'Address', '7418', 'Lopez', 'Light', 'Suite', '270', 'Scottview,', 'IN', '35701']","[1, 1, 1, 1, 1, 1, 1, 1, 2, 2, 2, 2, 2, 2, 2, 2, 2, 2]"
"['Brittany', 'Horton', 'DOB', '27-06-2008']","[0, 0, 3, 3]"
"['KL94', '6994940029', 'Issued', 'on', '12-02-2008', 'Expires', 'on', '07-12-2027']","[5, 5, 18, 6, 6, 18, 7, 7]"
"['KL97', '5181592277', 'Issued', 'on', '23-11-2016', 'Expires', 'on', '15-08-2023']","[5, 5, 18, 6, 6, 18, 7, 7]"
"['Peter', 'Perez', 'DOB', '10-04-2007']","[0, 0, 3, 3]"
"['Permanent', 'Address', '793', 'Evans', 'Locks', 'Apt.', '898', 'North', 'Stacy,', 'NV', '23160', 'Present', 'Address', 'USNS', 'Stanton', 'FPO', 'AE', '17040']","[1, 1, 1, 1, 1, 1, 1, 1, 1, 1, 1, 2, 2, 2, 2, 2, 2, 2]"
"['Emergency', 'Contact', '3613632945']","[17, 17, 17]"
"['James', 'Nguyen', 'DOB', '06-08-2014']","[0, 0, 3, 3]"
"['Emergency', 'Contact', '370.399.8616x22999']","[17, 17, 17]"
"['KL55', '5464285982', 'Issued', 'on', '05-05-2024', 'Expires', 'on', '20-08-2008']","[5, 5, 18, 6, 6, 18, 7, 7]"
"['Emergency', 'Contact', '885-464-6799x7024']","[17, 17, 17]"
"['KL56', '4145461251', 'Issued', 'on', '27-03-2026', 'Expires', 'on', '28-11-2025']","[5, 5, 18, 6, 6, 18, 7, 7]"
"['KL47', '2784572192', 'Issued', 'on', '12-05-2028', 'Expires', 'on', '19-10-2028']","[5, 5, 18, 6, 6, 18, 7, 7]"
"['KL79', '6001680218', 'Issued', 'on', '13-11-2018', 'Expires', 'on', '08-07-2006']","[5, 5, 18, 6, 6, 18, 7, 7]"
"['Shawn', 'Vaughn', 'DOB', '16-11-2006']","[0, 0, 3, 3]"
"['Tammie', 'Prince', 'DOB', '20-11-2005']","[0, 0, 3, 3]"
"['Riley', 'Collins', 'DOB', '04-12-2021']","[0, 0, 3, 3]"
"['KL53', '4454152476', 'Issued', 'on', '19-11-2028', 'Expires', 'on', '02-07-2028']","[5, 5, 18, 6, 6, 18, 7, 7]"
"['Blood', 'Group', 'A+', 'Organ', 'Donor', 'YES']","[13, 13, 13, 14, 14, 14]"
"['Emergency', 'Contact', '332-547-5469']","[17, 17, 17]"
"['KL96', '9503787171', 'Issued', 'on', '24-03-2020', 'Expires', 'on', '23-05-2012']","[5, 5, 18, 6, 6, 18, 7, 7]"
"['Jennifer', 'Washington', 'DOB', '09-10-2022']","[0, 0, 3, 3]"
"['Emergency', 'Contact', '(408)521-4862x890']","[17, 17, 17]"
"['Blood', 'Group', 'O-', 'Organ', 'Donor', 'YES']","[13, 13, 13, 14, 14, 14]"
"['KL25', '7248258423', 'Issued', 'on', '11-01-2012', 'Expires', 'on', '28-02-2007']","[5, 5, 18, 6, 6, 18, 7, 7]"
"['Permanent', 'Address', '53457', 'Reid', 'Crossing', 'Apt.', '357', 'Thompsonfort,', 'OR', '72765', 'Present', 'Address', '1406', 'Frank', 'Ports', 'Port', 'Jeffrey,', 'IN', '89327']","[1, 1, 1, 1, 1, 1, 1, 1, 1, 1, 2, 2, 2, 2, 2, 2, 2, 2, 2]"
"['Permanent', 'Address', '007', 'Deborah', 'Rapid', 'Apt.', '349', 'Jenniferview,', 'NE', '49846', 'Present', 'Address', '3748', 'Silva', 'Avenue', 'Suite', '899', 'Kennethville,', 'NJ', '08868']","[1, 1, 1, 1, 1, 1, 1, 1, 1, 1, 2, 2, 2, 2, 2, 2, 2, 2, 2, 2]"
"['Permanent', 'Address', '544', 'Lopez', 'Path', 'Apt.', '096', 'Erintown,', 'SD', '65692', 'Present', 'Address', 'Unit', '4666', 'Box', '0993', 'DPO', 'AA', '95731']","[1, 1, 1, 1, 1, 1, 1, 1, 1, 1, 2, 2, 2, 2, 2, 2, 2, 2, 2]"
"['Emergency', 'Contact', '001-938-475-8428x241']","[17, 17, 17]"
"['Molly', 'Hansen', 'DOB', '06-06-2011']","[0, 0, 3, 3]"
"['KL39', '3024977737', 'Issued', 'on', '29-04-2028', 'Expires', 'on', '14-08-2016']","[5, 5, 18, 6, 6, 18, 7, 7]"
"['Permanent', 'Address', '3465', 'Green', 'Hill', 'Yorkfort,', 'AR', '83652', 'Present', 'Address', '3816', 'Gutierrez', 'Ways', 'East', 'Victoria,', 'MA', '54134']","[1, 1, 1, 1, 1, 1, 1, 1, 2, 2, 2, 2, 2, 2, 2, 2, 2]"
"['Dr.', 'Victoria', 'Thomas', 'DOB', '20-07-2029']","[0, 0, 3, 3]"
"['KL88', '9861449701', 'Issued', 'on', '03-05-2011', 'Expires', 'on', '13-12-2007']","[5, 5, 18, 6, 6, 18, 7, 7]"
"['Emergency', 'Contact', '352.450.0743x2927']","[17, 17, 17]"
"['Madeline', 'Powell', 'DOB', '10-06-2021']","[0, 0, 3, 3]"
"['KL62', '1501119337', 'Issued', 'on', '29-03-2018', 'Expires', 'on', '11-05-2005']","[5, 5, 18, 6, 6, 18, 7, 7]"
"['KL14', '3115806625', 'Issued', 'on', '25-06-2006', 'Expires', 'on', '12-05-2023']","[5, 5, 18, 6, 6, 18, 7, 7]"
"['KL78', '5877639950', 'Issued', 'on', '26-12-2011', 'Expires', 'on', '22-01-2030']","[5, 5, 18, 6, 6, 18, 7, 7]"
"['Blood', 'Group', 'O-', 'Organ', 'Donor', 'YES']","[13, 13, 13, 14, 14, 14]"
"['Emergency', 'Contact', '(305)883-0033x542']","[17, 17, 17]"
"['Permanent', 'Address', '10447', 'Hamilton', 'Spur', 'Apt.', '575', 'East', 'Stacy,', 'PW', '53374', 'Present', 'Address', '230', 'David', 'Station', 'South', 'Nancyview,', 'WI', '70589']","[1, 1, 1, 1, 1, 1, 1, 1, 1, 1, 1, 2, 2, 2, 2, 2, 2, 2, 2, 2]"
"['Emergency', 'Contact', '+1-609-901-0016x761']","[17, 17, 17]"
"['Permanent', 'Address', '046', 'Elaine', 'Groves', 'South', 'Maria,', 'CT', '67555', 'Present', 'Address', '1173', 'Kimberly', 'Village', 'West', 'Jade,', 'LA', '21521']","[1, 1, 1, 1, 1, 1, 1, 1, 1, 2, 2, 2, 2, 2, 2, 2, 2, 2]"
"['Jon', 'Clark', 'DOB', '21-07-2021']","[0, 0, 3, 3]"
"['KL98', '2591414076', 'Issued', 'on', '12-06-2016', 'Expires', 'on', '06-03-2013']","[5, 5, 18, 6, 6, 18, 7, 7]"
"['Blood', 'Group', 'B-', 'Organ', 'Donor', 'NO']","[13, 13, 13, 14, 14, 14]"
"['KL97', '8064477344', 'Issued', 'on', '17-04-2005', 'Expires', 'on', '19-08-2005']","[5, 5, 18, 6, 6, 18, 7, 7]"
"['KL45', '2952996248', 'Issued', 'on', '19-01-2028', 'Expires', 'on', '24-03-2008']","[5, 5, 18, 6, 6, 18, 7, 7]"
"['Permanent', 'Address', 'PSC', '9721,', 'Box', '8114', 'APO', 'AP', '30799', 'Present', 'Address', '7012', 'Melissa', 'Lake', 'Suite', '611', 'North', 'Melissaburgh,', 'MA', '47362']","[1, 1, 1, 1, 1, 1, 1, 1, 1, 2, 2, 2, 2, 2, 2, 2, 2, 2, 2, 2]"
"['Permanent', 'Address', 'PSC', '9415,', 'Box', '5216', 'APO', 'AA', '60340', 'Present', 'Address', '762', 'David', 'Stream', 'Apt.', '216', 'Phammouth,', 'HI', '80628']","[1, 1, 1, 1, 1, 1, 1, 1, 1, 2, 2, 2, 2, 2, 2, 2, 2, 2, 2]"
"['Permanent', 'Address', '027', 'Rodriguez', 'Loop', 'Suite', '014', 'Alexanderhaven,', 'WI', '97969', 'Present', 'Address', '588', 'Ryan', 'Stream', 'South', 'Michael,', 'TX', '84571']","[1, 1, 1, 1, 1, 1, 1, 1, 1, 1, 2, 2, 2, 2, 2, 2, 2, 2, 2]"
"['KL52', '3424843951', 'Issued', 'on', '18-04-2018', 'Expires', 'on', '04-04-2010']","[5, 5, 18, 6, 6, 18, 7, 7]"
"['KL80', '4735313433', 'Issued', 'on', '12-03-2024', 'Expires', 'on', '20-01-2026']","[5, 5, 18, 6, 6, 18, 7, 7]"
"['KL28', '3559721644', 'Issued', 'on', '21-01-2007', 'Expires', 'on', '05-08-2005']","[5, 5, 18, 6, 6, 18, 7, 7]"
"['KL28', '5241397494', 'Issued', 'on', '02-02-2027', 'Expires', 'on', '16-07-2010']","[5, 5, 18, 6, 6, 18, 7, 7]"
"['Blood', 'Group', 'B-', 'Organ', 'Donor', 'YES']","[13, 13, 13, 14, 14, 14]"
"['Permanent', 'Address', '2175', 'Mark', 'Harbors', 'Apt.', '838', 'Powellbury,', 'CO', '60675', 'Present', 'Address', '77517', 'Curtis', 'Loop', 'Apt.', '880', 'Port', 'Cassandraport,', 'FM', '67129']","[1, 1, 1, 1, 1, 1, 1, 1, 1, 1, 2, 2, 2, 2, 2, 2, 2, 2, 2, 2, 2]"
"['KL11', '4386287675', 'Issued', 'on', '01-05-2024', 'Expires', 'on', '27-03-2012']","[5, 5, 18, 6, 6, 18, 7, 7]"
"['Permanent', 'Address', '5037', 'Castro', 'River', 'Suite', '571', 'Port', 'Donnatown,', 'MA', '47049', 'Present', 'Address', '851', 'Penny', 'Park', 'Apt.', '614', 'East', 'David,', 'PR', '51998']","[1, 1, 1, 1, 1, 1, 1, 1, 1, 1, 1, 2, 2, 2, 2, 2, 2, 2, 2, 2, 2, 2]"
"['KL43', '1225052083', 'Issued', 'on', '14-07-2012', 'Expires', 'on', '30-09-2020']","[5, 5, 18, 6, 6, 18, 7, 7]"
"['Permanent', 'Address', '516', 'Sara', 'Villages', 'Port', 'Patriciamouth,', 'TN', '77743', 'Present', 'Address', 'USNS', 'Maynard', 'FPO', 'AE', '70016']","[1, 1, 1, 1, 1, 1, 1, 1, 1, 2, 2, 2, 2, 2, 2, 2]"
"['Blood', 'Group', 'A+', 'Organ', 'Donor', 'NO']","[13, 13, 13, 14, 14, 14]"
"['Blood', 'Group', 'AB+', 'Organ', 'Donor', 'YES']","[13, 13, 13, 14, 14, 14]"
"['Blood', 'Group', 'B-', 'Organ', 'Donor', 'YES']","[13, 13, 13, 14, 14, 14]"
"['Permanent', 'Address', '782', 'Jessica', 'Crossroad', 'Apt.', '699', 'Williamfurt,', 'MT', '80323', 'Present', 'Address', 'PSC', '3465,', 'Box', '4722', 'APO', 'AA', '79475']","[1, 1, 1, 1, 1, 1, 1, 1, 1, 1, 2, 2, 2, 2, 2, 2, 2, 2, 2]"
"['Nicole', 'Evans', 'DOB', '24-01-2029']","[0, 0, 3, 3]"
"['Permanent', 'Address', '833', 'Claudia', 'Highway', 'Suite', '228', 'Jenniferstad,', 'OH', '63464', 'Present', 'Address', '846', 'Alexandra', 'Burg', 'Suite', '200', 'West', 'Karen,', 'GA', '38068']","[1, 1, 1, 1, 1, 1, 1, 1, 1, 1, 2, 2, 2, 2, 2, 2, 2, 2, 2, 2, 2]"
"['KL92', '5140460939', 'Issued', 'on', '13-06-2028', 'Expires', 'on', '21-09-2013']","[5, 5, 18, 6, 6, 18, 7, 7]"
"['KL71', '8934086843', 'Issued', 'on', '07-03-2010', 'Expires', 'on', '23-04-2007']","[5, 5, 18, 6, 6, 18, 7, 7]"
"['Blood', 'Group', 'A+', 'Organ', 'Donor', 'NO']","[13, 13, 13, 14, 14, 14]"
"['Permanent', 'Address', '80571', 'Julia', 'Points', 'Suite', '384', 'South', 'Paulmouth,', 'OH', '07552', 'Present', 'Address', '97359', 'Kimberly', 'Fields', 'Suite', '721', 'East', 'Jill,', 'DE', '49941']","[1, 1, 1, 1, 1, 1, 1, 1, 1, 1, 1, 2, 2, 2, 2, 2, 2, 2, 2, 2, 2, 2]"
"['Blood', 'Group', 'A+', 'Organ', 'Donor', 'NO']","[13, 13, 13, 14, 14, 14]"
"['Permanent', 'Address', '422', 'Smith', 'Mountain', 'Apt.', '025', 'Port', 'Sarahport,', 'NM', '75562', 'Present', 'Address', '583', 'Abigail', 'Turnpike', 'South', 'Amy,', 'MO', '12552']","[1, 1, 1, 1, 1, 1, 1, 1, 1, 1, 1, 2, 2, 2, 2, 2, 2, 2, 2, 2]"
"['KL45', '8353640266', 'Issued', 'on', '01-02-2017', 'Expires', 'on', '21-09-2012']","[5, 5, 18, 6, 6, 18, 7, 7]"
"['Blood', 'Group', 'AB+', 'Organ', 'Donor', 'NO']","[13, 13, 13, 14, 14, 14]"
"['Blood', 'Group', 'O-', 'Organ', 'Donor', 'YES']","[13, 13, 13, 14, 14, 14]"
"['Emergency', 'Contact', '255.354.3987']","[17, 17, 17]"
"['KL93', '6218484323', 'Issued', 'on', '17-12-2027', 'Expires', 'on', '21-12-2016']","[5, 5, 18, 6, 6, 18, 7, 7]"
"['Blood', 'Group', 'B-', 'Organ', 'Donor', 'NO']","[13, 13, 13, 14, 14, 14]"
"['KL68', '7007500393', 'Issued', 'on', '12-05-2020', 'Expires', 'on', '17-05-2013']","[5, 5, 18, 6, 6, 18, 7, 7]"
"['Permanent', 'Address', 'PSC', '9930,', 'Box', '5616', 'APO', 'AA', '71310', 'Present', 'Address', '588', 'Tucker', 'Hill', 'West', 'Willie,', 'CT', '22441']","[1, 1, 1, 1, 1, 1, 1, 1, 1, 2, 2, 2, 2, 2, 2, 2, 2, 2]"
"['KL50', '8151583833', 'Issued', 'on', '03-07-2023', 'Expires', 'on', '05-05-2023']","[5, 5, 18, 6, 6, 18, 7, 7]"
"['Blood', 'Group', 'B-', 'Organ', 'Donor', 'NO']","[13, 13, 13, 14, 14, 14]"
"['KL20', '5695387521', 'Issued', 'on', '13-06-2005', 'Expires', 'on', '13-07-2026']","[5, 5, 18, 6, 6, 18, 7, 7]"
"['KL57', '4486522557', 'Issued', 'on', '05-06-2007', 'Expires', 'on', '15-05-2012']","[5, 5, 18, 6, 6, 18, 7, 7]"
"['Permanent', 'Address', '613', 'Lucas', 'Cliffs', 'North', 'Stephen,', 'MA', '05466', 'Present', 'Address', '48193', 'Russell', 'Mission', 'Hamiltontown,', 'MS', '88751']","[1, 1, 1, 1, 1, 1, 1, 1, 1, 2, 2, 2, 2, 2, 2, 2, 2]"
"['Permanent', 'Address', '919', 'Jaclyn', 'Cliffs', 'Sarahville,', 'LA', '90400', 'Present', 'Address', '7660', 'Moore', 'Forges', 'Lake', 'Peter,', 'AS', '72030']","[1, 1, 1, 1, 1, 1, 1, 1, 2, 2, 2, 2, 2, 2, 2, 2, 2]"
"['Permanent', 'Address', '5088', 'David', 'Avenue', 'Medinaland,', 'ME', '28033', 'Present', 'Address', '68222', 'Christina', 'Glen', 'Apt.', '129', 'Port', 'Karenside,', 'NH', '84999']","[1, 1, 1, 1, 1, 1, 1, 1, 2, 2, 2, 2, 2, 2, 2, 2, 2, 2, 2]"
"['KL25', '7059376953', 'Issued', 'on', '25-11-2023', 'Expires', 'on', '09-09-2007']","[5, 5, 18, 6, 6, 18, 7, 7]"
"['Emergency', 'Contact', '314-513-9755x2314']","[17, 17, 17]"
"['Jerry', 'Jensen', 'DOB', '07-08-2015']","[0, 0, 3, 3]"
"['Blood', 'Group', 'A+', 'Organ', 'Donor', 'NO']","[13, 13, 13, 14, 14, 14]"
"['Permanent', 'Address', '955', 'Jackson', 'Island', 'Port', 'Jeffrey,', 'WA', '84496', 'Present', 'Address', '57775', 'Tucker', 'Coves', 'Apt.', '914', 'New', 'James,', 'VA', '82633']","[1, 1, 1, 1, 1, 1, 1, 1, 1, 2, 2, 2, 2, 2, 2, 2, 2, 2, 2, 2]"
"['Blood', 'Group', 'B-', 'Organ', 'Donor', 'YES']","[13, 13, 13, 14, 14, 14]"
"['Permanent', 'Address', '80996', 'Rebecca', 'Plaza', 'Amyside,', 'NJ', '86210', 'Present', 'Address', '3942', 'Mason', 'Course', 'Suite', '580', 'Port', 'Tamara,', 'RI', '90175']","[1, 1, 1, 1, 1, 1, 1, 1, 2, 2, 2, 2, 2, 2, 2, 2, 2, 2, 2]"
"['KL23', '7684109313', 'Issued', 'on', '04-11-2010', 'Expires', 'on', '10-09-2022']","[5, 5, 18, 6, 6, 18, 7, 7]"
"['KL45', '3465740756', 'Issued', 'on', '22-12-2009', 'Expires', 'on', '19-05-2020']","[5, 5, 18, 6, 6, 18, 7, 7]"
"['Emergency', 'Contact', '(929)592-7503']","[17, 17, 17]"
"['Emergency', 'Contact', '945-930-3856']","[17, 17, 17]"
"['Amanda', 'Wong', 'DOB', '16-09-2008']","[0, 0, 3, 3]"
"['Emergency', 'Contact', '001-384-649-8926x659']","[17, 17, 17]"
"['Permanent', 'Address', '655', 'Sparks', 'Rapids', 'New', 'Nicolemouth,', 'GA', '30646', 'Present', 'Address', '22259', 'Donna', 'Mall', 'Suite', '177', 'Clarkburgh,', 'SD', '54358']","[1, 1, 1, 1, 1, 1, 1, 1, 1, 2, 2, 2, 2, 2, 2, 2, 2, 2, 2]"
"['Permanent', 'Address', '99228', 'Patricia', 'Drive', 'East', 'Jonathanburgh,', 'NC', '53644', 'Present', 'Address', '413', 'Obrien', 'Mountains', 'Jacksonchester,', 'PA', '19206']","[1, 1, 1, 1, 1, 1, 1, 1, 1, 2, 2, 2, 2, 2, 2, 2, 2]"
"['KL94', '2148679234', 'Issued', 'on', '08-01-2025', 'Expires', 'on', '22-05-2011']","[5, 5, 18, 6, 6, 18, 7, 7]"
"['KL99', '8569491238', 'Issued', 'on', '28-05-2026', 'Expires', 'on', '23-08-2027']","[5, 5, 18, 6, 6, 18, 7, 7]"
"['Carol', 'Jennings', 'DOB', '17-08-2020']","[0, 0, 3, 3]"
"['Blood', 'Group', 'B-', 'Organ', 'Donor', 'YES']","[13, 13, 13, 14, 14, 14]"
"['Permanent', 'Address', '66210', 'Alexandra', 'Parkways', 'Serranoville,', 'HI', '62874', 'Present', 'Address', 'PSC', '9088,', 'Box', '1172', 'APO', 'AP', '71186']","[1, 1, 1, 1, 1, 1, 1, 1, 2, 2, 2, 2, 2, 2, 2, 2, 2]"
"['Blood', 'Group', 'B-', 'Organ', 'Donor', 'YES']","[13, 13, 13, 14, 14, 14]"
"['KL77', '6218955985', 'Issued', 'on', '28-03-2005', 'Expires', 'on', '14-04-2028']","[5, 5, 18, 6, 6, 18, 7, 7]"
"['Blood', 'Group', 'AB+', 'Organ', 'Donor', 'YES']","[13, 13, 13, 14, 14, 14]"
"['Blood', 'Group', 'AB+', 'Organ', 'Donor', 'YES']","[13, 13, 13, 14, 14, 14]"
"['Emergency', 'Contact', '+1-368-865-0863x7659']","[17, 17, 17]"
"['KL89', '9803662851', 'Issued', 'on', '02-10-2009', 'Expires', 'on', '10-11-2013']","[5, 5, 18, 6, 6, 18, 7, 7]"
"['KL66', '8137972345', 'Issued', 'on', '07-06-2021', 'Expires', 'on', '09-02-2013']","[5, 5, 18, 6, 6, 18, 7, 7]"
"['Blood', 'Group', 'O-', 'Organ', 'Donor', 'NO']","[13, 13, 13, 14, 14, 14]"
"['KL75', '5783809766', 'Issued', 'on', '19-01-2008', 'Expires', 'on', '02-11-2014']","[5, 5, 18, 6, 6, 18, 7, 7]"
"['Blood', 'Group', 'AB+', 'Organ', 'Donor', 'NO']","[13, 13, 13, 14, 14, 14]"
"['Blood', 'Group', 'AB+', 'Organ', 'Donor', 'YES']","[13, 13, 13, 14, 14, 14]"
"['KL86', '1235286733', 'Issued', 'on', '22-07-2025', 'Expires', 'on', '13-09-2023']","[5, 5, 18, 6, 6, 18, 7, 7]"
"['KL37', '4295741120', 'Issued', 'on', '07-02-2019', 'Expires', 'on', '20-12-2013']","[5, 5, 18, 6, 6, 18, 7, 7]"
"['Emergency', 'Contact', '500.798.1806']","[17, 17, 17]"
"['KL25', '5328166990', 'Issued', 'on', '09-02-2019', 'Expires', 'on', '11-07-2017']","[5, 5, 18, 6, 6, 18, 7, 7]"
"['Permanent', 'Address', '944', 'Cunningham', 'Ridge', 'Suite', '636', 'Whiteside,', 'OH', '63908', 'Present', 'Address', '562', 'Julie', 'Mission', 'Apt.', '138', 'Hartmanside,', 'RI', '91865']","[1, 1, 1, 1, 1, 1, 1, 1, 1, 1, 2, 2, 2, 2, 2, 2, 2, 2, 2, 2]"
"['KL58', '2521136431', 'Issued', 'on', '28-06-2028', 'Expires', 'on', '31-03-2029']","[5, 5, 18, 6, 6, 18, 7, 7]"
"['Blood', 'Group', 'A+', 'Organ', 'Donor', 'NO']","[13, 13, 13, 14, 14, 14]"
"['KL19', '8997701619', 'Issued', 'on', '20-12-2006', 'Expires', 'on', '01-09-2010']","[5, 5, 18, 6, 6, 18, 7, 7]"
"['Permanent', 'Address', '27961', 'Jose', 'Land', 'New', 'Benjaminfurt,', 'MO', '80974', 'Present', 'Address', '902', 'Gonzales', 'Flats', 'Suite', '309', 'New', 'Gavin,', 'AZ', '47652']","[1, 1, 1, 1, 1, 1, 1, 1, 1, 2, 2, 2, 2, 2, 2, 2, 2, 2, 2, 2]"
"['Permanent', 'Address', '14656', 'Willis', 'Path', 'Lake', 'Janeland,', 'OH', '37790', 'Present', 'Address', '4393', 'Spears', 'Ports', 'Apt.', '426', 'New', 'Charlesport,', 'MA', '15837']","[1, 1, 1, 1, 1, 1, 1, 1, 1, 2, 2, 2, 2, 2, 2, 2, 2, 2, 2, 2]"
"['Permanent', 'Address', '947', 'Hart', 'Trail', 'Apt.', '577', 'South', 'Darrenland,', 'MS', '83556', 'Present', 'Address', '356', 'Black', 'Branch', 'Johnland,', 'MO', '88803']","[1, 1, 1, 1, 1, 1, 1, 1, 1, 1, 1, 2, 2, 2, 2, 2, 2, 2, 2]"
"['Blood', 'Group', 'A+', 'Organ', 'Donor', 'NO']","[13, 13, 13, 14, 14, 14]"
"['KL51', '2554145481', 'Issued', 'on', '01-11-2016', 'Expires', 'on', '14-10-2007']","[5, 5, 18, 6, 6, 18, 7, 7]"
"['Blood', 'Group', 'A+', 'Organ', 'Donor', 'YES']","[13, 13, 13, 14, 14, 14]"
"['Blood', 'Group', 'O-', 'Organ', 'Donor', 'YES']","[13, 13, 13, 14, 14, 14]"
"['Blood', 'Group', 'AB+', 'Organ', 'Donor', 'NO']","[13, 13, 13, 14, 14, 14]"
"['KL31', '9917981516', 'Issued', 'on', '25-01-2024', 'Expires', 'on', '10-04-2011']","[5, 5, 18, 6, 6, 18, 7, 7]"
"['Permanent', 'Address', '94237', 'Jimmy', 'Garden', 'Suite', '333', 'Port', 'Christine,', 'FL', '14484', 'Present', 'Address', '790', 'Melanie', 'Landing', 'Travisshire,', 'VI', '36510']","[1, 1, 1, 1, 1, 1, 1, 1, 1, 1, 1, 2, 2, 2, 2, 2, 2, 2, 2]"
"['Blood', 'Group', 'B-', 'Organ', 'Donor', 'NO']","[13, 13, 13, 14, 14, 14]"
"['Blood', 'Group', 'B-', 'Organ', 'Donor', 'YES']","[13, 13, 13, 14, 14, 14]"
"['KL42', '1847275937', 'Issued', 'on', '24-11-2021', 'Expires', 'on', '03-06-2011']","[5, 5, 18, 6, 6, 18, 7, 7]"
"['Permanent', 'Address', 'Unit', '8463', 'Box', '9208', 'DPO', 'AA', '63195', 'Present', 'Address', 'USS', 'Shaw', 'FPO', 'AA', '90460']","[1, 1, 1, 1, 1, 1, 1, 1, 1, 2, 2, 2, 2, 2, 2, 2]"
"['Emergency', 'Contact', '001-727-618-7500x36915']","[17, 17, 17]"
"['Permanent', 'Address', '47955', 'Victor', 'Fords', 'Suite', '556', 'Shannonshire,', 'DC', '75984', 'Present', 'Address', '438', 'Chase', 'Flat', 'Port', 'Susan,', 'FL', '62496']","[1, 1, 1, 1, 1, 1, 1, 1, 1, 1, 2, 2, 2, 2, 2, 2, 2, 2, 2]"
"['KL90', '7417183769', 'Issued', 'on', '13-07-2005', 'Expires', 'on', '17-03-2011']","[5, 5, 18, 6, 6, 18, 7, 7]"
"['Emergency', 'Contact', '(472)288-5744x89061']","[17, 17, 17]"
"['Emergency', 'Contact', '647.717.5455']","[17, 17, 17]"
"['Blood', 'Group', 'AB+', 'Organ', 'Donor', 'NO']","[13, 13, 13, 14, 14, 14]"
"['KL18', '7308968023', 'Issued', 'on', '15-11-2005', 'Expires', 'on', '18-03-2019']","[5, 5, 18, 6, 6, 18, 7, 7]"
"['Permanent', 'Address', '982', 'Kelly', 'Spring', 'Hamptonmouth,', 'FM', '10778', 'Present', 'Address', '2256', 'Sweeney', 'Cliffs', 'Apt.', '253', 'Loganport,', 'VT', '35559']","[1, 1, 1, 1, 1, 1, 1, 1, 2, 2, 2, 2, 2, 2, 2, 2, 2, 2]"
"['Emergency', 'Contact', '+1-464-575-9876x220']","[17, 17, 17]"
"['Permanent', 'Address', '26111', 'Kelley', 'Burg', 'Warrenland,', 'CT', '34901', 'Present', 'Address', '643', 'Joan', 'Mills', 'East', 'Alison,', 'GA', '04245']","[1, 1, 1, 1, 1, 1, 1, 1, 2, 2, 2, 2, 2, 2, 2, 2, 2]"
"['Blood', 'Group', 'A+', 'Organ', 'Donor', 'NO']","[13, 13, 13, 14, 14, 14]"
"['Blood', 'Group', 'A+', 'Organ', 'Donor', 'YES']","[13, 13, 13, 14, 14, 14]"
"['Blood', 'Group', 'AB+', 'Organ', 'Donor', 'YES']","[13, 13, 13, 14, 14, 14]"
"['Permanent', 'Address', '7784', 'Taylor', 'Square', 'Apt.', '997', 'Millsside,', 'ME', '46005', 'Present', 'Address', '74564', 'Kevin', 'Alley', 'West', 'Justin,', 'ND', '01591']","[1, 1, 1, 1, 1, 1, 1, 1, 1, 1, 2, 2, 2, 2, 2, 2, 2, 2, 2]"
"['Katherine', 'Campos', 'DOB', '24-05-2015']","[0, 0, 3, 3]"
"['KL86', '7472806994', 'Issued', 'on', '05-07-2005', 'Expires', 'on', '05-11-2019']","[5, 5, 18, 6, 6, 18, 7, 7]"
"['Blood', 'Group', 'A+', 'Organ', 'Donor', 'NO']","[13, 13, 13, 14, 14, 14]"
"['Linda', 'Robles', 'DOB', '07-11-2023']","[0, 0, 3, 3]"
"['Permanent', 'Address', '663', 'Jennifer', 'Rue', 'Suite', '634', 'South', 'Colleenhaven,', 'WV', '80876', 'Present', 'Address', '8463', 'Ian', 'Highway', 'Apt.', '797', 'Jackiefort,', 'ID', '42528']","[1, 1, 1, 1, 1, 1, 1, 1, 1, 1, 1, 2, 2, 2, 2, 2, 2, 2, 2, 2, 2]"
"['KL87', '5560712830', 'Issued', 'on', '10-11-2005', 'Expires', 'on', '17-05-2010']","[5, 5, 18, 6, 6, 18, 7, 7]"
"['KL53', '9952125442', 'Issued', 'on', '20-11-2006', 'Expires', 'on', '27-05-2023']","[5, 5, 18, 6, 6, 18, 7, 7]"
"['Permanent', 'Address', '4270', 'Christopher', 'Bridge', 'Robinsonchester,', 'ME', '65826', 'Present', 'Address', 'Unit', '7051', 'Box', '2046', 'DPO', 'AE', '71698']","[1, 1, 1, 1, 1, 1, 1, 1, 2, 2, 2, 2, 2, 2, 2, 2, 2]"
"['KL66', '9551219870', 'Issued', 'on', '12-03-2021', 'Expires', 'on', '18-05-2011']","[5, 5, 18, 6, 6, 18, 7, 7]"
"['Blood', 'Group', 'B-', 'Organ', 'Donor', 'NO']","[13, 13, 13, 14, 14, 14]"
"['Blood', 'Group', 'AB+', 'Organ', 'Donor', 'NO']","[13, 13, 13, 14, 14, 14]"
"['Blood', 'Group', 'AB+', 'Organ', 'Donor', 'YES']","[13, 13, 13, 14, 14, 14]"
"['Emergency', 'Contact', '246.501.3673']","[17, 17, 17]"
"['Permanent', 'Address', '376', 'Mayer', 'Estate', 'Lake', 'Sharonhaven,', 'DE', '33703', 'Present', 'Address', '50313', 'Nguyen', 'Expressway', 'Suite', '916', 'North', 'Tanya,', 'OR', '91039']","[1, 1, 1, 1, 1, 1, 1, 1, 1, 2, 2, 2, 2, 2, 2, 2, 2, 2, 2, 2]"
"['KL22', '6955247915', 'Issued', 'on', '15-05-2021', 'Expires', 'on', '15-08-2028']","[5, 5, 18, 6, 6, 18, 7, 7]"
"['KL94', '5940815822', 'Issued', 'on', '26-06-2025', 'Expires', 'on', '22-06-2010']","[5, 5, 18, 6, 6, 18, 7, 7]"
"['KL94', '6797436140', 'Issued', 'on', '01-11-2017', 'Expires', 'on', '30-03-2008']","[5, 5, 18, 6, 6, 18, 7, 7]"
"['Jonathan', 'Parks', 'DOB', '17-09-2016']","[0, 0, 3, 3]"
"['Permanent', 'Address', 'USS', 'Brown', 'FPO', 'AP', '20675', 'Present', 'Address', '73585', 'Quinn', 'Brooks', 'Howardberg,', 'KS', '05676']","[1, 1, 1, 1, 1, 1, 1, 2, 2, 2, 2, 2, 2, 2, 2]"
"['Blood', 'Group', 'A+', 'Organ', 'Donor', 'NO']","[13, 13, 13, 14, 14, 14]"
"['Permanent', 'Address', '487', 'Ashley', 'Plains', 'Suite', '574', 'North', 'Amanda,', 'NV', '39255', 'Present', 'Address', '0862', 'Christine', 'Lakes', 'Apt.', '518', 'Leefort,', 'WI', '72782']","[1, 1, 1, 1, 1, 1, 1, 1, 1, 1, 1, 2, 2, 2, 2, 2, 2, 2, 2, 2, 2]"
"['Permanent', 'Address', '6511', 'Bradley', 'Curve', 'Apt.', '031', 'Leeton,', 'OK', '84616', 'Present', 'Address', '994', 'Michael', 'Rest', 'Apt.', '037', 'South', 'Laurieton,', 'MN', '73641']","[1, 1, 1, 1, 1, 1, 1, 1, 1, 1, 2, 2, 2, 2, 2, 2, 2, 2, 2, 2, 2]"
"['KL26', '3260842187', 'Issued', 'on', '09-05-2019', 'Expires', 'on', '03-10-2017']","[5, 5, 18, 6, 6, 18, 7, 7]"
"['Permanent', 'Address', '480', 'Mary', 'Club', 'New', 'Colton,', 'VA', '30780', 'Present', 'Address', '83928', 'Reese', 'Trafficway', 'Emilychester,', 'FM', '14145']","[1, 1, 1, 1, 1, 1, 1, 1, 1, 2, 2, 2, 2, 2, 2, 2, 2]"
"['Blood', 'Group', 'AB+', 'Organ', 'Donor', 'YES']","[13, 13, 13, 14, 14, 14]"
"['Blood', 'Group', 'B-', 'Organ', 'Donor', 'YES']","[13, 13, 13, 14, 14, 14]"
"['KL72', '1824656200', 'Issued', 'on', '16-11-2010', 'Expires', 'on', '03-05-2011']","[5, 5, 18, 6, 6, 18, 7, 7]"
"['Kathy', 'Sandoval', 'DOB', '14-05-2023']","[0, 0, 3, 3]"
"['KL47', '9752058817', 'Issued', 'on', '11-08-2025', 'Expires', 'on', '09-04-2020']","[5, 5, 18, 6, 6, 18, 7, 7]"
"['KL89', '2617999521', 'Issued', 'on', '09-03-2017', 'Expires', 'on', '03-12-2015']","[5, 5, 18, 6, 6, 18, 7, 7]"
"['KL98', '2879792991', 'Issued', 'on', '01-12-2023', 'Expires', 'on', '30-03-2016']","[5, 5, 18, 6, 6, 18, 7, 7]"
"['Blood', 'Group', 'B-', 'Organ', 'Donor', 'NO']","[13, 13, 13, 14, 14, 14]"
"['Permanent', 'Address', '659', 'Anna', 'Forest', 'Suite', '845', 'Westfurt,', 'AL', '95700', 'Present', 'Address', '082', 'Smith', 'Forges', 'Apt.', '504', 'North', 'Benjamin,', 'MI', '20962']","[1, 1, 1, 1, 1, 1, 1, 1, 1, 1, 2, 2, 2, 2, 2, 2, 2, 2, 2, 2, 2]"
"['Emergency', 'Contact', '(845)593-3441']","[17, 17, 17]"
"['Emergency', 'Contact', '001-315-272-7919x4096']","[17, 17, 17]"
"['KL40', '4586784711', 'Issued', 'on', '29-07-2016', 'Expires', 'on', '13-01-2017']","[5, 5, 18, 6, 6, 18, 7, 7]"
"['Blood', 'Group', 'O-', 'Organ', 'Donor', 'NO']","[13, 13, 13, 14, 14, 14]"
"['Emergency', 'Contact', '(461)739-0604x80589']","[17, 17, 17]"
"['Emergency', 'Contact', '432.406.7998x13646']","[17, 17, 17]"
"['Blood', 'Group', 'O-', 'Organ', 'Donor', 'YES']","[13, 13, 13, 14, 14, 14]"
"['Emergency', 'Contact', '917-590-8641x68622']","[17, 17, 17]"
"['Emergency', 'Contact', '369.338.9833x1465']","[17, 17, 17]"
"['KL42', '9814045133', 'Issued', 'on', '21-01-2028', 'Expires', 'on', '09-04-2019']","[5, 5, 18, 6, 6, 18, 7, 7]"
"['Blood', 'Group', 'AB+', 'Organ', 'Donor', 'YES']","[13, 13, 13, 14, 14, 14]"
"['Permanent', 'Address', '55904', 'Vanessa', 'Ridges', 'Suite', '927', 'Port', 'Jesusstad,', 'FL', '99818', 'Present', 'Address', '03924', 'Matthew', 'Unions', 'West', 'Shannontown,', 'MA', '27896']","[1, 1, 1, 1, 1, 1, 1, 1, 1, 1, 1, 2, 2, 2, 2, 2, 2, 2, 2, 2]"
"['Blood', 'Group', 'A+', 'Organ', 'Donor', 'NO']","[13, 13, 13, 14, 14, 14]"
"['KL30', '6466597005', 'Issued', 'on', '04-07-2023', 'Expires', 'on', '29-05-2012']","[5, 5, 18, 6, 6, 18, 7, 7]"
"['Joseph', 'Green', 'DOB', '19-08-2021']","[0, 0, 3, 3]"
"['KL65', '4910589015', 'Issued', 'on', '25-05-2026', 'Expires', 'on', '13-01-2030']","[5, 5, 18, 6, 6, 18, 7, 7]"
"['Emergency', 'Contact', '(606)598-0420']","[17, 17, 17]"
"['Emergency', 'Contact', '001-694-807-0164x510']","[17, 17, 17]"
"['James', 'Bray', 'DOB', '02-08-2008']","[0, 0, 3, 3]"
"['Blood', 'Group', 'O-', 'Organ', 'Donor', 'NO']","[13, 13, 13, 14, 14, 14]"
"['KL20', '2610237679', 'Issued', 'on', '07-12-2015', 'Expires', 'on', '09-09-2021']","[5, 5, 18, 6, 6, 18, 7, 7]"
"['KL22', '8086527181', 'Issued', 'on', '07-07-2025', 'Expires', 'on', '15-04-2023']","[5, 5, 18, 6, 6, 18, 7, 7]"
"['Emergency', 'Contact', '623-787-8003']","[17, 17, 17]"
"['KL46', '4569592370', 'Issued', 'on', '13-11-2021', 'Expires', 'on', '02-08-2018']","[5, 5, 18, 6, 6, 18, 7, 7]"
"['Emergency', 'Contact', '001-220-655-5438x4046']","[17, 17, 17]"
"['Blood', 'Group', 'A+', 'Organ', 'Donor', 'YES']","[13, 13, 13, 14, 14, 14]"
"['KL37', '4586139213', 'Issued', 'on', '15-11-2012', 'Expires', 'on', '12-05-2010']","[5, 5, 18, 6, 6, 18, 7, 7]"
"['Blood', 'Group', 'O-', 'Organ', 'Donor', 'YES']","[13, 13, 13, 14, 14, 14]"
"['Emergency', 'Contact', '762-916-8936x39264']","[17, 17, 17]"
"['KL25', '1205082311', 'Issued', 'on', '25-08-2023', 'Expires', 'on', '06-09-2009']","[5, 5, 18, 6, 6, 18, 7, 7]"
"['Blood', 'Group', 'O-', 'Organ', 'Donor', 'YES']","[13, 13, 13, 14, 14, 14]"
"['KL73', '9660523876', 'Issued', 'on', '26-03-2012', 'Expires', 'on', '26-05-2027']","[5, 5, 18, 6, 6, 18, 7, 7]"
"['Blood', 'Group', 'B-', 'Organ', 'Donor', 'YES']","[13, 13, 13, 14, 14, 14]"
"['KL10', '7935554354', 'Issued', 'on', '30-11-2009', 'Expires', 'on', '19-12-2024']","[5, 5, 18, 6, 6, 18, 7, 7]"
"['KL63', '3869961166', 'Issued', 'on', '14-08-2023', 'Expires', 'on', '22-06-2028']","[5, 5, 18, 6, 6, 18, 7, 7]"
"['Blood', 'Group', 'AB+', 'Organ', 'Donor', 'YES']","[13, 13, 13, 14, 14, 14]"
"['Shari', 'Parker', 'DOB', '11-03-2029']","[0, 0, 3, 3]"
"['Blood', 'Group', 'A+', 'Organ', 'Donor', 'NO']","[13, 13, 13, 14, 14, 14]"
"['Emergency', 'Contact', '226.729.2518x81252']","[17, 17, 17]"
"['KL59', '9508499533', 'Issued', 'on', '15-04-2019', 'Expires', 'on', '11-03-2019']","[5, 5, 18, 6, 6, 18, 7, 7]"
"['KL12', '5585133383', 'Issued', 'on', '09-07-2015', 'Expires', 'on', '09-04-2020']","[5, 5, 18, 6, 6, 18, 7, 7]"
"['KL94', '3698343112', 'Issued', 'on', '13-11-2026', 'Expires', 'on', '07-07-2014']","[5, 5, 18, 6, 6, 18, 7, 7]"
"['Emergency', 'Contact', '(531)522-0994']","[17, 17, 17]"
"['Permanent', 'Address', '1728', 'Joseph', 'Landing', 'Port', 'Paul,', 'NJ', '18525', 'Present', 'Address', '60463', 'Katherine', 'Circles', 'South', 'Michelle,', 'NM', '90660']","[1, 1, 1, 1, 1, 1, 1, 1, 1, 2, 2, 2, 2, 2, 2, 2, 2, 2]"
"['KL15', '3760786161', 'Issued', 'on', '02-04-2016', 'Expires', 'on', '07-10-2020']","[5, 5, 18, 6, 6, 18, 7, 7]"
"['Emergency', 'Contact', '266.309.6569']","[17, 17, 17]"
"['Permanent', 'Address', '88608', 'Black', 'Roads', 'East', 'Kellyfurt,', 'FM', '40419', 'Present', 'Address', '2649', 'Hannah', 'Divide', 'Suite', '718', 'East', 'Kimberlyside,', 'DC', '52021']","[1, 1, 1, 1, 1, 1, 1, 1, 1, 2, 2, 2, 2, 2, 2, 2, 2, 2, 2, 2]"
"['Jerry', 'White', 'DOB', '14-04-2025']","[0, 0, 3, 3]"
"['Blood', 'Group', 'B-', 'Organ', 'Donor', 'YES']","[13, 13, 13, 14, 14, 14]"
"['KL68', '5453811475', 'Issued', 'on', '12-06-2029', 'Expires', 'on', '26-01-2012']","[5, 5, 18, 6, 6, 18, 7, 7]"
"['KL35', '4804440746', 'Issued', 'on', '01-09-2020', 'Expires', 'on', '07-04-2008']","[5, 5, 18, 6, 6, 18, 7, 7]"
"['KL49', '7508522951', 'Issued', 'on', '15-09-2013', 'Expires', 'on', '23-03-2016']","[5, 5, 18, 6, 6, 18, 7, 7]"
"['Susan', 'Hogan', 'DOB', '22-08-2029']","[0, 0, 3, 3]"
"['Blood', 'Group', 'AB+', 'Organ', 'Donor', 'YES']","[13, 13, 13, 14, 14, 14]"
"['Emergency', 'Contact', '001-811-217-5186x8926']","[17, 17, 17]"
"['KL55', '8111312076', 'Issued', 'on', '05-01-2011', 'Expires', 'on', '08-08-2016']","[5, 5, 18, 6, 6, 18, 7, 7]"
"['KL57', '9403012103', 'Issued', 'on', '09-06-2024', 'Expires', 'on', '22-08-2027']","[5, 5, 18, 6, 6, 18, 7, 7]"
"['KL33', '7431813987', 'Issued', 'on', '22-04-2010', 'Expires', 'on', '18-09-2010']","[5, 5, 18, 6, 6, 18, 7, 7]"
"['Cassidy', 'Joseph', 'DOB', '23-06-2019']","[0, 0, 3, 3]"
"['Blood', 'Group', 'A+', 'Organ', 'Donor', 'NO']","[13, 13, 13, 14, 14, 14]"
"['KL87', '6556684476', 'Issued', 'on', '06-09-2015', 'Expires', 'on', '24-09-2015']","[5, 5, 18, 6, 6, 18, 7, 7]"
"['KL51', '8133593748', 'Issued', 'on', '16-01-2030', 'Expires', 'on', '19-05-2020']","[5, 5, 18, 6, 6, 18, 7, 7]"
"['KL87', '8377306021', 'Issued', 'on', '09-01-2015', 'Expires', 'on', '07-07-2026']","[5, 5, 18, 6, 6, 18, 7, 7]"
"['KL66', '6804850108', 'Issued', 'on', '07-05-2011', 'Expires', 'on', '13-03-2009']","[5, 5, 18, 6, 6, 18, 7, 7]"
"['KL55', '7163022531', 'Issued', 'on', '04-09-2009', 'Expires', 'on', '06-02-2012']","[5, 5, 18, 6, 6, 18, 7, 7]"
"['Permanent', 'Address', '77780', 'Young', 'Radial', 'Suite', '767', 'New', 'Carolbury,', 'FM', '72242', 'Present', 'Address', '22050', 'Melissa', 'Shores', 'Markland,', 'AR', '14773']","[1, 1, 1, 1, 1, 1, 1, 1, 1, 1, 1, 2, 2, 2, 2, 2, 2, 2, 2]"
"['Emergency', 'Contact', '(622)749-9982x79501']","[17, 17, 17]"
"['KL95', '8033062794', 'Issued', 'on', '27-09-2017', 'Expires', 'on', '03-02-2018']","[5, 5, 18, 6, 6, 18, 7, 7]"
"['Blood', 'Group', 'B-', 'Organ', 'Donor', 'YES']","[13, 13, 13, 14, 14, 14]"
"['KL87', '2881937953', 'Issued', 'on', '02-07-2007', 'Expires', 'on', '27-09-2019']","[5, 5, 18, 6, 6, 18, 7, 7]"
"['KL40', '6868336102', 'Issued', 'on', '06-12-2023', 'Expires', 'on', '29-05-2007']","[5, 5, 18, 6, 6, 18, 7, 7]"
"['Blood', 'Group', 'A+', 'Organ', 'Donor', 'YES']","[13, 13, 13, 14, 14, 14]"
"['Permanent', 'Address', '45868', 'Heather', 'Ridge', 'North', 'Ashleyhaven,', 'CO', '63895', 'Present', 'Address', '9548', 'Ho', 'Ridges', 'Suite', '877', 'New', 'Jesse,', 'LA', '25870']","[1, 1, 1, 1, 1, 1, 1, 1, 1, 2, 2, 2, 2, 2, 2, 2, 2, 2, 2, 2]"
"['Alexander', 'Garrett', 'DOB', '18-03-2009']","[0, 0, 3, 3]"
"['Blood', 'Group', 'A+', 'Organ', 'Donor', 'YES']","[13, 13, 13, 14, 14, 14]"
"['Blood', 'Group', 'O-', 'Organ', 'Donor', 'NO']","[13, 13, 13, 14, 14, 14]"
"['Permanent', 'Address', '660', 'Bailey', 'Valley', 'North', 'Danielle,', 'UT', '37414', 'Present', 'Address', '4885', 'Daniel', 'Isle', 'Randyshire,', 'RI', '04317']","[1, 1, 1, 1, 1, 1, 1, 1, 1, 2, 2, 2, 2, 2, 2, 2, 2]"
"['KL24', '9701231535', 'Issued', 'on', '05-03-2011', 'Expires', 'on', '20-10-2011']","[5, 5, 18, 6, 6, 18, 7, 7]"
"['KL76', '3412365931', 'Issued', 'on', '11-06-2016', 'Expires', 'on', '11-09-2016']","[5, 5, 18, 6, 6, 18, 7, 7]"
"['KL43', '8318786687', 'Issued', 'on', '30-01-2028', 'Expires', 'on', '02-07-2021']","[5, 5, 18, 6, 6, 18, 7, 7]"
"['KL88', '3109688769', 'Issued', 'on', '05-05-2021', 'Expires', 'on', '29-05-2006']","[5, 5, 18, 6, 6, 18, 7, 7]"
"['KL19', '2941508568', 'Issued', 'on', '02-03-2027', 'Expires', 'on', '26-10-2009']","[5, 5, 18, 6, 6, 18, 7, 7]"
"['Emergency', 'Contact', '227.585.7608x4958']","[17, 17, 17]"
"['Blood', 'Group', 'A+', 'Organ', 'Donor', 'NO']","[13, 13, 13, 14, 14, 14]"
"['Permanent', 'Address', '1240', 'Terrell', 'Road', 'Apt.', '996', 'New', 'Darryl,', 'WY', '99006', 'Present', 'Address', '046', 'Tyler', 'Freeway', 'Suite', '743', 'Gregorystad,', 'WY', '05402']","[1, 1, 1, 1, 1, 1, 1, 1, 1, 1, 1, 2, 2, 2, 2, 2, 2, 2, 2, 2, 2]"
"['Permanent', 'Address', '8078', 'James', 'Orchard', 'Kimberlyberg,', 'WI', '13379', 'Present', 'Address', '07681', 'Larry', 'Cape', 'West', 'Steventon,', 'CT', '68734']","[1, 1, 1, 1, 1, 1, 1, 1, 2, 2, 2, 2, 2, 2, 2, 2, 2]"
"['Blood', 'Group', 'AB+', 'Organ', 'Donor', 'NO']","[13, 13, 13, 14, 14, 14]"
"['Emergency', 'Contact', '001-340-694-3533x44857']","[17, 17, 17]"
"['Permanent', 'Address', '09881', 'Amy', 'Plaza', 'Suite', '424', 'East', 'Charles,', 'RI', '44900', 'Present', 'Address', '07016', 'Christopher', 'Lock', 'Lake', 'Caitlin,', 'OR', '83006']","[1, 1, 1, 1, 1, 1, 1, 1, 1, 1, 1, 2, 2, 2, 2, 2, 2, 2, 2, 2]"
"['Melissa', 'Jensen', 'DOB', '30-10-2015']","[0, 0, 3, 3]"
"['Permanent', 'Address', '817', 'Christopher', 'Unions', 'Davisport,', 'TX', '84966', 'Present', 'Address', '3329', 'Durham', 'Lock', 'Apt.', '557', 'Johnsonfort,', 'DE', '46565']","[1, 1, 1, 1, 1, 1, 1, 1, 2, 2, 2, 2, 2, 2, 2, 2, 2, 2]"
"['Emergency', 'Contact', '372.645.9928x1615']","[17, 17, 17]"
"['Blood', 'Group', 'A+', 'Organ', 'Donor', 'YES']","[13, 13, 13, 14, 14, 14]"
"['Emergency', 'Contact', '+1-476-996-3938']","[17, 17, 17]"
"['KL73', '5407856339', 'Issued', 'on', '04-04-2018', 'Expires', 'on', '12-06-2007']","[5, 5, 18, 6, 6, 18, 7, 7]"
"['Permanent', 'Address', '9583', 'Elaine', 'Club', 'Suite', '199', 'Nguyenville,', 'GU', '58856', 'Present', 'Address', '91965', 'Newman', 'Circle', 'Apt.', '329', 'Port', 'Dwayneberg,', 'NV', '70133']","[1, 1, 1, 1, 1, 1, 1, 1, 1, 1, 2, 2, 2, 2, 2, 2, 2, 2, 2, 2, 2]"
"['Blood', 'Group', 'B-', 'Organ', 'Donor', 'YES']","[13, 13, 13, 14, 14, 14]"
"['KL60', '8382488970', 'Issued', 'on', '12-02-2015', 'Expires', 'on', '20-06-2018']","[5, 5, 18, 6, 6, 18, 7, 7]"
"['Blood', 'Group', 'O-', 'Organ', 'Donor', 'YES']","[13, 13, 13, 14, 14, 14]"
"['KL50', '3758823240', 'Issued', 'on', '22-02-2026', 'Expires', 'on', '11-11-2024']","[5, 5, 18, 6, 6, 18, 7, 7]"
"['Blood', 'Group', 'AB+', 'Organ', 'Donor', 'YES']","[13, 13, 13, 14, 14, 14]"
"['Emergency', 'Contact', '833.454.9465x190']","[17, 17, 17]"
"['Emergency', 'Contact', '805-780-0851x4036']","[17, 17, 17]"
"['Permanent', 'Address', '6832', 'Taylor', 'Point', 'Suite', '562', 'Whitneyberg,', 'DC', '02021', 'Present', 'Address', '76212', 'Dalton', 'Turnpike', 'Hansonmouth,', 'NY', '56091']","[1, 1, 1, 1, 1, 1, 1, 1, 1, 1, 2, 2, 2, 2, 2, 2, 2, 2]"
"['KL26', '5952163720', 'Issued', 'on', '25-12-2023', 'Expires', 'on', '05-07-2020']","[5, 5, 18, 6, 6, 18, 7, 7]"
"['KL51', '6263354802', 'Issued', 'on', '16-04-2018', 'Expires', 'on', '15-04-2017']","[5, 5, 18, 6, 6, 18, 7, 7]"
"['Jeff', 'Smith', 'DOB', '23-02-2022']","[0, 0, 3, 3]"
"['Blood', 'Group', 'AB+', 'Organ', 'Donor', 'YES']","[13, 13, 13, 14, 14, 14]"
"['KL91', '2178758213', 'Issued', 'on', '25-01-2030', 'Expires', 'on', '03-04-2013']","[5, 5, 18, 6, 6, 18, 7, 7]"
"['Permanent', 'Address', '8950', 'Ashley', 'Squares', 'Suite', '197', 'East', 'Jessicahaven,', 'PR', '98881', 'Present', 'Address', '189', 'John', 'Roads', 'Apt.', '894', 'West', 'Amandatown,', 'NJ', '60012']","[1, 1, 1, 1, 1, 1, 1, 1, 1, 1, 1, 2, 2, 2, 2, 2, 2, 2, 2, 2, 2, 2]"
"['Permanent', 'Address', '565', 'Roberts', 'Camp', 'Suite', '940', 'Laneshire,', 'AR', '86526', 'Present', 'Address', 'Unit', '9047', 'Box', '1281', 'DPO', 'AA', '33537']","[1, 1, 1, 1, 1, 1, 1, 1, 1, 1, 2, 2, 2, 2, 2, 2, 2, 2, 2]"
"['KL92', '1662259333', 'Issued', 'on', '16-09-2009', 'Expires', 'on', '24-02-2026']","[5, 5, 18, 6, 6, 18, 7, 7]"
"['Permanent', 'Address', '19292', 'Wood', 'Extensions', 'Suite', '372', 'West', 'Traceyberg,', 'PA', '20705', 'Present', 'Address', '3723', 'Brown', 'Greens', 'Apt.', '027', 'Alvarezfort,', 'WA', '99123']","[1, 1, 1, 1, 1, 1, 1, 1, 1, 1, 1, 2, 2, 2, 2, 2, 2, 2, 2, 2, 2]"
"['Permanent', 'Address', 'PSC', '3667,', 'Box', '4286', 'APO', 'AE', '38353', 'Present', 'Address', 'PSC', '7658,', 'Box', '0185', 'APO', 'AA', '80518']","[1, 1, 1, 1, 1, 1, 1, 1, 1, 2, 2, 2, 2, 2, 2, 2, 2, 2]"
"['Permanent', 'Address', 'PSC', '4544,', 'Box', '1496', 'APO', 'AA', '89012', 'Present', 'Address', '525', 'Emily', 'Village', 'North', 'Roberthaven,', 'CT', '90350']","[1, 1, 1, 1, 1, 1, 1, 1, 1, 2, 2, 2, 2, 2, 2, 2, 2, 2]"
"['Emergency', 'Contact', '553.344.3009x109']","[17, 17, 17]"
"['Permanent', 'Address', '92692', 'Heather', 'Glen', 'Stevenland,', 'SC', '59934', 'Present', 'Address', 'PSC', '4654,', 'Box', '2140', 'APO', 'AA', '51434']","[1, 1, 1, 1, 1, 1, 1, 1, 2, 2, 2, 2, 2, 2, 2, 2, 2]"
"['Emergency', 'Contact', '404-842-7173x96271']","[17, 17, 17]"
"['KL15', '7752277876', 'Issued', 'on', '18-08-2012', 'Expires', 'on', '02-02-2026']","[5, 5, 18, 6, 6, 18, 7, 7]"
"['Permanent', 'Address', '410', 'Chad', 'Stream', 'Suite', '707', 'Lake', 'Danielle,', 'AZ', '87612', 'Present', 'Address', '569', 'Zachary', 'Trail', 'Mendozafurt,', 'PR', '95890']","[1, 1, 1, 1, 1, 1, 1, 1, 1, 1, 1, 2, 2, 2, 2, 2, 2, 2, 2]"
"['KL90', '7638204740', 'Issued', 'on', '02-08-2007', 'Expires', 'on', '30-07-2023']","[5, 5, 18, 6, 6, 18, 7, 7]"
"['Permanent', 'Address', '719', 'Cook', 'Hollow', 'Suite', '015', 'Christophermouth,', 'WV', '38506', 'Present', 'Address', '063', 'Dominguez', 'Coves', 'Tommouth,', 'WA', '25334']","[1, 1, 1, 1, 1, 1, 1, 1, 1, 1, 2, 2, 2, 2, 2, 2, 2, 2]"
"['KL41', '8236980551', 'Issued', 'on', '17-12-2009', 'Expires', 'on', '31-05-2006']","[5, 5, 18, 6, 6, 18, 7, 7]"
"['KL19', '3957572769', 'Issued', 'on', '08-10-2011', 'Expires', 'on', '23-01-2006']","[5, 5, 18, 6, 6, 18, 7, 7]"
"['KL63', '7374810067', 'Issued', 'on', '08-09-2029', 'Expires', 'on', '16-05-2025']","[5, 5, 18, 6, 6, 18, 7, 7]"
"['KL87', '5912019621', 'Issued', 'on', '24-04-2013', 'Expires', 'on', '04-11-2021']","[5, 5, 18, 6, 6, 18, 7, 7]"
"['Emergency', 'Contact', '(818)347-8700x5050']","[17, 17, 17]"
"['KL54', '9484167278', 'Issued', 'on', '26-05-2012', 'Expires', 'on', '12-06-2027']","[5, 5, 18, 6, 6, 18, 7, 7]"
"['KL57', '5751023835', 'Issued', 'on', '27-11-2027', 'Expires', 'on', '31-12-2022']","[5, 5, 18, 6, 6, 18, 7, 7]"
"['KL25', '6443749394', 'Issued', 'on', '17-10-2020', 'Expires', 'on', '08-04-2028']","[5, 5, 18, 6, 6, 18, 7, 7]"
"['KL22', '5512315375', 'Issued', 'on', '16-06-2023', 'Expires', 'on', '08-04-2010']","[5, 5, 18, 6, 6, 18, 7, 7]"
"['Crystal', 'Jones', 'DOB', '06-01-2010']","[0, 0, 3, 3]"
"['Emergency', 'Contact', '407.390.3202x0417']","[17, 17, 17]"
"['Blood', 'Group', 'B-', 'Organ', 'Donor', 'NO']","[13, 13, 13, 14, 14, 14]"
"['Ashley', 'Crawford', 'DOB', '22-02-2026']","[0, 0, 3, 3]"
"['Permanent', 'Address', '5651', 'Marc', 'Underpass', 'Port', 'Brandon,', 'HI', '44476', 'Present', 'Address', '62582', 'Sanchez', 'Prairie', 'Apt.', '219', 'Stricklandtown,', 'FM', '64328']","[1, 1, 1, 1, 1, 1, 1, 1, 1, 2, 2, 2, 2, 2, 2, 2, 2, 2, 2]"
"['KL30', '7505693643', 'Issued', 'on', '12-12-2007', 'Expires', 'on', '31-05-2005']","[5, 5, 18, 6, 6, 18, 7, 7]"
"['Blood', 'Group', 'AB+', 'Organ', 'Donor', 'NO']","[13, 13, 13, 14, 14, 14]"
"['KL60', '7465834732', 'Issued', 'on', '11-06-2005', 'Expires', 'on', '21-04-2011']","[5, 5, 18, 6, 6, 18, 7, 7]"
"['Michelle', 'Wheeler', 'DOB', '08-11-2014']","[0, 0, 3, 3]"
"['KL55', '1208985103', 'Issued', 'on', '12-05-2019', 'Expires', 'on', '17-10-2028']","[5, 5, 18, 6, 6, 18, 7, 7]"
"['KL86', '7316122432', 'Issued', 'on', '24-05-2021', 'Expires', 'on', '03-10-2028']","[5, 5, 18, 6, 6, 18, 7, 7]"
"['Blood', 'Group', 'A+', 'Organ', 'Donor', 'NO']","[13, 13, 13, 14, 14, 14]"
"['KL43', '8419590655', 'Issued', 'on', '07-07-2009', 'Expires', 'on', '19-03-2012']","[5, 5, 18, 6, 6, 18, 7, 7]"
"['Emergency', 'Contact', '(448)976-3290']","[17, 17, 17]"
"['Blood', 'Group', 'O-', 'Organ', 'Donor', 'YES']","[13, 13, 13, 14, 14, 14]"
"['Permanent', 'Address', '456', 'Angela', 'Fields', 'New', 'Tiffanystad,', 'VI', '71243', 'Present', 'Address', '340', 'Daniel', 'Drive', 'Suite', '722', 'North', 'Deannaport,', 'IL', '57474']","[1, 1, 1, 1, 1, 1, 1, 1, 1, 2, 2, 2, 2, 2, 2, 2, 2, 2, 2, 2]"
"['KL80', '2239534867', 'Issued', 'on', '02-10-2013', 'Expires', 'on', '28-07-2016']","[5, 5, 18, 6, 6, 18, 7, 7]"
"['Blood', 'Group', 'O-', 'Organ', 'Donor', 'NO']","[13, 13, 13, 14, 14, 14]"
"['Emergency', 'Contact', '+1-370-510-8220x781']","[17, 17, 17]"
"['Permanent', 'Address', '3531', 'Perez', 'Freeway', 'Suite', '363', 'South', 'Brendaton,', 'FM', '57630', 'Present', 'Address', '65273', 'Cantrell', 'Flats', 'Suite', '209', 'West', 'Derekmouth,', 'NH', '55318']","[1, 1, 1, 1, 1, 1, 1, 1, 1, 1, 1, 2, 2, 2, 2, 2, 2, 2, 2, 2, 2, 2]"
"['Permanent', 'Address', '49292', 'Christopher', 'Walks', 'Suite', '397', 'Ramirezchester,', 'WA', '32830', 'Present', 'Address', '392', 'Robert', 'Cape', 'Apt.', '780', 'Schmidtfort,', 'AS', '91812']","[1, 1, 1, 1, 1, 1, 1, 1, 1, 1, 2, 2, 2, 2, 2, 2, 2, 2, 2, 2]"
"['KL22', '6986770879', 'Issued', 'on', '13-07-2008', 'Expires', 'on', '04-08-2020']","[5, 5, 18, 6, 6, 18, 7, 7]"
"['Emergency', 'Contact', '931.680.6325x4310']","[17, 17, 17]"
"['KL56', '4242550727', 'Issued', 'on', '14-09-2010', 'Expires', 'on', '16-02-2029']","[5, 5, 18, 6, 6, 18, 7, 7]"
"['KL75', '1172893522', 'Issued', 'on', '28-10-2020', 'Expires', 'on', '09-08-2024']","[5, 5, 18, 6, 6, 18, 7, 7]"
"['KL52', '8747974356', 'Issued', 'on', '21-01-2025', 'Expires', 'on', '11-01-2006']","[5, 5, 18, 6, 6, 18, 7, 7]"
"['Blood', 'Group', 'B-', 'Organ', 'Donor', 'YES']","[13, 13, 13, 14, 14, 14]"
"['KL88', '2368076065', 'Issued', 'on', '03-09-2020', 'Expires', 'on', '23-12-2020']","[5, 5, 18, 6, 6, 18, 7, 7]"
"['Blood', 'Group', 'AB+', 'Organ', 'Donor', 'NO']","[13, 13, 13, 14, 14, 14]"
"['Blood', 'Group', 'O-', 'Organ', 'Donor', 'NO']","[13, 13, 13, 14, 14, 14]"
"['Blood', 'Group', 'A+', 'Organ', 'Donor', 'NO']","[13, 13, 13, 14, 14, 14]"
"['KL24', '9503597301', 'Issued', 'on', '30-11-2009', 'Expires', 'on', '14-02-2029']","[5, 5, 18, 6, 6, 18, 7, 7]"
"['Permanent', 'Address', '701', 'Barry', 'Isle', 'Apt.', '464', 'Port', 'Gail,', 'RI', '44501', 'Present', 'Address', '501', 'Diaz', 'River', 'West', 'Michaelside,', 'VT', '09283']","[1, 1, 1, 1, 1, 1, 1, 1, 1, 1, 1, 2, 2, 2, 2, 2, 2, 2, 2, 2]"
"['Emergency', 'Contact', '+1-532-553-8179']","[17, 17, 17]"
"['Permanent', 'Address', '640', 'Nathan', 'Mission', 'Suite', '881', 'Mckinneyside,', 'MH', '38808', 'Present', 'Address', '137', 'Christopher', 'Fall', 'Suite', '112', 'Danielberg,', 'NM', '20227']","[1, 1, 1, 1, 1, 1, 1, 1, 1, 1, 2, 2, 2, 2, 2, 2, 2, 2, 2, 2]"
"['Permanent', 'Address', '6827', 'Fisher', 'Street', 'West', 'Jaimetown,', 'VI', '30952', 'Present', 'Address', '9557', 'Ellis', 'Port', 'Apt.', '424', 'South', 'Nathan,', 'LA', '06703']","[1, 1, 1, 1, 1, 1, 1, 1, 1, 2, 2, 2, 2, 2, 2, 2, 2, 2, 2, 2]"
"['KL70', '9810503338', 'Issued', 'on', '31-03-2010', 'Expires', 'on', '19-03-2017']","[5, 5, 18, 6, 6, 18, 7, 7]"
"['Blood', 'Group', 'O-', 'Organ', 'Donor', 'YES']","[13, 13, 13, 14, 14, 14]"
"['Emergency', 'Contact', '272-792-8422x2231']","[17, 17, 17]"
"['KL83', '1471997674', 'Issued', 'on', '29-09-2024', 'Expires', 'on', '02-07-2009']","[5, 5, 18, 6, 6, 18, 7, 7]"
"['KL50', '2798647685', 'Issued', 'on', '14-03-2020', 'Expires', 'on', '22-01-2014']","[5, 5, 18, 6, 6, 18, 7, 7]"
"['Blood', 'Group', 'B-', 'Organ', 'Donor', 'NO']","[13, 13, 13, 14, 14, 14]"
"['Blood', 'Group', 'O-', 'Organ', 'Donor', 'YES']","[13, 13, 13, 14, 14, 14]"
"['Permanent', 'Address', '055', 'Nathan', 'Plains', 'New', 'Kevin,', 'PW', '03767', 'Present', 'Address', '75208', 'Holland', 'Hill', 'Suite', '492', 'Morganville,', 'VA', '63282']","[1, 1, 1, 1, 1, 1, 1, 1, 1, 2, 2, 2, 2, 2, 2, 2, 2, 2, 2]"
"['Blood', 'Group', 'AB+', 'Organ', 'Donor', 'NO']","[13, 13, 13, 14, 14, 14]"
"['Blood', 'Group', 'AB+', 'Organ', 'Donor', 'YES']","[13, 13, 13, 14, 14, 14]"
"['Blood', 'Group', 'AB+', 'Organ', 'Donor', 'NO']","[13, 13, 13, 14, 14, 14]"
"['Permanent', 'Address', 'PSC', '2814,', 'Box', '0693', 'APO', 'AA', '47345', 'Present', 'Address', '398', 'Kimberly', 'Trafficway', 'Jamesland,', 'ND', '58888']","[1, 1, 1, 1, 1, 1, 1, 1, 1, 2, 2, 2, 2, 2, 2, 2, 2]"
"['Emergency', 'Contact', '+1-818-763-7599x80562']","[17, 17, 17]"
"['Permanent', 'Address', '5547', 'Jason', 'Mills', 'Laraport,', 'GA', '95921', 'Present', 'Address', 'Unit', '6629', 'Box', '9123', 'DPO', 'AA', '62709']","[1, 1, 1, 1, 1, 1, 1, 1, 2, 2, 2, 2, 2, 2, 2, 2, 2]"
"['Emergency', 'Contact', '451.596.1064x62879']","[17, 17, 17]"
"['KL71', '6353758928', 'Issued', 'on', '12-07-2011', 'Expires', 'on', '10-03-2018']","[5, 5, 18, 6, 6, 18, 7, 7]"
"['Permanent', 'Address', '49478', 'Walker', 'Turnpike', 'Apt.', '244', 'Martinezport,', 'MT', '24011', 'Present', 'Address', '14719', 'Perkins', 'Port', 'Oneillfort,', 'UT', '16175']","[1, 1, 1, 1, 1, 1, 1, 1, 1, 1, 2, 2, 2, 2, 2, 2, 2, 2]"
"['KL48', '8607135564', 'Issued', 'on', '23-11-2017', 'Expires', 'on', '21-08-2022']","[5, 5, 18, 6, 6, 18, 7, 7]"
"['Permanent', 'Address', '2902', 'Murray', 'Square', 'West', 'Frank,', 'KY', '47839', 'Present', 'Address', '44818', 'Katie', 'Falls', 'Apt.', '928', 'Moniqueport,', 'KY', '90343']","[1, 1, 1, 1, 1, 1, 1, 1, 1, 2, 2, 2, 2, 2, 2, 2, 2, 2, 2]"
"['Permanent', 'Address', '89520', 'April', 'Landing', 'Suite', '652', 'East', 'Ericbury,', 'MP', '25197', 'Present', 'Address', '7112', 'Timothy', 'Inlet', 'Donmouth,', 'FM', '78836']","[1, 1, 1, 1, 1, 1, 1, 1, 1, 1, 1, 2, 2, 2, 2, 2, 2, 2, 2]"
"['Blood', 'Group', 'O-', 'Organ', 'Donor', 'NO']","[13, 13, 13, 14, 14, 14]"
"['Permanent', 'Address', '40132', 'Hailey', 'Inlet', 'Apt.', '321', 'Vazquezville,', 'CA', '02965', 'Present', 'Address', '31089', 'Taylor', 'Glen', 'Apt.', '140', 'Port', 'Davidborough,', 'OR', '26718']","[1, 1, 1, 1, 1, 1, 1, 1, 1, 1, 2, 2, 2, 2, 2, 2, 2, 2, 2, 2, 2]"
"['Gregory', 'Davis', 'DOB', '21-08-2014']","[0, 0, 3, 3]"
"['Permanent', 'Address', 'USNV', 'Bell', 'FPO', 'AP', '95994', 'Present', 'Address', '90833', 'Jackson', 'Throughway', 'Lake', 'Coreyborough,', 'PW', '66586']","[1, 1, 1, 1, 1, 1, 1, 2, 2, 2, 2, 2, 2, 2, 2, 2]"
"['KL83', '9504724761', 'Issued', 'on', '12-04-2029', 'Expires', 'on', '08-05-2021']","[5, 5, 18, 6, 6, 18, 7, 7]"
"['Emergency', 'Contact', '(892)371-2566x383']","[17, 17, 17]"
"['Emily', 'Owens', 'DOB', '18-11-2022']","[0, 0, 3, 3]"
"['Emergency', 'Contact', '(375)848-0157']","[17, 17, 17]"
"['KL46', '5634396131', 'Issued', 'on', '06-11-2014', 'Expires', 'on', '29-09-2020']","[5, 5, 18, 6, 6, 18, 7, 7]"
"['Emily', 'Cherry', 'DOB', '21-04-2020']","[0, 0, 3, 3]"
"['Permanent', 'Address', '6317', 'White', 'Spring', 'Suite', '167', 'North', 'Douglasfurt,', 'UT', '77906', 'Present', 'Address', 'Unit', '2153', 'Box', '5396', 'DPO', 'AE', '31023']","[1, 1, 1, 1, 1, 1, 1, 1, 1, 1, 1, 2, 2, 2, 2, 2, 2, 2, 2, 2]"
"['Permanent', 'Address', '9946', 'Alvarez', 'Rapids', 'Suite', '784', 'Port', 'Shawn,', 'DE', '33359', 'Present', 'Address', '201', 'Maria', 'Parks', 'East', 'Patrickmouth,', 'FL', '40183']","[1, 1, 1, 1, 1, 1, 1, 1, 1, 1, 1, 2, 2, 2, 2, 2, 2, 2, 2, 2]"
"['KL78', '2166605339', 'Issued', 'on', '12-05-2026', 'Expires', 'on', '28-05-2026']","[5, 5, 18, 6, 6, 18, 7, 7]"
"['KL85', '2027708670', 'Issued', 'on', '23-06-2008', 'Expires', 'on', '20-10-2007']","[5, 5, 18, 6, 6, 18, 7, 7]"
"['KL77', '2000025413', 'Issued', 'on', '10-09-2027', 'Expires', 'on', '21-11-2022']","[5, 5, 18, 6, 6, 18, 7, 7]"
"['KL52', '8375996697', 'Issued', 'on', '11-12-2021', 'Expires', 'on', '20-01-2021']","[5, 5, 18, 6, 6, 18, 7, 7]"
"['KL27', '4990452762', 'Issued', 'on', '26-01-2012', 'Expires', 'on', '10-03-2015']","[5, 5, 18, 6, 6, 18, 7, 7]"
"['Blood', 'Group', 'O-', 'Organ', 'Donor', 'NO']","[13, 13, 13, 14, 14, 14]"
"['Permanent', 'Address', '485', 'Stephanie', 'Bypass', 'Suite', '167', 'Melissamouth,', 'NH', '05217', 'Present', 'Address', '276', 'Larry', 'Loaf', 'Suite', '197', 'Alvarezburgh,', 'NY', '07806']","[1, 1, 1, 1, 1, 1, 1, 1, 1, 1, 2, 2, 2, 2, 2, 2, 2, 2, 2, 2]"
"['Emergency', 'Contact', '(447)796-9545x0090']","[17, 17, 17]"
"['KL46', '3774110439', 'Issued', 'on', '25-01-2017', 'Expires', 'on', '25-01-2025']","[5, 5, 18, 6, 6, 18, 7, 7]"
"['Steven', 'Peterson', 'DOB', '05-07-2008']","[0, 0, 3, 3]"
"['KL83', '4957687327', 'Issued', 'on', '07-10-2019', 'Expires', 'on', '10-12-2016']","[5, 5, 18, 6, 6, 18, 7, 7]"
"['Blood', 'Group', 'B-', 'Organ', 'Donor', 'YES']","[13, 13, 13, 14, 14, 14]"
"['Jennifer', 'Brown', 'MD', 'DOB', '07-03-2013']","[0, 0, 3, 3]"
"['Blood', 'Group', 'O-', 'Organ', 'Donor', 'YES']","[13, 13, 13, 14, 14, 14]"
"['Leslie', 'Lozano', 'DOB', '06-06-2007']","[0, 0, 3, 3]"
"['Ashley', 'Jackson', 'DOB', '09-07-2023']","[0, 0, 3, 3]"
"['Joel', 'Boyer', 'DOB', '11-07-2024']","[0, 0, 3, 3]"
"['Emergency', 'Contact', '964.307.9056x96591']","[17, 17, 17]"
"['KL82', '3588933132', 'Issued', 'on', '14-09-2028', 'Expires', 'on', '02-03-2028']","[5, 5, 18, 6, 6, 18, 7, 7]"
"['Jonathan', 'Cain', 'DOB', '28-11-2027']","[0, 0, 3, 3]"
"['KL68', '5031086659', 'Issued', 'on', '01-10-2016', 'Expires', 'on', '13-11-2010']","[5, 5, 18, 6, 6, 18, 7, 7]"
"['Emergency', 'Contact', '+1-645-863-7183x440']","[17, 17, 17]"
"['Blood', 'Group', 'B-', 'Organ', 'Donor', 'YES']","[13, 13, 13, 14, 14, 14]"
"['KL68', '8079331637', 'Issued', 'on', '19-11-2012', 'Expires', 'on', '13-06-2026']","[5, 5, 18, 6, 6, 18, 7, 7]"
"['Permanent', 'Address', '919', 'Nelson', 'Port', 'Simmonsstad,', 'WY', '10549', 'Present', 'Address', '468', 'Gonzalez', 'Locks', 'Suite', '987', 'North', 'Courtney,', 'NC', '24951']","[1, 1, 1, 1, 1, 1, 1, 1, 2, 2, 2, 2, 2, 2, 2, 2, 2, 2, 2]"
"['KL53', '8691288568', 'Issued', 'on', '28-10-2024', 'Expires', 'on', '08-03-2022']","[5, 5, 18, 6, 6, 18, 7, 7]"
"['Permanent', 'Address', '8969', 'Alexa', 'Lakes', 'Suite', '232', 'Meganchester,', 'MD', '08945', 'Present', 'Address', '4249', 'Richard', 'Crescent', 'Apt.', '303', 'Stevenside,', 'NE', '55815']","[1, 1, 1, 1, 1, 1, 1, 1, 1, 1, 2, 2, 2, 2, 2, 2, 2, 2, 2, 2]"
"['Emergency', 'Contact', '+1-203-224-2044x8207']","[17, 17, 17]"
"['KL91', '9147736635', 'Issued', 'on', '21-01-2008', 'Expires', 'on', '18-11-2015']","[5, 5, 18, 6, 6, 18, 7, 7]"
"['Emergency', 'Contact', '+1-341-665-1623x198']","[17, 17, 17]"
"['Blood', 'Group', 'A+', 'Organ', 'Donor', 'NO']","[13, 13, 13, 14, 14, 14]"
"['Permanent', 'Address', '91559', 'Shaffer', 'Summit', 'South', 'Jeffery,', 'CT', '23458', 'Present', 'Address', '6490', 'Ferguson', 'Squares', 'Apt.', '586', 'Vegaview,', 'FM', '19494']","[1, 1, 1, 1, 1, 1, 1, 1, 1, 2, 2, 2, 2, 2, 2, 2, 2, 2, 2]"
"['KL27', '7345617046', 'Issued', 'on', '20-07-2017', 'Expires', 'on', '14-05-2021']","[5, 5, 18, 6, 6, 18, 7, 7]"
"['Samantha', 'Smith', 'DOB', '23-10-2025']","[0, 0, 3, 3]"
"['KL59', '6306523372', 'Issued', 'on', '20-05-2006', 'Expires', 'on', '24-09-2027']","[5, 5, 18, 6, 6, 18, 7, 7]"
"['Emergency', 'Contact', '5349864518']","[17, 17, 17]"
"['Theodore', 'Long', 'DOB', '22-11-2013']","[0, 0, 3, 3]"
"['KL83', '5344083406', 'Issued', 'on', '09-06-2015', 'Expires', 'on', '08-04-2008']","[5, 5, 18, 6, 6, 18, 7, 7]"
"['Permanent', 'Address', 'USNS', 'Evans', 'FPO', 'AE', '58021', 'Present', 'Address', '41776', 'Love', 'Wells', 'Apt.', '248', 'West', 'Robertside,', 'WA', '43331']","[1, 1, 1, 1, 1, 1, 1, 2, 2, 2, 2, 2, 2, 2, 2, 2, 2, 2]"
"['Permanent', 'Address', '27206', 'Courtney', 'Island', 'North', 'Erichaven,', 'VT', '85590', 'Present', 'Address', '7724', 'Grace', 'Views', 'Suite', '431', 'Richardsonfurt,', 'FM', '49957']","[1, 1, 1, 1, 1, 1, 1, 1, 1, 2, 2, 2, 2, 2, 2, 2, 2, 2, 2]"
"['KL25', '7293823553', 'Issued', 'on', '09-08-2024', 'Expires', 'on', '01-11-2012']","[5, 5, 18, 6, 6, 18, 7, 7]"
"['KL97', '6562144159', 'Issued', 'on', '26-11-2005', 'Expires', 'on', '24-12-2005']","[5, 5, 18, 6, 6, 18, 7, 7]"
"['Permanent', 'Address', 'PSC', '9317,', 'Box', '3420', 'APO', 'AA', '81504', 'Present', 'Address', '15291', 'Jennifer', 'Mews', 'Suite', '713', 'East', 'Sophia,', 'GU', '35392']","[1, 1, 1, 1, 1, 1, 1, 1, 1, 2, 2, 2, 2, 2, 2, 2, 2, 2, 2, 2]"
"['KL27', '3053775623', 'Issued', 'on', '30-12-2014', 'Expires', 'on', '05-01-2022']","[5, 5, 18, 6, 6, 18, 7, 7]"
"['Blood', 'Group', 'AB+', 'Organ', 'Donor', 'NO']","[13, 13, 13, 14, 14, 14]"
"['Permanent', 'Address', '93436', 'Ricky', 'Drive', 'Apt.', '443', 'Solomonstad,', 'OR', '90189', 'Present', 'Address', '72563', 'Erickson', 'Street', 'Charlesside,', 'AR', '07331']","[1, 1, 1, 1, 1, 1, 1, 1, 1, 1, 2, 2, 2, 2, 2, 2, 2, 2]"
"['David', 'Odonnell', 'DOB', '30-10-2025']","[0, 0, 3, 3]"
"['Emergency', 'Contact', '+1-490-604-8964x65280']","[17, 17, 17]"
"['Emergency', 'Contact', '(887)457-2158']","[17, 17, 17]"
"['Emergency', 'Contact', '615-702-7456x449']","[17, 17, 17]"
"['Emergency', 'Contact', '(925)672-8703x20320']","[17, 17, 17]"
"['Permanent', 'Address', '1707', 'Zhang', 'Points', 'Suite', '771', 'North', 'Michael,', 'IL', '37740', 'Present', 'Address', '849', 'Brandy', 'Avenue', 'South', 'Samantha,', 'IA', '65789']","[1, 1, 1, 1, 1, 1, 1, 1, 1, 1, 1, 2, 2, 2, 2, 2, 2, 2, 2, 2]"
"['Permanent', 'Address', '41659', 'Mary', 'Drives', 'Apt.', '177', 'Fullerview,', 'PA', '86747', 'Present', 'Address', '975', 'Jason', 'Causeway', 'Marcuston,', 'WA', '09770']","[1, 1, 1, 1, 1, 1, 1, 1, 1, 1, 2, 2, 2, 2, 2, 2, 2, 2]"
"['Emergency', 'Contact', '+1-396-216-4236']","[17, 17, 17]"
"['Blood', 'Group', 'AB+', 'Organ', 'Donor', 'YES']","[13, 13, 13, 14, 14, 14]"
"['Carla', 'Chan', 'DOB', '23-11-2014']","[0, 0, 3, 3]"
"['KL80', '3304937838', 'Issued', 'on', '21-03-2027', 'Expires', 'on', '15-06-2027']","[5, 5, 18, 6, 6, 18, 7, 7]"
"['KL76', '2897690739', 'Issued', 'on', '11-06-2010', 'Expires', 'on', '20-04-2009']","[5, 5, 18, 6, 6, 18, 7, 7]"
"['Permanent', 'Address', '492', 'Wade', 'Village', 'Suite', '837', 'Mcclurefort,', 'KY', '74302', 'Present', 'Address', '5926', 'Davis', 'Passage', 'Teresabury,', 'SD', '90447']","[1, 1, 1, 1, 1, 1, 1, 1, 1, 1, 2, 2, 2, 2, 2, 2, 2, 2]"
"['Permanent', 'Address', '814', 'Kim', 'Unions', 'Suite', '422', 'Mckenziehaven,', 'NE', '39230', 'Present', 'Address', '81866', 'Steven', 'Stravenue', 'Michaelshire,', 'CO', '66488']","[1, 1, 1, 1, 1, 1, 1, 1, 1, 1, 2, 2, 2, 2, 2, 2, 2, 2]"
"['Blood', 'Group', 'O-', 'Organ', 'Donor', 'YES']","[13, 13, 13, 14, 14, 14]"
"['Blood', 'Group', 'O-', 'Organ', 'Donor', 'NO']","[13, 13, 13, 14, 14, 14]"
"['Permanent', 'Address', '26016', 'Edwards', 'Stream', 'Suite', '794', 'Tammyburgh,', 'IL', '24760', 'Present', 'Address', '168', 'Adam', 'Crescent', 'Apt.', '277', 'Meltonfort,', 'ME', '81568']","[1, 1, 1, 1, 1, 1, 1, 1, 1, 1, 2, 2, 2, 2, 2, 2, 2, 2, 2, 2]"
"['Permanent', 'Address', '641', 'Derek', 'Field', 'Apt.', '030', 'South', 'Deborah,', 'SD', '32191', 'Present', 'Address', '47276', 'Darren', 'Drives', 'Maynardfort,', 'AK', '59419']","[1, 1, 1, 1, 1, 1, 1, 1, 1, 1, 1, 2, 2, 2, 2, 2, 2, 2, 2]"
"['Permanent', 'Address', '9605', 'Curtis', 'Vista', 'Pettyfort,', 'WA', '76347', 'Present', 'Address', '76789', 'Hall', 'Circle', 'Apt.', '695', 'West', 'Patriciachester,', 'FM', '62542']","[1, 1, 1, 1, 1, 1, 1, 1, 2, 2, 2, 2, 2, 2, 2, 2, 2, 2, 2]"
"['KL12', '6995554056', 'Issued', 'on', '06-03-2009', 'Expires', 'on', '13-01-2022']","[5, 5, 18, 6, 6, 18, 7, 7]"
"['Emergency', 'Contact', '+1-557-760-2437x573']","[17, 17, 17]"
"['Permanent', 'Address', 'PSC', '7246,', 'Box', '6572', 'APO', 'AP', '27660', 'Present', 'Address', '722', 'Eric', 'Overpass', 'Port', 'Robertfort,', 'ME', '31266']","[1, 1, 1, 1, 1, 1, 1, 1, 1, 2, 2, 2, 2, 2, 2, 2, 2, 2]"
"['Permanent', 'Address', '54522', 'Lindsay', 'Junction', 'Wilsonbury,', 'DE', '74161', 'Present', 'Address', '5084', 'Melissa', 'Well', 'Apt.', '077', 'North', 'Kimberlyville,', 'GU', '74225']","[1, 1, 1, 1, 1, 1, 1, 1, 2, 2, 2, 2, 2, 2, 2, 2, 2, 2, 2]"
"['KL54', '4008130163', 'Issued', 'on', '17-08-2006', 'Expires', 'on', '17-06-2022']","[5, 5, 18, 6, 6, 18, 7, 7]"
"['Blood', 'Group', 'A+', 'Organ', 'Donor', 'YES']","[13, 13, 13, 14, 14, 14]"
"['Mark', 'Pitts', 'DOB', '03-07-2017']","[0, 0, 3, 3]"
"['Blood', 'Group', 'AB+', 'Organ', 'Donor', 'NO']","[13, 13, 13, 14, 14, 14]"
"['KL27', '7100408092', 'Issued', 'on', '17-07-2010', 'Expires', 'on', '24-12-2029']","[5, 5, 18, 6, 6, 18, 7, 7]"
"['Jeremy', 'Hunter', 'DOB', '14-02-2030']","[0, 0, 3, 3]"
"['Blood', 'Group', 'O-', 'Organ', 'Donor', 'NO']","[13, 13, 13, 14, 14, 14]"
"['KL94', '8989870040', 'Issued', 'on', '29-07-2008', 'Expires', 'on', '13-06-2010']","[5, 5, 18, 6, 6, 18, 7, 7]"
"['KL78', '5203589186', 'Issued', 'on', '20-03-2027', 'Expires', 'on', '29-07-2017']","[5, 5, 18, 6, 6, 18, 7, 7]"
"['Emergency', 'Contact', '621-737-6037x54821']","[17, 17, 17]"
"['Emergency', 'Contact', '001-965-732-8632x666']","[17, 17, 17]"
"['Jessica', 'Carrillo', 'DOB', '13-08-2029']","[0, 0, 3, 3]"
"['Blood', 'Group', 'O-', 'Organ', 'Donor', 'NO']","[13, 13, 13, 14, 14, 14]"
"['Emergency', 'Contact', '611.855.6260x60290']","[17, 17, 17]"
"['KL54', '5961208540', 'Issued', 'on', '16-11-2018', 'Expires', 'on', '13-05-2028']","[5, 5, 18, 6, 6, 18, 7, 7]"
"['KL24', '8130494783', 'Issued', 'on', '16-01-2029', 'Expires', 'on', '14-01-2024']","[5, 5, 18, 6, 6, 18, 7, 7]"
"['Permanent', 'Address', '0489', 'Isabella', 'Mission', 'Apt.', '899', 'Terryfurt,', 'WI', '26360', 'Present', 'Address', '85628', 'Lewis', 'Pass', 'Adrienneburgh,', 'AK', '04156']","[1, 1, 1, 1, 1, 1, 1, 1, 1, 1, 2, 2, 2, 2, 2, 2, 2, 2]"
"['Kimberly', 'Green', 'DOB', '17-07-2015']","[0, 0, 3, 3]"
"['Emergency', 'Contact', '001-668-210-5485x1017']","[17, 17, 17]"
"['KL18', '5439176290', 'Issued', 'on', '13-08-2020', 'Expires', 'on', '24-09-2016']","[5, 5, 18, 6, 6, 18, 7, 7]"
"['Permanent', 'Address', 'Unit', '9989', 'Box', '3544', 'DPO', 'AP', '94198', 'Present', 'Address', '683', 'Mark', 'Prairie', 'Port', 'Kimberly,', 'NH', '13344']","[1, 1, 1, 1, 1, 1, 1, 1, 1, 2, 2, 2, 2, 2, 2, 2, 2, 2]"
"['Permanent', 'Address', '1106', 'Thomas', 'Mission', 'Apt.', '586', 'Wigginsshire,', 'NM', '83923', 'Present', 'Address', '762', 'William', 'Oval', 'Suite', '288', 'Lake', 'Jasonfort,', 'AZ', '98345']","[1, 1, 1, 1, 1, 1, 1, 1, 1, 1, 2, 2, 2, 2, 2, 2, 2, 2, 2, 2, 2]"
"['KL15', '7022683808', 'Issued', 'on', '15-07-2010', 'Expires', 'on', '21-03-2024']","[5, 5, 18, 6, 6, 18, 7, 7]"
"['KL37', '4333167876', 'Issued', 'on', '06-10-2017', 'Expires', 'on', '28-03-2009']","[5, 5, 18, 6, 6, 18, 7, 7]"
"['KL47', '7769342363', 'Issued', 'on', '01-09-2025', 'Expires', 'on', '07-02-2019']","[5, 5, 18, 6, 6, 18, 7, 7]"
"['Permanent', 'Address', '408', 'David', 'Inlet', 'Suite', '447', 'Port', 'Douglasshire,', 'MT', '06877', 'Present', 'Address', 'USNV', 'Small', 'FPO', 'AE', '24497']","[1, 1, 1, 1, 1, 1, 1, 1, 1, 1, 1, 2, 2, 2, 2, 2, 2, 2]"
"['Emergency', 'Contact', '001-970-718-5106x7949']","[17, 17, 17]"
"['Emergency', 'Contact', '(879)822-8777x2519']","[17, 17, 17]"
"['KL28', '3238756255', 'Issued', 'on', '13-02-2013', 'Expires', 'on', '26-08-2018']","[5, 5, 18, 6, 6, 18, 7, 7]"
"['Blood', 'Group', 'AB+', 'Organ', 'Donor', 'YES']","[13, 13, 13, 14, 14, 14]"
"['Permanent', 'Address', '741', 'Jasmine', 'Ports', 'Annville,', 'SD', '73816', 'Present', 'Address', '837', 'David', 'Place', 'North', 'Joshua,', 'IL', '32651']","[1, 1, 1, 1, 1, 1, 1, 1, 2, 2, 2, 2, 2, 2, 2, 2, 2]"
"['Permanent', 'Address', '89569', 'Travis', 'Brooks', 'Suite', '626', 'Port', 'Allisonfurt,', 'KS', '12431', 'Present', 'Address', '242', 'Jonathan', 'Corners', 'West', 'Stephanie,', 'TX', '22677']","[1, 1, 1, 1, 1, 1, 1, 1, 1, 1, 1, 2, 2, 2, 2, 2, 2, 2, 2, 2]"
"['Permanent', 'Address', '00461', 'Thomas', 'Islands', 'Suite', '610', 'East', 'Karen,', 'OR', '31498', 'Present', 'Address', '40578', 'Jones', 'Burgs', 'Suite', '304', 'East', 'Kathrynberg,', 'ME', '74982']","[1, 1, 1, 1, 1, 1, 1, 1, 1, 1, 1, 2, 2, 2, 2, 2, 2, 2, 2, 2, 2, 2]"
"['KL96', '3128675098', 'Issued', 'on', '14-01-2019', 'Expires', 'on', '16-05-2020']","[5, 5, 18, 6, 6, 18, 7, 7]"
"['Mark', 'Harris', 'DOB', '16-01-2010']","[0, 0, 3, 3]"
"['William', 'Casey', 'DOB', '28-06-2023']","[0, 0, 3, 3]"
"['Permanent', 'Address', 'USCGC', 'Williams', 'FPO', 'AA', '81861', 'Present', 'Address', '07494', 'Kidd', 'Ville', 'New', 'Mary,', 'LA', '06462']","[1, 1, 1, 1, 1, 1, 1, 2, 2, 2, 2, 2, 2, 2, 2, 2]"
"['Emergency', 'Contact', '(689)814-1612']","[17, 17, 17]"
"['KL63', '2753459822', 'Issued', 'on', '16-05-2012', 'Expires', 'on', '20-12-2025']","[5, 5, 18, 6, 6, 18, 7, 7]"
"['KL33', '3033747850', 'Issued', 'on', '17-05-2022', 'Expires', 'on', '11-01-2016']","[5, 5, 18, 6, 6, 18, 7, 7]"
"['Emergency', 'Contact', '+1-254-974-3553x79502']","[17, 17, 17]"
"['KL28', '8755749566', 'Issued', 'on', '06-05-2005', 'Expires', 'on', '11-07-2005']","[5, 5, 18, 6, 6, 18, 7, 7]"
"['Jennifer', 'Woodard', 'DOB', '16-02-2029']","[0, 0, 3, 3]"
"['Permanent', 'Address', '118', 'Patricia', 'Via', 'Suite', '156', 'Paultown,', 'DE', '61147', 'Present', 'Address', '0304', 'Lee', 'Via', 'Lindseybury,', 'IN', '65225']","[1, 1, 1, 1, 1, 1, 1, 1, 1, 1, 2, 2, 2, 2, 2, 2, 2, 2]"
"['Amanda', 'Vasquez', 'DOB', '25-02-2029']","[0, 0, 3, 3]"
"['Permanent', 'Address', '36149', 'Jackson', 'Fields', 'North', 'Brianna,', 'WA', '09027', 'Present', 'Address', '430', 'Becker', 'Motorway', 'South', 'Danielleton,', 'PR', '42837']","[1, 1, 1, 1, 1, 1, 1, 1, 1, 2, 2, 2, 2, 2, 2, 2, 2, 2]"
"['KL41', '2095197958', 'Issued', 'on', '01-12-2019', 'Expires', 'on', '16-01-2019']","[5, 5, 18, 6, 6, 18, 7, 7]"
"['KL20', '9255898264', 'Issued', 'on', '10-07-2014', 'Expires', 'on', '04-05-2009']","[5, 5, 18, 6, 6, 18, 7, 7]"
"['Emergency', 'Contact', '+1-287-875-8030x46875']","[17, 17, 17]"
"['KL34', '5516315438', 'Issued', 'on', '27-10-2011', 'Expires', 'on', '02-08-2016']","[5, 5, 18, 6, 6, 18, 7, 7]"
"['Blood', 'Group', 'A+', 'Organ', 'Donor', 'YES']","[13, 13, 13, 14, 14, 14]"
"['KL85', '3400244542', 'Issued', 'on', '25-12-2007', 'Expires', 'on', '27-08-2024']","[5, 5, 18, 6, 6, 18, 7, 7]"
"['Blood', 'Group', 'AB+', 'Organ', 'Donor', 'NO']","[13, 13, 13, 14, 14, 14]"
"['Wanda', 'Perez', 'DOB', '29-08-2028']","[0, 0, 3, 3]"
"['KL34', '6173344564', 'Issued', 'on', '15-08-2019', 'Expires', 'on', '25-09-2007']","[5, 5, 18, 6, 6, 18, 7, 7]"
"['Christina', 'Murphy', 'DOB', '03-05-2007']","[0, 0, 3, 3]"
"['Permanent', 'Address', '76095', 'Wright', 'Mountains', 'West', 'Marissa,', 'GU', '44225', 'Present', 'Address', '99717', 'Christopher', 'Circle', 'South', 'Lawrenceland,', 'WY', '17217']","[1, 1, 1, 1, 1, 1, 1, 1, 1, 2, 2, 2, 2, 2, 2, 2, 2, 2]"
"['Emergency', 'Contact', '2706496110']","[17, 17, 17]"
"['Blood', 'Group', 'AB+', 'Organ', 'Donor', 'NO']","[13, 13, 13, 14, 14, 14]"
"['KL75', '9086615744', 'Issued', 'on', '06-03-2018', 'Expires', 'on', '12-11-2018']","[5, 5, 18, 6, 6, 18, 7, 7]"
"['Blood', 'Group', 'O-', 'Organ', 'Donor', 'NO']","[13, 13, 13, 14, 14, 14]"
"['Paul', 'Hall', 'DOB', '07-08-2025']","[0, 0, 3, 3]"
"['Blood', 'Group', 'O-', 'Organ', 'Donor', 'YES']","[13, 13, 13, 14, 14, 14]"
"['Permanent', 'Address', '6769', 'Matthew', 'Spring', 'South', 'Zacharyshire,', 'ID', '14657', 'Present', 'Address', '392', 'Kelly', 'Orchard', 'Lopezberg,', 'AS', '06277']","[1, 1, 1, 1, 1, 1, 1, 1, 1, 2, 2, 2, 2, 2, 2, 2, 2]"
"['KL28', '5364631241', 'Issued', 'on', '04-04-2007', 'Expires', 'on', '17-07-2009']","[5, 5, 18, 6, 6, 18, 7, 7]"
"['Permanent', 'Address', '549', 'Dylan', 'Inlet', 'Suite', '450', 'North', 'John,', 'GU', '73829', 'Present', 'Address', '3331', 'Lopez', 'Mountains', 'Suite', '959', 'Christinachester,', 'MA', '21771']","[1, 1, 1, 1, 1, 1, 1, 1, 1, 1, 1, 2, 2, 2, 2, 2, 2, 2, 2, 2, 2]"
"['Permanent', 'Address', '3033', 'Hanson', 'Garden', 'Navarromouth,', 'AS', '97504', 'Present', 'Address', '05015', 'Angela', 'Divide', 'Suite', '739', 'Bradleytown,', 'ID', '26430']","[1, 1, 1, 1, 1, 1, 1, 1, 2, 2, 2, 2, 2, 2, 2, 2, 2, 2]"
"['Permanent', 'Address', '2583', 'James', 'Fall', 'Reneetown,', 'MP', '89296', 'Present', 'Address', '3473', 'Pacheco', 'Shore', 'New', 'Tiffany,', 'RI', '57349']","[1, 1, 1, 1, 1, 1, 1, 1, 2, 2, 2, 2, 2, 2, 2, 2, 2]"
"['KL35', '2416760621', 'Issued', 'on', '22-05-2029', 'Expires', 'on', '04-06-2007']","[5, 5, 18, 6, 6, 18, 7, 7]"
"['Blood', 'Group', 'B-', 'Organ', 'Donor', 'NO']","[13, 13, 13, 14, 14, 14]"
"['Permanent', 'Address', '38655', 'Rowland', 'Gardens', 'Port', 'Christinaborough,', 'PR', '70685', 'Present', 'Address', '3042', 'Clark', 'Common', 'Gibbsland,', 'GA', '67166']","[1, 1, 1, 1, 1, 1, 1, 1, 1, 2, 2, 2, 2, 2, 2, 2, 2]"
"['Stephen', 'Potter', 'DOB', '07-12-2017']","[0, 0, 3, 3]"
"['KL72', '7402059279', 'Issued', 'on', '01-03-2022', 'Expires', 'on', '08-11-2022']","[5, 5, 18, 6, 6, 18, 7, 7]"
"['KL55', '1726990714', 'Issued', 'on', '29-12-2020', 'Expires', 'on', '16-04-2011']","[5, 5, 18, 6, 6, 18, 7, 7]"
"['Permanent', 'Address', '777', 'Perkins', 'Route', 'Apt.', '333', 'Royfurt,', 'IL', '40608', 'Present', 'Address', '254', 'Dennis', 'Corner', 'Suite', '785', 'New', 'Blake,', 'NY', '81913']","[1, 1, 1, 1, 1, 1, 1, 1, 1, 1, 2, 2, 2, 2, 2, 2, 2, 2, 2, 2, 2]"
"['Blood', 'Group', 'A+', 'Organ', 'Donor', 'YES']","[13, 13, 13, 14, 14, 14]"
"['Emergency', 'Contact', '567-676-6575x46027']","[17, 17, 17]"
"['KL95', '5322385617', 'Issued', 'on', '27-02-2027', 'Expires', 'on', '13-10-2007']","[5, 5, 18, 6, 6, 18, 7, 7]"
"['KL90', '1993998848', 'Issued', 'on', '01-06-2017', 'Expires', 'on', '02-01-2008']","[5, 5, 18, 6, 6, 18, 7, 7]"
"['Permanent', 'Address', '3111', 'Johnson', 'Flats', 'Jamesmouth,', 'KS', '40178', 'Present', 'Address', '92840', 'Campbell', 'Key', 'Suite', '690', 'Valdezberg,', 'VI', '52602']","[1, 1, 1, 1, 1, 1, 1, 1, 2, 2, 2, 2, 2, 2, 2, 2, 2, 2]"
"['KL74', '7253513875', 'Issued', 'on', '10-12-2012', 'Expires', 'on', '02-12-2012']","[5, 5, 18, 6, 6, 18, 7, 7]"
"['KL91', '3095318649', 'Issued', 'on', '23-10-2029', 'Expires', 'on', '04-05-2012']","[5, 5, 18, 6, 6, 18, 7, 7]"
"['KL80', '2766685440', 'Issued', 'on', '05-05-2021', 'Expires', 'on', '24-02-2013']","[5, 5, 18, 6, 6, 18, 7, 7]"
"['KL45', '2231317910', 'Issued', 'on', '01-10-2022', 'Expires', 'on', '04-03-2025']","[5, 5, 18, 6, 6, 18, 7, 7]"
"['Blood', 'Group', 'O-', 'Organ', 'Donor', 'YES']","[13, 13, 13, 14, 14, 14]"
"['KL22', '3252218154', 'Issued', 'on', '01-01-2024', 'Expires', 'on', '23-02-2021']","[5, 5, 18, 6, 6, 18, 7, 7]"
"['KL89', '7556078550', 'Issued', 'on', '13-10-2029', 'Expires', 'on', '24-11-2020']","[5, 5, 18, 6, 6, 18, 7, 7]"
"['Emergency', 'Contact', '415-636-6377x80529']","[17, 17, 17]"
"['KL60', '5634352383', 'Issued', 'on', '12-07-2005', 'Expires', 'on', '16-03-2022']","[5, 5, 18, 6, 6, 18, 7, 7]"
"['Sandra', 'Morgan', 'DOB', '17-06-2019']","[0, 0, 3, 3]"
"['Blood', 'Group', 'B-', 'Organ', 'Donor', 'YES']","[13, 13, 13, 14, 14, 14]"
"['KL20', '4262396395', 'Issued', 'on', '07-09-2019', 'Expires', 'on', '13-07-2028']","[5, 5, 18, 6, 6, 18, 7, 7]"
"['KL58', '3044426338', 'Issued', 'on', '03-12-2018', 'Expires', 'on', '10-09-2028']","[5, 5, 18, 6, 6, 18, 7, 7]"
"['Permanent', 'Address', '090', 'Eric', 'Isle', 'Suite', '636', 'New', 'Paulfort,', 'CT', '43602', 'Present', 'Address', '412', 'Emily', 'Fall', 'Apt.', '970', 'East', 'Chad,', 'MS', '37701']","[1, 1, 1, 1, 1, 1, 1, 1, 1, 1, 1, 2, 2, 2, 2, 2, 2, 2, 2, 2, 2, 2]"
"['Permanent', 'Address', '817', 'Miguel', 'Branch', 'Apt.', '566', 'North', 'David,', 'MT', '63186', 'Present', 'Address', '23467', 'Cassandra', 'Inlet', 'Apt.', '874', 'North', 'Vickie,', 'NV', '08885']","[1, 1, 1, 1, 1, 1, 1, 1, 1, 1, 1, 2, 2, 2, 2, 2, 2, 2, 2, 2, 2, 2]"
"['KL65', '5182609867', 'Issued', 'on', '13-10-2018', 'Expires', 'on', '11-10-2025']","[5, 5, 18, 6, 6, 18, 7, 7]"
"['Emergency', 'Contact', '385.697.7790']","[17, 17, 17]"
"['Tamara', 'Reed', 'DOB', '31-05-2029']","[0, 0, 3, 3]"
"['KL98', '7337225482', 'Issued', 'on', '27-04-2015', 'Expires', 'on', '04-07-2018']","[5, 5, 18, 6, 6, 18, 7, 7]"
"['KL19', '3826557688', 'Issued', 'on', '21-01-2026', 'Expires', 'on', '27-02-2011']","[5, 5, 18, 6, 6, 18, 7, 7]"
"['KL50', '8820716211', 'Issued', 'on', '28-04-2019', 'Expires', 'on', '04-09-2013']","[5, 5, 18, 6, 6, 18, 7, 7]"
"['Luke', 'Reynolds', 'DOB', '15-04-2018']","[0, 0, 3, 3]"
"['KL82', '6719736115', 'Issued', 'on', '16-08-2027', 'Expires', 'on', '10-06-2011']","[5, 5, 18, 6, 6, 18, 7, 7]"
"['Emergency', 'Contact', '001-991-860-3248x413']","[17, 17, 17]"
"['KL98', '4110258855', 'Issued', 'on', '04-01-2024', 'Expires', 'on', '28-04-2009']","[5, 5, 18, 6, 6, 18, 7, 7]"
"['Blood', 'Group', 'AB+', 'Organ', 'Donor', 'YES']","[13, 13, 13, 14, 14, 14]"
"['KL39', '4602080228', 'Issued', 'on', '29-09-2017', 'Expires', 'on', '21-10-2007']","[5, 5, 18, 6, 6, 18, 7, 7]"
"['KL88', '8617360361', 'Issued', 'on', '11-10-2008', 'Expires', 'on', '12-05-2022']","[5, 5, 18, 6, 6, 18, 7, 7]"
"['KL44', '7230065637', 'Issued', 'on', '16-04-2016', 'Expires', 'on', '25-02-2019']","[5, 5, 18, 6, 6, 18, 7, 7]"
"['KL80', '9337145038', 'Issued', 'on', '17-07-2020', 'Expires', 'on', '22-10-2010']","[5, 5, 18, 6, 6, 18, 7, 7]"
"['Blood', 'Group', 'O-', 'Organ', 'Donor', 'YES']","[13, 13, 13, 14, 14, 14]"
"['Emergency', 'Contact', '838-207-0176x563']","[17, 17, 17]"
"['KL41', '4062777850', 'Issued', 'on', '25-07-2005', 'Expires', 'on', '22-09-2013']","[5, 5, 18, 6, 6, 18, 7, 7]"
"['KL29', '6968380957', 'Issued', 'on', '06-02-2009', 'Expires', 'on', '29-04-2029']","[5, 5, 18, 6, 6, 18, 7, 7]"
"['Blood', 'Group', 'A+', 'Organ', 'Donor', 'YES']","[13, 13, 13, 14, 14, 14]"
"['Erin', 'Goodman', 'DOB', '10-09-2021']","[0, 0, 3, 3]"
"['Blood', 'Group', 'AB+', 'Organ', 'Donor', 'YES']","[13, 13, 13, 14, 14, 14]"
"['KL33', '7146010221', 'Issued', 'on', '23-11-2020', 'Expires', 'on', '10-07-2007']","[5, 5, 18, 6, 6, 18, 7, 7]"
"['Permanent', 'Address', '727', 'Skinner', 'Extension', 'New', 'Craigport,', 'DE', '70579', 'Present', 'Address', '04275', 'Jay', 'Bypass', 'South', 'Heather,', 'MP', '83704']","[1, 1, 1, 1, 1, 1, 1, 1, 1, 2, 2, 2, 2, 2, 2, 2, 2, 2]"
"['Blood', 'Group', 'A+', 'Organ', 'Donor', 'YES']","[13, 13, 13, 14, 14, 14]"
"['KL80', '9989642546', 'Issued', 'on', '28-12-2022', 'Expires', 'on', '04-01-2027']","[5, 5, 18, 6, 6, 18, 7, 7]"
"['Permanent', 'Address', '4709', 'Brandon', 'Lane', 'East', 'Nicholas,', 'IA', '26713', 'Present', 'Address', '05313', 'Laura', 'Village', 'Apt.', '206', 'Port', 'Markside,', 'SC', '25345']","[1, 1, 1, 1, 1, 1, 1, 1, 1, 2, 2, 2, 2, 2, 2, 2, 2, 2, 2, 2]"
"['KL59', '5347969846', 'Issued', 'on', '15-06-2026', 'Expires', 'on', '30-03-2012']","[5, 5, 18, 6, 6, 18, 7, 7]"
"['Blood', 'Group', 'A+', 'Organ', 'Donor', 'YES']","[13, 13, 13, 14, 14, 14]"
"['Permanent', 'Address', 'USCGC', 'Mcmillan', 'FPO', 'AE', '30963', 'Present', 'Address', '2065', 'Paul', 'Mount', 'Apt.', '149', 'Bradleyborough,', 'MT', '40023']","[1, 1, 1, 1, 1, 1, 1, 2, 2, 2, 2, 2, 2, 2, 2, 2, 2]"
"['KL58', '1728004476', 'Issued', 'on', '29-07-2025', 'Expires', 'on', '13-03-2022']","[5, 5, 18, 6, 6, 18, 7, 7]"
"['KL44', '3117951204', 'Issued', 'on', '30-08-2008', 'Expires', 'on', '11-06-2029']","[5, 5, 18, 6, 6, 18, 7, 7]"
"['KL65', '6480214504', 'Issued', 'on', '11-06-2023', 'Expires', 'on', '25-07-2024']","[5, 5, 18, 6, 6, 18, 7, 7]"
"['KL19', '6845987005', 'Issued', 'on', '12-01-2011', 'Expires', 'on', '09-10-2013']","[5, 5, 18, 6, 6, 18, 7, 7]"
"['Lindsay', 'Jarvis', 'DOB', '21-11-2028']","[0, 0, 3, 3]"
"['Permanent', 'Address', '2571', 'Smith', 'Prairie', 'Reyesbury,', 'NY', '77501', 'Present', 'Address', '09143', 'Todd', 'River', 'North', 'Devinfort,', 'LA', '26979']","[1, 1, 1, 1, 1, 1, 1, 1, 2, 2, 2, 2, 2, 2, 2, 2, 2]"
"['Blood', 'Group', 'B-', 'Organ', 'Donor', 'NO']","[13, 13, 13, 14, 14, 14]"
"['KL48', '6994451417', 'Issued', 'on', '11-05-2010', 'Expires', 'on', '25-12-2017']","[5, 5, 18, 6, 6, 18, 7, 7]"
"['Emergency', 'Contact', '203.897.5245']","[17, 17, 17]"
"['Blood', 'Group', 'AB+', 'Organ', 'Donor', 'NO']","[13, 13, 13, 14, 14, 14]"
"['KL93', '5879617459', 'Issued', 'on', '01-04-2027', 'Expires', 'on', '05-01-2015']","[5, 5, 18, 6, 6, 18, 7, 7]"
"['KL98', '6157617867', 'Issued', 'on', '02-01-2006', 'Expires', 'on', '28-12-2012']","[5, 5, 18, 6, 6, 18, 7, 7]"
"['KL60', '9455610447', 'Issued', 'on', '18-02-2030', 'Expires', 'on', '20-06-2016']","[5, 5, 18, 6, 6, 18, 7, 7]"
"['KL98', '8013262671', 'Issued', 'on', '10-11-2016', 'Expires', 'on', '10-06-2013']","[5, 5, 18, 6, 6, 18, 7, 7]"
"['Anthony', 'Hardin', 'DOB', '25-08-2013']","[0, 0, 3, 3]"
"['Emergency', 'Contact', '+1-439-568-5270x17130']","[17, 17, 17]"
"['KL45', '6982610835', 'Issued', 'on', '21-06-2009', 'Expires', 'on', '27-04-2008']","[5, 5, 18, 6, 6, 18, 7, 7]"
"['KL82', '8418324922', 'Issued', 'on', '09-02-2011', 'Expires', 'on', '12-05-2025']","[5, 5, 18, 6, 6, 18, 7, 7]"
"['Rebecca', 'Harris', 'DOB', '19-06-2022']","[0, 0, 3, 3]"
"['KL47', '8709662258', 'Issued', 'on', '10-11-2007', 'Expires', 'on', '14-09-2019']","[5, 5, 18, 6, 6, 18, 7, 7]"
"['Permanent', 'Address', '33629', 'Kevin', 'Ports', 'Suite', '347', 'West', 'Raymondburgh,', 'NJ', '58353', 'Present', 'Address', '70661', 'Larson', 'Drives', 'Apt.', '467', 'Shawnfurt,', 'OH', '79933']","[1, 1, 1, 1, 1, 1, 1, 1, 1, 1, 1, 2, 2, 2, 2, 2, 2, 2, 2, 2, 2]"
"['KL48', '6334440295', 'Issued', 'on', '23-07-2021', 'Expires', 'on', '25-08-2007']","[5, 5, 18, 6, 6, 18, 7, 7]"
"['Permanent', 'Address', '23008', 'Henry', 'Mall', 'Suite', '567', 'Danielleshire,', 'CA', '54081', 'Present', 'Address', '9236', 'Wise', 'Terrace', 'Williamfort,', 'SC', '90742']","[1, 1, 1, 1, 1, 1, 1, 1, 1, 1, 2, 2, 2, 2, 2, 2, 2, 2]"
"['Permanent', 'Address', '663', 'Tim', 'Via', 'Crystaltown,', 'UT', '87752', 'Present', 'Address', '724', 'Carrie', 'Shore', 'Apt.', '011', 'Sandersshire,', 'MH', '11032']","[1, 1, 1, 1, 1, 1, 1, 1, 2, 2, 2, 2, 2, 2, 2, 2, 2, 2]"
"['Emergency', 'Contact', '336.726.4488x69461']","[17, 17, 17]"
"['KL86', '8265834251', 'Issued', 'on', '20-01-2010', 'Expires', 'on', '09-05-2014']","[5, 5, 18, 6, 6, 18, 7, 7]"
"['Blood', 'Group', 'AB+', 'Organ', 'Donor', 'YES']","[13, 13, 13, 14, 14, 14]"
"['KL41', '2524751277', 'Issued', 'on', '29-04-2012', 'Expires', 'on', '27-09-2018']","[5, 5, 18, 6, 6, 18, 7, 7]"
"['Permanent', 'Address', '70116', 'Pena', 'Street', 'Jacksonstad,', 'HI', '92781', 'Present', 'Address', '81793', 'James', 'Summit', 'Apt.', '346', 'Simsville,', 'VI', '83919']","[1, 1, 1, 1, 1, 1, 1, 1, 2, 2, 2, 2, 2, 2, 2, 2, 2, 2]"
"['KL92', '8527715219', 'Issued', 'on', '07-11-2010', 'Expires', 'on', '30-11-2007']","[5, 5, 18, 6, 6, 18, 7, 7]"
"['James', 'Hill', 'DOB', '03-11-2016']","[0, 0, 3, 3]"
"['Blood', 'Group', 'A+', 'Organ', 'Donor', 'YES']","[13, 13, 13, 14, 14, 14]"
"['KL75', '6244291385', 'Issued', 'on', '17-03-2006', 'Expires', 'on', '15-02-2025']","[5, 5, 18, 6, 6, 18, 7, 7]"
"['Blood', 'Group', 'O-', 'Organ', 'Donor', 'YES']","[13, 13, 13, 14, 14, 14]"
"['KL13', '3073486033', 'Issued', 'on', '09-03-2013', 'Expires', 'on', '17-06-2021']","[5, 5, 18, 6, 6, 18, 7, 7]"
"['KL20', '5903457537', 'Issued', 'on', '15-09-2021', 'Expires', 'on', '03-02-2028']","[5, 5, 18, 6, 6, 18, 7, 7]"
"['KL68', '4368413994', 'Issued', 'on', '17-08-2008', 'Expires', 'on', '10-07-2005']","[5, 5, 18, 6, 6, 18, 7, 7]"
"['Blood', 'Group', 'AB+', 'Organ', 'Donor', 'NO']","[13, 13, 13, 14, 14, 14]"
"['KL99', '7238213207', 'Issued', 'on', '11-04-2007', 'Expires', 'on', '02-04-2014']","[5, 5, 18, 6, 6, 18, 7, 7]"
"['KL15', '1494287462', 'Issued', 'on', '11-06-2005', 'Expires', 'on', '02-11-2027']","[5, 5, 18, 6, 6, 18, 7, 7]"
"['Emergency', 'Contact', '001-601-938-0698']","[17, 17, 17]"
"['Permanent', 'Address', '655', 'Key', 'Viaduct', 'Apt.', '566', 'West', 'Morganville,', 'AL', '60390', 'Present', 'Address', '209', 'Misty', 'Harbors', 'Apt.', '579', 'Robertsonborough,', 'AL', '84134']","[1, 1, 1, 1, 1, 1, 1, 1, 1, 1, 1, 2, 2, 2, 2, 2, 2, 2, 2, 2, 2]"
"['Permanent', 'Address', 'USNV', 'Smith', 'FPO', 'AA', '06498', 'Present', 'Address', 'Unit', '5739', 'Box', '7691', 'DPO', 'AA', '56588']","[1, 1, 1, 1, 1, 1, 1, 2, 2, 2, 2, 2, 2, 2, 2, 2]"
"['KL41', '3216176949', 'Issued', 'on', '26-05-2021', 'Expires', 'on', '07-08-2027']","[5, 5, 18, 6, 6, 18, 7, 7]"
"['Permanent', 'Address', '649', 'Jennifer', 'Ways', 'East', 'Tylerland,', 'ME', '88720', 'Present', 'Address', 'Unit', '7271', 'Box', '7833', 'DPO', 'AE', '22839']","[1, 1, 1, 1, 1, 1, 1, 1, 1, 2, 2, 2, 2, 2, 2, 2, 2, 2]"
"['KL64', '9411532909', 'Issued', 'on', '25-08-2027', 'Expires', 'on', '05-01-2029']","[5, 5, 18, 6, 6, 18, 7, 7]"
"['KL61', '3704799972', 'Issued', 'on', '29-03-2008', 'Expires', 'on', '14-10-2008']","[5, 5, 18, 6, 6, 18, 7, 7]"
"['KL94', '7150970643', 'Issued', 'on', '30-12-2019', 'Expires', 'on', '21-07-2029']","[5, 5, 18, 6, 6, 18, 7, 7]"
"['KL88', '4792874364', 'Issued', 'on', '12-03-2006', 'Expires', 'on', '26-08-2010']","[5, 5, 18, 6, 6, 18, 7, 7]"
"['Blood', 'Group', 'O-', 'Organ', 'Donor', 'NO']","[13, 13, 13, 14, 14, 14]"
"['KL37', '6178804925', 'Issued', 'on', '22-04-2016', 'Expires', 'on', '31-03-2018']","[5, 5, 18, 6, 6, 18, 7, 7]"
"['Emergency', 'Contact', '001-343-747-1287x15399']","[17, 17, 17]"
"['Emergency', 'Contact', '(568)363-3414x1115']","[17, 17, 17]"
"['KL23', '3305920746', 'Issued', 'on', '08-09-2024', 'Expires', 'on', '17-09-2017']","[5, 5, 18, 6, 6, 18, 7, 7]"
"['Blood', 'Group', 'B-', 'Organ', 'Donor', 'NO']","[13, 13, 13, 14, 14, 14]"
"['KL95', '8999963054', 'Issued', 'on', '14-07-2009', 'Expires', 'on', '11-11-2015']","[5, 5, 18, 6, 6, 18, 7, 7]"
"['Blood', 'Group', 'AB+', 'Organ', 'Donor', 'NO']","[13, 13, 13, 14, 14, 14]"
"['Permanent', 'Address', 'USS', 'Collins', 'FPO', 'AP', '70703', 'Present', 'Address', '5528', 'Daniel', 'Branch', 'Suite', '524', 'South', 'Erin,', 'FL', '79336']","[1, 1, 1, 1, 1, 1, 1, 2, 2, 2, 2, 2, 2, 2, 2, 2, 2, 2]"
"['Permanent', 'Address', '548', 'Joshua', 'Vista', 'Welchborough,', 'NM', '38707', 'Present', 'Address', '52330', 'Melissa', 'Stream', 'Suite', '420', 'Rogersfort,', 'MI', '99816']","[1, 1, 1, 1, 1, 1, 1, 1, 2, 2, 2, 2, 2, 2, 2, 2, 2, 2]"
"['KL68', '3651552513', 'Issued', 'on', '07-07-2018', 'Expires', 'on', '03-07-2018']","[5, 5, 18, 6, 6, 18, 7, 7]"
"['Emergency', 'Contact', '784-243-8612']","[17, 17, 17]"
"['Permanent', 'Address', '2927', 'Carter', 'Drive', 'Apt.', '330', 'Jessicashire,', 'CT', '89409', 'Present', 'Address', '6201', 'Mccann', 'Fall', 'North', 'Tinamouth,', 'OR', '57362']","[1, 1, 1, 1, 1, 1, 1, 1, 1, 1, 2, 2, 2, 2, 2, 2, 2, 2, 2]"
"['KL88', '3534753843', 'Issued', 'on', '03-04-2010', 'Expires', 'on', '13-07-2026']","[5, 5, 18, 6, 6, 18, 7, 7]"
"['Permanent', 'Address', '13674', 'Denise', 'Lane', 'Port', 'Stevenfurt,', 'KY', '83382', 'Present', 'Address', '11117', 'Andrew', 'Ports', 'Suite', '419', 'South', 'Todd,', 'SD', '92610']","[1, 1, 1, 1, 1, 1, 1, 1, 1, 2, 2, 2, 2, 2, 2, 2, 2, 2, 2, 2]"
"['KL40', '2311597141', 'Issued', 'on', '15-12-2019', 'Expires', 'on', '08-05-2015']","[5, 5, 18, 6, 6, 18, 7, 7]"
"['KL98', '6963404324', 'Issued', 'on', '22-08-2024', 'Expires', 'on', '17-06-2009']","[5, 5, 18, 6, 6, 18, 7, 7]"
"['Permanent', 'Address', '826', 'Phillip', 'Viaduct', 'Brownshire,', 'ND', '94053', 'Present', 'Address', '12920', 'Mcbride', 'Crossing', 'East', 'Baileyburgh,', 'CO', '74228']","[1, 1, 1, 1, 1, 1, 1, 1, 2, 2, 2, 2, 2, 2, 2, 2, 2]"
"['Permanent', 'Address', '18458', 'Rodney', 'Shoals', 'East', 'Kevinhaven,', 'MH', '38957', 'Present', 'Address', '97585', 'Hailey', 'Shore', 'Apt.', '303', 'West', 'Melissa,', 'IL', '18091']","[1, 1, 1, 1, 1, 1, 1, 1, 1, 2, 2, 2, 2, 2, 2, 2, 2, 2, 2, 2]"
"['Blood', 'Group', 'O-', 'Organ', 'Donor', 'YES']","[13, 13, 13, 14, 14, 14]"
"['Permanent', 'Address', '542', 'Jones', 'Glens', 'Patrickburgh,', 'MO', '60278', 'Present', 'Address', '628', 'Chad', 'Street', 'Suite', '359', 'South', 'Lorraine,', 'MD', '57337']","[1, 1, 1, 1, 1, 1, 1, 1, 2, 2, 2, 2, 2, 2, 2, 2, 2, 2, 2]"
"['Blood', 'Group', 'B-', 'Organ', 'Donor', 'YES']","[13, 13, 13, 14, 14, 14]"
"['KL67', '3660345628', 'Issued', 'on', '03-02-2018', 'Expires', 'on', '29-01-2006']","[5, 5, 18, 6, 6, 18, 7, 7]"
"['Emergency', 'Contact', '+1-731-741-8186x151']","[17, 17, 17]"
"['Brianna', 'Yates', 'DOB', '05-07-2014']","[0, 0, 3, 3]"
"['Blood', 'Group', 'B-', 'Organ', 'Donor', 'NO']","[13, 13, 13, 14, 14, 14]"
"['James', 'Novak', 'DOB', '30-01-2018']","[0, 0, 3, 3]"
"['Blood', 'Group', 'O-', 'Organ', 'Donor', 'NO']","[13, 13, 13, 14, 14, 14]"
"['Permanent', 'Address', 'USS', 'Thompson', 'FPO', 'AP', '40681', 'Present', 'Address', '85948', 'Lawson', 'Causeway', 'Apt.', '562', 'Lindaside,', 'OH', '78438']","[1, 1, 1, 1, 1, 1, 1, 2, 2, 2, 2, 2, 2, 2, 2, 2, 2]"
"['Blood', 'Group', 'O-', 'Organ', 'Donor', 'NO']","[13, 13, 13, 14, 14, 14]"
"['KL82', '4268713302', 'Issued', 'on', '24-11-2018', 'Expires', 'on', '04-06-2021']","[5, 5, 18, 6, 6, 18, 7, 7]"
"['KL45', '2239829538', 'Issued', 'on', '08-05-2025', 'Expires', 'on', '16-07-2009']","[5, 5, 18, 6, 6, 18, 7, 7]"
"['Emergency', 'Contact', '808-922-2694x053']","[17, 17, 17]"
"['Permanent', 'Address', '8446', 'Kevin', 'Walks', 'Apt.', '465', 'Lake', 'Christopherbury,', 'CO', '22142', 'Present', 'Address', '487', 'Suzanne', 'Manors', 'South', 'Tyler,', 'TX', '89207']","[1, 1, 1, 1, 1, 1, 1, 1, 1, 1, 1, 2, 2, 2, 2, 2, 2, 2, 2, 2]"
"['Emergency', 'Contact', '+1-716-509-3068']","[17, 17, 17]"
"['Blood', 'Group', 'A+', 'Organ', 'Donor', 'YES']","[13, 13, 13, 14, 14, 14]"
"['KL79', '8382963909', 'Issued', 'on', '11-09-2027', 'Expires', 'on', '03-03-2023']","[5, 5, 18, 6, 6, 18, 7, 7]"
"['Blood', 'Group', 'O-', 'Organ', 'Donor', 'YES']","[13, 13, 13, 14, 14, 14]"
"['Permanent', 'Address', '728', 'Gregory', 'Lakes', 'New', 'Michael,', 'AR', '55908', 'Present', 'Address', '1538', 'Kelly', 'Orchard', 'Josephtown,', 'WA', '83230']","[1, 1, 1, 1, 1, 1, 1, 1, 1, 2, 2, 2, 2, 2, 2, 2, 2]"
"['Permanent', 'Address', '8079', 'Brown', 'Avenue', 'Murphystad,', 'CT', '01176', 'Present', 'Address', '5016', 'Gonzalez', 'Pines', 'South', 'David,', 'NM', '01406']","[1, 1, 1, 1, 1, 1, 1, 1, 2, 2, 2, 2, 2, 2, 2, 2, 2]"
"['KL14', '7226553010', 'Issued', 'on', '30-06-2010', 'Expires', 'on', '17-07-2027']","[5, 5, 18, 6, 6, 18, 7, 7]"
"['KL21', '5269015757', 'Issued', 'on', '16-09-2013', 'Expires', 'on', '21-11-2012']","[5, 5, 18, 6, 6, 18, 7, 7]"
"['Emergency', 'Contact', '465.745.6284x1772']","[17, 17, 17]"
"['KL85', '8254773516', 'Issued', 'on', '19-12-2019', 'Expires', 'on', '25-05-2005']","[5, 5, 18, 6, 6, 18, 7, 7]"
"['Emergency', 'Contact', '(531)934-0266x502']","[17, 17, 17]"
"['Permanent', 'Address', 'USNV', 'Wilson', 'FPO', 'AA', '72606', 'Present', 'Address', '6862', 'Susan', 'Turnpike', 'East', 'Erichaven,', 'AL', '90211']","[1, 1, 1, 1, 1, 1, 1, 2, 2, 2, 2, 2, 2, 2, 2, 2]"
"['Blood', 'Group', 'B-', 'Organ', 'Donor', 'YES']","[13, 13, 13, 14, 14, 14]"
"['Emergency', 'Contact', '605.969.0674']","[17, 17, 17]"
"['Emergency', 'Contact', '363-692-8234']","[17, 17, 17]"
"['Permanent', 'Address', 'Unit', '3637', 'Box', '1892', 'DPO', 'AE', '77990', 'Present', 'Address', '12604', 'Sarah', 'Meadow', 'New', 'Jameston,', 'MS', '53886']","[1, 1, 1, 1, 1, 1, 1, 1, 1, 2, 2, 2, 2, 2, 2, 2, 2, 2]"
"['Blood', 'Group', 'B-', 'Organ', 'Donor', 'NO']","[13, 13, 13, 14, 14, 14]"
"['Melody', 'Baird', 'DOB', '29-09-2012']","[0, 0, 3, 3]"
"['KL83', '1408988968', 'Issued', 'on', '20-08-2016', 'Expires', 'on', '12-09-2019']","[5, 5, 18, 6, 6, 18, 7, 7]"
"['Jordan', 'Schneider', 'DOB', '21-07-2015']","[0, 0, 3, 3]"
"['Emergency', 'Contact', '445-245-6350']","[17, 17, 17]"
"['Matthew', 'Morris', 'DOB', '27-11-2014']","[0, 0, 3, 3]"
"['Terry', 'Garcia', 'DOB', '28-06-2011']","[0, 0, 3, 3]"
"['Emergency', 'Contact', '775-754-1108x255']","[17, 17, 17]"
"['KL26', '2072355594', 'Issued', 'on', '21-04-2013', 'Expires', 'on', '29-04-2027']","[5, 5, 18, 6, 6, 18, 7, 7]"
"['Permanent', 'Address', '12910', 'James', 'Mission', 'Apt.', '189', 'Kevinfort,', 'WV', '26977', 'Present', 'Address', '23684', 'Jacobson', 'Mission', 'South', 'Carloschester,', 'NC', '66544']","[1, 1, 1, 1, 1, 1, 1, 1, 1, 1, 2, 2, 2, 2, 2, 2, 2, 2, 2]"
"['Emergency', 'Contact', '5298424090']","[17, 17, 17]"
"['Emergency', 'Contact', '588.412.7868x6694']","[17, 17, 17]"
"['Permanent', 'Address', '087', 'Turner', 'Forges', 'Jeanetteside,', 'DE', '22928', 'Present', 'Address', '0242', 'Marks', 'Center', 'Port', 'Jason,', 'DE', '00684']","[1, 1, 1, 1, 1, 1, 1, 1, 2, 2, 2, 2, 2, 2, 2, 2, 2]"
"['Blood', 'Group', 'AB+', 'Organ', 'Donor', 'NO']","[13, 13, 13, 14, 14, 14]"
"['Blood', 'Group', 'A+', 'Organ', 'Donor', 'YES']","[13, 13, 13, 14, 14, 14]"
"['Blood', 'Group', 'AB+', 'Organ', 'Donor', 'NO']","[13, 13, 13, 14, 14, 14]"
"['Blood', 'Group', 'O-', 'Organ', 'Donor', 'NO']","[13, 13, 13, 14, 14, 14]"
"['Permanent', 'Address', '1842', 'Villanueva', 'Hill', 'Suite', '005', 'Lake', 'Tammy,', 'HI', '34053', 'Present', 'Address', 'Unit', '8916', 'Box', '4983', 'DPO', 'AA', '29420']","[1, 1, 1, 1, 1, 1, 1, 1, 1, 1, 1, 2, 2, 2, 2, 2, 2, 2, 2, 2]"
"['Emergency', 'Contact', '443-996-2736x52717']","[17, 17, 17]"
"['Emergency', 'Contact', '(423)497-2404']","[17, 17, 17]"
"['KL68', '8289800644', 'Issued', 'on', '11-08-2018', 'Expires', 'on', '02-08-2028']","[5, 5, 18, 6, 6, 18, 7, 7]"
"['Emergency', 'Contact', '+1-231-321-6376x182']","[17, 17, 17]"
"['Emergency', 'Contact', '(260)310-0231x4290']","[17, 17, 17]"
"['Blood', 'Group', 'O-', 'Organ', 'Donor', 'YES']","[13, 13, 13, 14, 14, 14]"
"['Blood', 'Group', 'AB+', 'Organ', 'Donor', 'NO']","[13, 13, 13, 14, 14, 14]"
"['KL83', '8956094389', 'Issued', 'on', '27-08-2023', 'Expires', 'on', '17-09-2016']","[5, 5, 18, 6, 6, 18, 7, 7]"
"['Emergency', 'Contact', '001-513-227-9724x572']","[17, 17, 17]"
"['Emergency', 'Contact', '+1-348-810-0184']","[17, 17, 17]"
"['Emergency', 'Contact', '(603)503-6625']","[17, 17, 17]"
"['KL90', '2973888646', 'Issued', 'on', '26-06-2028', 'Expires', 'on', '16-04-2018']","[5, 5, 18, 6, 6, 18, 7, 7]"
"['KL30', '7190276026', 'Issued', 'on', '25-07-2028', 'Expires', 'on', '09-07-2029']","[5, 5, 18, 6, 6, 18, 7, 7]"
"['KL64', '8086684009', 'Issued', 'on', '08-01-2009', 'Expires', 'on', '07-12-2021']","[5, 5, 18, 6, 6, 18, 7, 7]"
"['KL45', '9990826771', 'Issued', 'on', '20-12-2010', 'Expires', 'on', '11-12-2008']","[5, 5, 18, 6, 6, 18, 7, 7]"
"['Blood', 'Group', 'A+', 'Organ', 'Donor', 'NO']","[13, 13, 13, 14, 14, 14]"
"['Permanent', 'Address', '1951', 'Mclean', 'Corner', 'Apt.', '922', 'Morenoburgh,', 'TX', '56238', 'Present', 'Address', '451', 'Hendricks', 'Shore', 'Suite', '410', 'Port', 'Diana,', 'MD', '19870']","[1, 1, 1, 1, 1, 1, 1, 1, 1, 1, 2, 2, 2, 2, 2, 2, 2, 2, 2, 2, 2]"
"['Permanent', 'Address', '19642', 'Marcus', 'Crossroad', 'Apt.', '655', 'Colemanchester,', 'PA', '83941', 'Present', 'Address', '6878', 'Patel', 'View', 'South', 'Christopher,', 'VT', '55792']","[1, 1, 1, 1, 1, 1, 1, 1, 1, 1, 2, 2, 2, 2, 2, 2, 2, 2, 2]"
"['KL90', '6300607425', 'Issued', 'on', '16-02-2023', 'Expires', 'on', '10-11-2024']","[5, 5, 18, 6, 6, 18, 7, 7]"
"['Permanent', 'Address', '135', 'James', 'Vista', 'West', 'Angelaberg,', 'PW', '14939', 'Present', 'Address', '2472', 'Sanchez', 'Views', 'Apt.', '021', 'South', 'Jessica,', 'UT', '56168']","[1, 1, 1, 1, 1, 1, 1, 1, 1, 2, 2, 2, 2, 2, 2, 2, 2, 2, 2, 2]"
"['Permanent', 'Address', '917', 'Anthony', 'Lakes', 'North', 'John,', 'AL', '75104', 'Present', 'Address', '27284', 'Jenkins', 'Junction', 'Suite', '041', 'North', 'Nicole,', 'AZ', '79691']","[1, 1, 1, 1, 1, 1, 1, 1, 1, 2, 2, 2, 2, 2, 2, 2, 2, 2, 2, 2]"
"['KL71', '1334744286', 'Issued', 'on', '08-02-2011', 'Expires', 'on', '28-04-2022']","[5, 5, 18, 6, 6, 18, 7, 7]"
"['Permanent', 'Address', '7849', 'Fletcher', 'Manors', 'Apt.', '418', 'Spenceberg,', 'WA', '28270', 'Present', 'Address', '62891', 'Woods', 'Shoal', 'Wilcoxburgh,', 'AR', '49191']","[1, 1, 1, 1, 1, 1, 1, 1, 1, 1, 2, 2, 2, 2, 2, 2, 2, 2]"
"['Blood', 'Group', 'O-', 'Organ', 'Donor', 'YES']","[13, 13, 13, 14, 14, 14]"
"['KL53', '4509456565', 'Issued', 'on', '15-03-2027', 'Expires', 'on', '20-08-2019']","[5, 5, 18, 6, 6, 18, 7, 7]"
"['Brian', 'Miller', 'DOB', '21-09-2025']","[0, 0, 3, 3]"
"['Blood', 'Group', 'B-', 'Organ', 'Donor', 'NO']","[13, 13, 13, 14, 14, 14]"
"['KL59', '9973608649', 'Issued', 'on', '12-08-2016', 'Expires', 'on', '25-02-2006']","[5, 5, 18, 6, 6, 18, 7, 7]"
"['Emergency', 'Contact', '642.581.1390']","[17, 17, 17]"
"['KL57', '9078786223', 'Issued', 'on', '21-12-2023', 'Expires', 'on', '23-01-2012']","[5, 5, 18, 6, 6, 18, 7, 7]"
"['KL27', '3908281627', 'Issued', 'on', '02-12-2026', 'Expires', 'on', '20-04-2006']","[5, 5, 18, 6, 6, 18, 7, 7]"
"['KL82', '9626333315', 'Issued', 'on', '17-05-2013', 'Expires', 'on', '11-05-2014']","[5, 5, 18, 6, 6, 18, 7, 7]"
"['Permanent', 'Address', '700', 'Davis', 'Inlet', 'West', 'Karenfurt,', 'NY', '26044', 'Present', 'Address', '521', 'Russell', 'Streets', 'Apt.', '820', 'Woodston,', 'LA', '21632']","[1, 1, 1, 1, 1, 1, 1, 1, 1, 2, 2, 2, 2, 2, 2, 2, 2, 2, 2]"
"['Blood', 'Group', 'B-', 'Organ', 'Donor', 'YES']","[13, 13, 13, 14, 14, 14]"
"['Joel', 'Mcclure', 'DOB', '16-05-2008']","[0, 0, 3, 3]"
"['Permanent', 'Address', 'USNS', 'Wilkerson', 'FPO', 'AP', '86250', 'Present', 'Address', '898', 'West', 'Curve', 'Kellychester,', 'AZ', '93924']","[1, 1, 1, 1, 1, 1, 1, 2, 2, 2, 2, 2, 2, 2, 2]"
"['Blood', 'Group', 'B-', 'Organ', 'Donor', 'YES']","[13, 13, 13, 14, 14, 14]"
"['Emergency', 'Contact', '001-363-939-9129x71024']","[17, 17, 17]"
"['KL25', '6944371787', 'Issued', 'on', '26-05-2008', 'Expires', 'on', '03-09-2020']","[5, 5, 18, 6, 6, 18, 7, 7]"
"['Timothy', 'Martin', 'DOB', '24-09-2014']","[0, 0, 3, 3]"
"['KL27', '6359201693', 'Issued', 'on', '24-10-2024', 'Expires', 'on', '24-07-2017']","[5, 5, 18, 6, 6, 18, 7, 7]"
"['Permanent', 'Address', '74747', 'Shelby', 'Port', 'Williamsport,', 'MO', '54113', 'Present', 'Address', '5895', 'Miller', 'Loop', 'Bakerton,', 'RI', '84893']","[1, 1, 1, 1, 1, 1, 1, 1, 2, 2, 2, 2, 2, 2, 2, 2]"
"['KL86', '7904559790', 'Issued', 'on', '21-02-2007', 'Expires', 'on', '12-07-2013']","[5, 5, 18, 6, 6, 18, 7, 7]"
"['Emergency', 'Contact', '001-880-921-4629x613']","[17, 17, 17]"
"['Permanent', 'Address', '7871', 'Henry', 'Coves', 'Suite', '636', 'Calebmouth,', 'PA', '64240', 'Present', 'Address', '47082', 'Thomas', 'Forest', 'Suite', '909', 'Brownstad,', 'WY', '56876']","[1, 1, 1, 1, 1, 1, 1, 1, 1, 1, 2, 2, 2, 2, 2, 2, 2, 2, 2, 2]"
"['Emergency', 'Contact', '830.330.6442x1214']","[17, 17, 17]"
"['Permanent', 'Address', '8342', 'Christopher', 'Meadow', 'Suite', '423', 'Sherifort,', 'NJ', '70690', 'Present', 'Address', '659', 'Morrow', 'Points', 'North', 'Jennifer,', 'OR', '81308']","[1, 1, 1, 1, 1, 1, 1, 1, 1, 1, 2, 2, 2, 2, 2, 2, 2, 2, 2]"
"['KL76', '6977525103', 'Issued', 'on', '13-02-2010', 'Expires', 'on', '19-03-2016']","[5, 5, 18, 6, 6, 18, 7, 7]"
"['Permanent', 'Address', '27275', 'Laura', 'Spring', 'Suite', '480', 'Hardingberg,', 'SC', '59395', 'Present', 'Address', '33682', 'Robinson', 'Fords', 'Lake', 'Barbara,', 'AL', '49031']","[1, 1, 1, 1, 1, 1, 1, 1, 1, 1, 2, 2, 2, 2, 2, 2, 2, 2, 2]"
"['Emergency', 'Contact', '(804)748-1776x655']","[17, 17, 17]"
"['Emergency', 'Contact', '827-865-2892']","[17, 17, 17]"
"['KL59', '1484230338', 'Issued', 'on', '24-11-2014', 'Expires', 'on', '23-08-2027']","[5, 5, 18, 6, 6, 18, 7, 7]"
"['Blood', 'Group', 'A+', 'Organ', 'Donor', 'YES']","[13, 13, 13, 14, 14, 14]"
"['Jessica', 'Campbell', 'DOB', '22-04-2026']","[0, 0, 3, 3]"
"['Susan', 'Garcia', 'DOB', '06-03-2008']","[0, 0, 3, 3]"
"['KL82', '7102562415', 'Issued', 'on', '24-09-2008', 'Expires', 'on', '31-03-2008']","[5, 5, 18, 6, 6, 18, 7, 7]"
"['Blood', 'Group', 'B-', 'Organ', 'Donor', 'NO']","[13, 13, 13, 14, 14, 14]"
"['Lisa', 'Jenkins', 'DOB', '02-02-2022']","[0, 0, 3, 3]"
"['Emergency', 'Contact', '001-898-317-8904x6337']","[17, 17, 17]"
"['KL18', '5354209613', 'Issued', 'on', '08-11-2011', 'Expires', 'on', '05-03-2021']","[5, 5, 18, 6, 6, 18, 7, 7]"
"['KL17', '8589679668', 'Issued', 'on', '07-06-2009', 'Expires', 'on', '16-02-2017']","[5, 5, 18, 6, 6, 18, 7, 7]"
"['Blood', 'Group', 'O-', 'Organ', 'Donor', 'YES']","[13, 13, 13, 14, 14, 14]"
"['Permanent', 'Address', 'Unit', '7660', 'Box', '5384', 'DPO', 'AA', '86835', 'Present', 'Address', '306', 'Alexis', 'Drives', 'Suite', '895', 'Georgeshire,', 'NE', '32198']","[1, 1, 1, 1, 1, 1, 1, 1, 1, 2, 2, 2, 2, 2, 2, 2, 2, 2, 2]"
"['Blood', 'Group', 'B-', 'Organ', 'Donor', 'NO']","[13, 13, 13, 14, 14, 14]"
"['KL20', '4470591645', 'Issued', 'on', '09-02-2024', 'Expires', 'on', '07-07-2018']","[5, 5, 18, 6, 6, 18, 7, 7]"
"['Blood', 'Group', 'O-', 'Organ', 'Donor', 'YES']","[13, 13, 13, 14, 14, 14]"
"['KL65', '4635552887', 'Issued', 'on', '03-10-2011', 'Expires', 'on', '02-03-2026']","[5, 5, 18, 6, 6, 18, 7, 7]"
"['KL21', '9266213260', 'Issued', 'on', '15-02-2027', 'Expires', 'on', '31-07-2018']","[5, 5, 18, 6, 6, 18, 7, 7]"
"['KL88', '3614915281', 'Issued', 'on', '15-12-2006', 'Expires', 'on', '10-11-2024']","[5, 5, 18, 6, 6, 18, 7, 7]"
"['KL94', '4181102664', 'Issued', 'on', '19-10-2019', 'Expires', 'on', '01-08-2009']","[5, 5, 18, 6, 6, 18, 7, 7]"
"['KL27', '4012917912', 'Issued', 'on', '06-11-2026', 'Expires', 'on', '25-06-2018']","[5, 5, 18, 6, 6, 18, 7, 7]"
"['KL54', '8390631634', 'Issued', 'on', '21-12-2029', 'Expires', 'on', '09-02-2011']","[5, 5, 18, 6, 6, 18, 7, 7]"
"['KL26', '9046449694', 'Issued', 'on', '30-11-2018', 'Expires', 'on', '09-01-2016']","[5, 5, 18, 6, 6, 18, 7, 7]"
"['Permanent', 'Address', '12819', 'Cameron', 'Road', 'Suite', '825', 'North', 'Christopher,', 'NE', '02013', 'Present', 'Address', '98196', 'Julia', 'Curve', 'Waltersstad,', 'HI', '31921']","[1, 1, 1, 1, 1, 1, 1, 1, 1, 1, 1, 2, 2, 2, 2, 2, 2, 2, 2]"
"['KL13', '7138902282', 'Issued', 'on', '27-05-2027', 'Expires', 'on', '28-09-2012']","[5, 5, 18, 6, 6, 18, 7, 7]"
"['Blood', 'Group', 'AB+', 'Organ', 'Donor', 'YES']","[13, 13, 13, 14, 14, 14]"
"['Blood', 'Group', 'AB+', 'Organ', 'Donor', 'YES']","[13, 13, 13, 14, 14, 14]"
"['Blood', 'Group', 'B-', 'Organ', 'Donor', 'NO']","[13, 13, 13, 14, 14, 14]"
"['KL23', '1495354059', 'Issued', 'on', '21-04-2015', 'Expires', 'on', '17-10-2011']","[5, 5, 18, 6, 6, 18, 7, 7]"
"['Permanent', 'Address', '640', 'Miller', 'Divide', 'Lake', 'Traciville,', 'DE', '60679', 'Present', 'Address', 'PSC', '1124,', 'Box', '4211', 'APO', 'AA', '47870']","[1, 1, 1, 1, 1, 1, 1, 1, 1, 2, 2, 2, 2, 2, 2, 2, 2, 2]"
"['KL11', '2050340486', 'Issued', 'on', '10-04-2012', 'Expires', 'on', '30-06-2018']","[5, 5, 18, 6, 6, 18, 7, 7]"
"['Blood', 'Group', 'O-', 'Organ', 'Donor', 'YES']","[13, 13, 13, 14, 14, 14]"
"['KL14', '2801177461', 'Issued', 'on', '16-08-2008', 'Expires', 'on', '27-11-2021']","[5, 5, 18, 6, 6, 18, 7, 7]"
"['KL63', '6669078244', 'Issued', 'on', '11-12-2005', 'Expires', 'on', '11-04-2019']","[5, 5, 18, 6, 6, 18, 7, 7]"
"['Emergency', 'Contact', '471-636-6572']","[17, 17, 17]"
"['Permanent', 'Address', '990', 'Theresa', 'Key', 'Cooleyside,', 'AL', '21261', 'Present', 'Address', '39080', 'Javier', 'Lakes', 'Apt.', '305', 'East', 'Christopher,', 'UT', '17092']","[1, 1, 1, 1, 1, 1, 1, 1, 2, 2, 2, 2, 2, 2, 2, 2, 2, 2, 2]"
"['KL96', '4873807154', 'Issued', 'on', '21-04-2014', 'Expires', 'on', '06-07-2014']","[5, 5, 18, 6, 6, 18, 7, 7]"
"['KL76', '5215140451', 'Issued', 'on', '01-08-2021', 'Expires', 'on', '24-12-2011']","[5, 5, 18, 6, 6, 18, 7, 7]"
"['Hannah', 'Arnold', 'DOB', '19-03-2015']","[0, 0, 3, 3]"
"['KL69', '9014547420', 'Issued', 'on', '02-02-2021', 'Expires', 'on', '25-01-2022']","[5, 5, 18, 6, 6, 18, 7, 7]"
"['Emergency', 'Contact', '(586)934-2346x19942']","[17, 17, 17]"
"['KL21', '7670476743', 'Issued', 'on', '12-12-2019', 'Expires', 'on', '18-05-2020']","[5, 5, 18, 6, 6, 18, 7, 7]"
"['KL35', '8664400151', 'Issued', 'on', '14-08-2019', 'Expires', 'on', '27-06-2025']","[5, 5, 18, 6, 6, 18, 7, 7]"
"['Permanent', 'Address', '196', 'Gonzalez', 'Knoll', 'Suite', '172', 'New', 'Johnnychester,', 'LA', '79653', 'Present', 'Address', '0125', 'Gibbs', 'Knolls', 'Apt.', '135', 'Dustinmouth,', 'DE', '01763']","[1, 1, 1, 1, 1, 1, 1, 1, 1, 1, 1, 2, 2, 2, 2, 2, 2, 2, 2, 2, 2]"
"['KL57', '2052811909', 'Issued', 'on', '15-01-2016', 'Expires', 'on', '13-08-2028']","[5, 5, 18, 6, 6, 18, 7, 7]"
"['KL62', '1102693781', 'Issued', 'on', '27-07-2005', 'Expires', 'on', '03-08-2029']","[5, 5, 18, 6, 6, 18, 7, 7]"
"['Blood', 'Group', 'A+', 'Organ', 'Donor', 'NO']","[13, 13, 13, 14, 14, 14]"
"['KL94', '2320748157', 'Issued', 'on', '22-05-2016', 'Expires', 'on', '21-06-2012']","[5, 5, 18, 6, 6, 18, 7, 7]"
"['KL40', '7098062593', 'Issued', 'on', '12-01-2021', 'Expires', 'on', '04-07-2024']","[5, 5, 18, 6, 6, 18, 7, 7]"
"['Stephanie', 'Hoffman', 'DOB', '26-04-2018']","[0, 0, 3, 3]"
"['Daniel', 'Robinson', 'DOB', '14-04-2024']","[0, 0, 3, 3]"
"['KL45', '1399546384', 'Issued', 'on', '29-08-2014', 'Expires', 'on', '27-07-2029']","[5, 5, 18, 6, 6, 18, 7, 7]"
"['Sophia', 'Heath', 'DOB', '29-09-2007']","[0, 0, 3, 3]"
"['Emergency', 'Contact', '001-966-255-3307']","[17, 17, 17]"
"['Blood', 'Group', 'AB+', 'Organ', 'Donor', 'NO']","[13, 13, 13, 14, 14, 14]"
"['Jennifer', 'Martinez', 'MD', 'DOB', '27-04-2016']","[0, 0, 3, 3]"
"['KL22', '3170795726', 'Issued', 'on', '24-04-2025', 'Expires', 'on', '23-03-2018']","[5, 5, 18, 6, 6, 18, 7, 7]"
"['Permanent', 'Address', '0907', 'Anderson', 'Lodge', 'New', 'Samanthaton,', 'MA', '85013', 'Present', 'Address', '64455', 'Miller', 'Trail', 'Suite', '790', 'Evansmouth,', 'NM', '84530']","[1, 1, 1, 1, 1, 1, 1, 1, 1, 2, 2, 2, 2, 2, 2, 2, 2, 2, 2]"
"['Blood', 'Group', 'A+', 'Organ', 'Donor', 'NO']","[13, 13, 13, 14, 14, 14]"
"['Permanent', 'Address', 'Unit', '1591', 'Box', '0300', 'DPO', 'AE', '14281', 'Present', 'Address', 'Unit', '6321', 'Box', '3580', 'DPO', 'AP', '07381']","[1, 1, 1, 1, 1, 1, 1, 1, 1, 2, 2, 2, 2, 2, 2, 2, 2, 2]"
"['KL47', '8734449371', 'Issued', 'on', '13-01-2014', 'Expires', 'on', '31-08-2006']","[5, 5, 18, 6, 6, 18, 7, 7]"
"['Permanent', 'Address', '45964', 'Sara', 'Prairie', 'Suite', '125', 'Port', 'Breanna,', 'PR', '54672', 'Present', 'Address', '839', 'Stanley', 'Harbors', 'Kendrafort,', 'IN', '12533']","[1, 1, 1, 1, 1, 1, 1, 1, 1, 1, 1, 2, 2, 2, 2, 2, 2, 2, 2]"
"['Permanent', 'Address', '158', 'Donna', 'Street', 'Apt.', '117', 'East', 'Alexanderborough,', 'NH', '50971', 'Present', 'Address', '3988', 'Hodges', 'Inlet', 'Rioshaven,', 'CT', '17548']","[1, 1, 1, 1, 1, 1, 1, 1, 1, 1, 1, 2, 2, 2, 2, 2, 2, 2, 2]"
"['KL44', '2003352579', 'Issued', 'on', '22-08-2012', 'Expires', 'on', '28-07-2017']","[5, 5, 18, 6, 6, 18, 7, 7]"
"['Jesse', 'Oliver', 'DOB', '09-02-2012']","[0, 0, 3, 3]"
"['KL84', '1468034755', 'Issued', 'on', '25-10-2018', 'Expires', 'on', '05-08-2011']","[5, 5, 18, 6, 6, 18, 7, 7]"
"['KL67', '7296658772', 'Issued', 'on', '15-07-2007', 'Expires', 'on', '26-08-2014']","[5, 5, 18, 6, 6, 18, 7, 7]"
"['Blood', 'Group', 'AB+', 'Organ', 'Donor', 'YES']","[13, 13, 13, 14, 14, 14]"
"['Blood', 'Group', 'O-', 'Organ', 'Donor', 'NO']","[13, 13, 13, 14, 14, 14]"
"['Emergency', 'Contact', '(224)991-2711x30724']","[17, 17, 17]"
"['KL97', '3591164476', 'Issued', 'on', '20-09-2027', 'Expires', 'on', '06-04-2023']","[5, 5, 18, 6, 6, 18, 7, 7]"
"['KL51', '1637045876', 'Issued', 'on', '07-08-2020', 'Expires', 'on', '04-03-2017']","[5, 5, 18, 6, 6, 18, 7, 7]"
"['Permanent', 'Address', '6326', 'Romero', 'Center', 'Nelsonville,', 'AR', '85517', 'Present', 'Address', '43629', 'Moreno', 'Park', 'Suite', '103', 'East', 'Dariuston,', 'OK', '35389']","[1, 1, 1, 1, 1, 1, 1, 1, 2, 2, 2, 2, 2, 2, 2, 2, 2, 2, 2]"
"['Joseph', 'Hill', 'DOB', '20-04-2026']","[0, 0, 3, 3]"
"['Blood', 'Group', 'A+', 'Organ', 'Donor', 'NO']","[13, 13, 13, 14, 14, 14]"
"['KL32', '2073108894', 'Issued', 'on', '31-12-2028', 'Expires', 'on', '21-07-2029']","[5, 5, 18, 6, 6, 18, 7, 7]"
"['Blood', 'Group', 'B-', 'Organ', 'Donor', 'YES']","[13, 13, 13, 14, 14, 14]"
"['KL38', '1561417687', 'Issued', 'on', '18-12-2018', 'Expires', 'on', '14-07-2018']","[5, 5, 18, 6, 6, 18, 7, 7]"
"['Emergency', 'Contact', '(313)447-3235x4940']","[17, 17, 17]"
"['Blood', 'Group', 'A+', 'Organ', 'Donor', 'NO']","[13, 13, 13, 14, 14, 14]"
"['Melody', 'Woods', 'DOB', '03-08-2015']","[0, 0, 3, 3]"
"['KL18', '8069459895', 'Issued', 'on', '09-08-2028', 'Expires', 'on', '26-04-2013']","[5, 5, 18, 6, 6, 18, 7, 7]"
"['Emergency', 'Contact', '(951)822-5720']","[17, 17, 17]"
"['KL52', '1526252306', 'Issued', 'on', '25-07-2016', 'Expires', 'on', '27-11-2005']","[5, 5, 18, 6, 6, 18, 7, 7]"
"['Dennis', 'Jones', 'DOB', '22-04-2028']","[0, 0, 3, 3]"
"['KL83', '8406374110', 'Issued', 'on', '12-07-2005', 'Expires', 'on', '30-05-2025']","[5, 5, 18, 6, 6, 18, 7, 7]"
"['Blood', 'Group', 'O-', 'Organ', 'Donor', 'NO']","[13, 13, 13, 14, 14, 14]"
"['KL37', '4901136913', 'Issued', 'on', '07-03-2017', 'Expires', 'on', '27-04-2021']","[5, 5, 18, 6, 6, 18, 7, 7]"
"['KL67', '4794276323', 'Issued', 'on', '15-01-2025', 'Expires', 'on', '26-03-2005']","[5, 5, 18, 6, 6, 18, 7, 7]"
"['KL89', '3649896750', 'Issued', 'on', '24-10-2021', 'Expires', 'on', '14-08-2013']","[5, 5, 18, 6, 6, 18, 7, 7]"
"['Permanent', 'Address', '94388', 'Kari', 'Trail', 'North', 'Kevinmouth,', 'NV', '64813', 'Present', 'Address', '745', 'Smith', 'Knoll', 'Suite', '589', 'Rodriguezhaven,', 'VA', '84360']","[1, 1, 1, 1, 1, 1, 1, 1, 1, 2, 2, 2, 2, 2, 2, 2, 2, 2, 2]"
"['Blood', 'Group', 'O-', 'Organ', 'Donor', 'YES']","[13, 13, 13, 14, 14, 14]"
"['KL59', '5884391502', 'Issued', 'on', '26-11-2005', 'Expires', 'on', '26-03-2010']","[5, 5, 18, 6, 6, 18, 7, 7]"
"['KL77', '8358870981', 'Issued', 'on', '28-02-2019', 'Expires', 'on', '10-09-2012']","[5, 5, 18, 6, 6, 18, 7, 7]"
"['Blood', 'Group', 'O-', 'Organ', 'Donor', 'NO']","[13, 13, 13, 14, 14, 14]"
"['Brenda', 'Jimenez', 'DOB', '06-07-2013']","[0, 0, 3, 3]"
"['Blood', 'Group', 'O-', 'Organ', 'Donor', 'NO']","[13, 13, 13, 14, 14, 14]"
"['KL50', '3564595211', 'Issued', 'on', '06-11-2024', 'Expires', 'on', '15-11-2028']","[5, 5, 18, 6, 6, 18, 7, 7]"
"['KL45', '9553561889', 'Issued', 'on', '08-11-2019', 'Expires', 'on', '05-06-2017']","[5, 5, 18, 6, 6, 18, 7, 7]"
"['Blood', 'Group', 'B-', 'Organ', 'Donor', 'YES']","[13, 13, 13, 14, 14, 14]"
"['KL94', '6330710675', 'Issued', 'on', '20-03-2012', 'Expires', 'on', '27-03-2008']","[5, 5, 18, 6, 6, 18, 7, 7]"
"['Blood', 'Group', 'A+', 'Organ', 'Donor', 'YES']","[13, 13, 13, 14, 14, 14]"
"['Permanent', 'Address', '148', 'Archer', 'Wells', 'Apt.', '455', 'Lawrenceview,', 'ME', '25479', 'Present', 'Address', '167', 'Roberts', 'Branch', 'Suite', '272', 'Cindyburgh,', 'ME', '64310']","[1, 1, 1, 1, 1, 1, 1, 1, 1, 1, 2, 2, 2, 2, 2, 2, 2, 2, 2, 2]"
"['Robert', 'Smith', 'DOB', '04-08-2006']","[0, 0, 3, 3]"
"['Blood', 'Group', 'B-', 'Organ', 'Donor', 'YES']","[13, 13, 13, 14, 14, 14]"
"['KL50', '8291250562', 'Issued', 'on', '04-08-2012', 'Expires', 'on', '30-10-2014']","[5, 5, 18, 6, 6, 18, 7, 7]"
"['Becky', 'Freeman', 'DOB', '16-05-2005']","[0, 0, 3, 3]"
"['KL99', '5073211715', 'Issued', 'on', '03-11-2019', 'Expires', 'on', '08-03-2017']","[5, 5, 18, 6, 6, 18, 7, 7]"
"['Emergency', 'Contact', '+1-800-342-5488x21423']","[17, 17, 17]"
"['Emergency', 'Contact', '630-475-3666x1449']","[17, 17, 17]"
"['Meghan', 'Morris', 'DOB', '14-11-2024']","[0, 0, 3, 3]"
"['Blood', 'Group', 'B-', 'Organ', 'Donor', 'NO']","[13, 13, 13, 14, 14, 14]"
"['KL17', '1939777262', 'Issued', 'on', '07-12-2009', 'Expires', 'on', '13-06-2028']","[5, 5, 18, 6, 6, 18, 7, 7]"
"['Blood', 'Group', 'A+', 'Organ', 'Donor', 'NO']","[13, 13, 13, 14, 14, 14]"
"['Danielle', 'Butler', 'DOB', '27-12-2011']","[0, 0, 3, 3]"
"['KL26', '9023931339', 'Issued', 'on', '11-06-2015', 'Expires', 'on', '30-07-2015']","[5, 5, 18, 6, 6, 18, 7, 7]"
"['KL28', '4939447721', 'Issued', 'on', '10-02-2008', 'Expires', 'on', '26-04-2015']","[5, 5, 18, 6, 6, 18, 7, 7]"
"['Emergency', 'Contact', '001-978-726-6128']","[17, 17, 17]"
"['Emergency', 'Contact', '457.656.7667x08061']","[17, 17, 17]"
"['Emergency', 'Contact', '298.852.9894']","[17, 17, 17]"
"['Michael', 'Ford', 'DOB', '28-10-2022']","[0, 0, 3, 3]"
"['Blood', 'Group', 'O-', 'Organ', 'Donor', 'YES']","[13, 13, 13, 14, 14, 14]"
"['KL51', '9369574998', 'Issued', 'on', '09-11-2020', 'Expires', 'on', '18-01-2007']","[5, 5, 18, 6, 6, 18, 7, 7]"
"['Emergency', 'Contact', '904-715-9149']","[17, 17, 17]"
"['Barbara', 'Richards', 'DOB', '31-07-2022']","[0, 0, 3, 3]"
"['Permanent', 'Address', '382', 'Taylor', 'Spring', 'West', 'Courtney,', 'VA', '01346', 'Present', 'Address', '10291', 'John', 'Cove', 'Johnsonhaven,', 'NV', '51712']","[1, 1, 1, 1, 1, 1, 1, 1, 1, 2, 2, 2, 2, 2, 2, 2, 2]"
"['KL81', '8675071314', 'Issued', 'on', '03-02-2007', 'Expires', 'on', '05-05-2009']","[5, 5, 18, 6, 6, 18, 7, 7]"
"['KL85', '4498054328', 'Issued', 'on', '28-05-2015', 'Expires', 'on', '18-12-2018']","[5, 5, 18, 6, 6, 18, 7, 7]"
"['Blood', 'Group', 'AB+', 'Organ', 'Donor', 'YES']","[13, 13, 13, 14, 14, 14]"
"['KL10', '1139082827', 'Issued', 'on', '28-08-2021', 'Expires', 'on', '18-06-2011']","[5, 5, 18, 6, 6, 18, 7, 7]"
"['Permanent', 'Address', '791', 'Thomas', 'Brooks', 'Apt.', '232', 'South', 'Timothy,', 'LA', '87996', 'Present', 'Address', '4661', 'Butler', 'Manors', 'Apt.', '047', 'New', 'Pedroshire,', 'ME', '04968']","[1, 1, 1, 1, 1, 1, 1, 1, 1, 1, 1, 2, 2, 2, 2, 2, 2, 2, 2, 2, 2, 2]"
"['Stephanie', 'Harvey', 'DOB', '25-08-2006']","[0, 0, 3, 3]"
"['Heather', 'Taylor', 'DOB', '19-10-2029']","[0, 0, 3, 3]"
"['KL82', '3131098613', 'Issued', 'on', '17-10-2020', 'Expires', 'on', '15-08-2014']","[5, 5, 18, 6, 6, 18, 7, 7]"
"['KL19', '6317152031', 'Issued', 'on', '05-07-2005', 'Expires', 'on', '02-08-2010']","[5, 5, 18, 6, 6, 18, 7, 7]"
"['Scott', 'Gordon', 'DOB', '25-01-2017']","[0, 0, 3, 3]"
"['KL21', '6737000272', 'Issued', 'on', '24-03-2029', 'Expires', 'on', '24-01-2023']","[5, 5, 18, 6, 6, 18, 7, 7]"
"['KL36', '5586143660', 'Issued', 'on', '28-06-2018', 'Expires', 'on', '27-08-2022']","[5, 5, 18, 6, 6, 18, 7, 7]"
"['KL23', '4094152811', 'Issued', 'on', '03-05-2007', 'Expires', 'on', '19-02-2011']","[5, 5, 18, 6, 6, 18, 7, 7]"
"['KL66', '8441393731', 'Issued', 'on', '08-07-2027', 'Expires', 'on', '08-05-2010']","[5, 5, 18, 6, 6, 18, 7, 7]"
"['Nathan', 'Morgan', 'DOB', '13-07-2029']","[0, 0, 3, 3]"
"['Emergency', 'Contact', '(444)661-7679']","[17, 17, 17]"
"['Blood', 'Group', 'O-', 'Organ', 'Donor', 'NO']","[13, 13, 13, 14, 14, 14]"
"['Blood', 'Group', 'A+', 'Organ', 'Donor', 'NO']","[13, 13, 13, 14, 14, 14]"
"['Emergency', 'Contact', '(259)295-9961']","[17, 17, 17]"
"['Permanent', 'Address', '11775', 'Tina', 'Valley', 'North', 'Rachel,', 'HI', '95942', 'Present', 'Address', '09410', 'Scott', 'Landing', 'Apt.', '251', 'Grayshire,', 'OH', '26680']","[1, 1, 1, 1, 1, 1, 1, 1, 1, 2, 2, 2, 2, 2, 2, 2, 2, 2, 2]"
"['Emergency', 'Contact', '547.374.3326']","[17, 17, 17]"
"['KL67', '4632522232', 'Issued', 'on', '02-01-2025', 'Expires', 'on', '09-01-2006']","[5, 5, 18, 6, 6, 18, 7, 7]"
"['KL50', '1449790661', 'Issued', 'on', '09-08-2026', 'Expires', 'on', '13-12-2027']","[5, 5, 18, 6, 6, 18, 7, 7]"
"['KL58', '9912067529', 'Issued', 'on', '21-06-2008', 'Expires', 'on', '15-02-2012']","[5, 5, 18, 6, 6, 18, 7, 7]"
"['Charles', 'Smith', 'DOB', '30-01-2019']","[0, 0, 3, 3]"
"['Sharon', 'Peterson', 'DOB', '01-06-2028']","[0, 0, 3, 3]"
"['KL88', '9131344493', 'Issued', 'on', '13-01-2030', 'Expires', 'on', '23-12-2029']","[5, 5, 18, 6, 6, 18, 7, 7]"
"['Permanent', 'Address', '39785', 'Montgomery', 'Points', 'Apt.', '176', 'Sawyershire,', 'CO', '17172', 'Present', 'Address', '17309', 'Johnson', 'View', 'Suite', '465', 'Port', 'Monicaport,', 'CA', '70548']","[1, 1, 1, 1, 1, 1, 1, 1, 1, 1, 2, 2, 2, 2, 2, 2, 2, 2, 2, 2, 2]"
"['Blood', 'Group', 'B-', 'Organ', 'Donor', 'NO']","[13, 13, 13, 14, 14, 14]"
"['KL22', '2422040412', 'Issued', 'on', '10-10-2024', 'Expires', 'on', '30-05-2013']","[5, 5, 18, 6, 6, 18, 7, 7]"
"['Tara', 'Porter', 'DOB', '13-10-2018']","[0, 0, 3, 3]"
"['Blood', 'Group', 'AB+', 'Organ', 'Donor', 'NO']","[13, 13, 13, 14, 14, 14]"
"['KL22', '5508149905', 'Issued', 'on', '01-04-2026', 'Expires', 'on', '15-02-2007']","[5, 5, 18, 6, 6, 18, 7, 7]"
"['Permanent', 'Address', '740', 'Matthew', 'Green', 'West', 'Pamela,', 'AR', '18757', 'Present', 'Address', '037', 'Linda', 'Port', 'Apt.', '516', 'New', 'Timothyberg,', 'KY', '95309']","[1, 1, 1, 1, 1, 1, 1, 1, 1, 2, 2, 2, 2, 2, 2, 2, 2, 2, 2, 2]"
"['Emergency', 'Contact', '6105783567']","[17, 17, 17]"
"['KL56', '5311355060', 'Issued', 'on', '05-12-2005', 'Expires', 'on', '30-01-2007']","[5, 5, 18, 6, 6, 18, 7, 7]"
"['KL94', '3062994753', 'Issued', 'on', '04-02-2006', 'Expires', 'on', '15-11-2011']","[5, 5, 18, 6, 6, 18, 7, 7]"
"['KL36', '5646880148', 'Issued', 'on', '17-05-2023', 'Expires', 'on', '21-11-2025']","[5, 5, 18, 6, 6, 18, 7, 7]"
"['Emergency', 'Contact', '(908)370-6626x6821']","[17, 17, 17]"
"['KL60', '7317658317', 'Issued', 'on', '23-02-2026', 'Expires', 'on', '16-09-2017']","[5, 5, 18, 6, 6, 18, 7, 7]"
"['Emergency', 'Contact', '(235)260-3319x036']","[17, 17, 17]"
"['KL92', '7631970791', 'Issued', 'on', '09-09-2029', 'Expires', 'on', '13-09-2013']","[5, 5, 18, 6, 6, 18, 7, 7]"
"['KL58', '2586568081', 'Issued', 'on', '18-02-2007', 'Expires', 'on', '22-10-2007']","[5, 5, 18, 6, 6, 18, 7, 7]"
"['Blood', 'Group', 'AB+', 'Organ', 'Donor', 'NO']","[13, 13, 13, 14, 14, 14]"
"['Blood', 'Group', 'B-', 'Organ', 'Donor', 'NO']","[13, 13, 13, 14, 14, 14]"
"['Permanent', 'Address', '40559', 'Whitney', 'Curve', 'Suite', '711', 'West', 'Shawnaborough,', 'NM', '92940', 'Present', 'Address', '74584', 'Alison', 'Grove', 'Suite', '881', 'West', 'Rachelfort,', 'KY', '10783']","[1, 1, 1, 1, 1, 1, 1, 1, 1, 1, 1, 2, 2, 2, 2, 2, 2, 2, 2, 2, 2, 2]"
"['KL99', '3866755218', 'Issued', 'on', '15-02-2012', 'Expires', 'on', '12-11-2009']","[5, 5, 18, 6, 6, 18, 7, 7]"
"['KL54', '7539441086', 'Issued', 'on', '04-12-2022', 'Expires', 'on', '16-01-2013']","[5, 5, 18, 6, 6, 18, 7, 7]"
"['Juan', 'Martinez', 'DOB', '11-11-2029']","[0, 0, 3, 3]"
"['Permanent', 'Address', '37710', 'Huff', 'Groves', 'Briannaport,', 'GU', '11575', 'Present', 'Address', '0667', 'Jeffrey', 'Light', 'Apt.', '680', 'Anthonystad,', 'AK', '80289']","[1, 1, 1, 1, 1, 1, 1, 1, 2, 2, 2, 2, 2, 2, 2, 2, 2, 2]"
"['Gabrielle', 'Clayton', 'DOB', '17-02-2014']","[0, 0, 3, 3]"
"['Permanent', 'Address', '59660', 'Angela', 'Stravenue', 'Micheleside,', 'NH', '56053', 'Present', 'Address', '67320', 'Marsh', 'Harbor', 'Apt.', '384', 'Ashleyton,', 'RI', '36450']","[1, 1, 1, 1, 1, 1, 1, 1, 2, 2, 2, 2, 2, 2, 2, 2, 2, 2]"
"['KL48', '5634076661', 'Issued', 'on', '03-07-2017', 'Expires', 'on', '05-05-2014']","[5, 5, 18, 6, 6, 18, 7, 7]"
"['Rachel', 'Patrick', 'DOB', '19-11-2025']","[0, 0, 3, 3]"
"['Permanent', 'Address', '542', 'Ford', 'Mill', 'Apt.', '705', 'Littleside,', 'IL', '54058', 'Present', 'Address', '9851', 'White', 'Trafficway', 'Jordanfort,', 'DC', '30309']","[1, 1, 1, 1, 1, 1, 1, 1, 1, 1, 2, 2, 2, 2, 2, 2, 2, 2]"
"['Blood', 'Group', 'B-', 'Organ', 'Donor', 'YES']","[13, 13, 13, 14, 14, 14]"
"['Bridget', 'Williamson', 'DOB', '20-11-2006']","[0, 0, 3, 3]"
"['Blood', 'Group', 'B-', 'Organ', 'Donor', 'YES']","[13, 13, 13, 14, 14, 14]"
"['Emergency', 'Contact', '510.228.7950']","[17, 17, 17]"
"['KL64', '8228968839', 'Issued', 'on', '06-07-2029', 'Expires', 'on', '05-01-2014']","[5, 5, 18, 6, 6, 18, 7, 7]"
"['KL90', '7850677534', 'Issued', 'on', '16-12-2013', 'Expires', 'on', '30-09-2005']","[5, 5, 18, 6, 6, 18, 7, 7]"
"['KL18', '5668747327', 'Issued', 'on', '12-04-2028', 'Expires', 'on', '22-03-2017']","[5, 5, 18, 6, 6, 18, 7, 7]"
"['Permanent', 'Address', '351', 'William', 'Creek', 'East', 'Jamesshire,', 'MN', '89763', 'Present', 'Address', '2059', 'Rogers', 'Lodge', 'Suite', '749', 'East', 'Michealport,', 'FL', '77994']","[1, 1, 1, 1, 1, 1, 1, 1, 1, 2, 2, 2, 2, 2, 2, 2, 2, 2, 2, 2]"
"['Permanent', 'Address', '8895', 'Nicholas', 'Prairie', 'Lake', 'Jessicafurt,', 'WV', '85594', 'Present', 'Address', '98986', 'Melanie', 'Pines', 'New', 'Thomashaven,', 'NC', '58306']","[1, 1, 1, 1, 1, 1, 1, 1, 1, 2, 2, 2, 2, 2, 2, 2, 2, 2]"
"['Emergency', 'Contact', '943-894-3535x37513']","[17, 17, 17]"
"['Blood', 'Group', 'A+', 'Organ', 'Donor', 'NO']","[13, 13, 13, 14, 14, 14]"
"['KL29', '5035765954', 'Issued', 'on', '06-07-2017', 'Expires', 'on', '29-11-2007']","[5, 5, 18, 6, 6, 18, 7, 7]"
"['Jonathan', 'Melendez', 'DOB', '06-06-2027']","[0, 0, 3, 3]"
"['Permanent', 'Address', '6392', 'Kimberly', 'Lodge', 'New', 'Jorge,', 'LA', '45271', 'Present', 'Address', '6829', 'Chen', 'Trail', 'East', 'Nancy,', 'AL', '22360']","[1, 1, 1, 1, 1, 1, 1, 1, 1, 2, 2, 2, 2, 2, 2, 2, 2, 2]"
"['KL46', '9075121701', 'Issued', 'on', '23-04-2009', 'Expires', 'on', '11-06-2019']","[5, 5, 18, 6, 6, 18, 7, 7]"
"['Emergency', 'Contact', '887-812-0602x128']","[17, 17, 17]"
"['KL93', '7910439839', 'Issued', 'on', '03-04-2017', 'Expires', 'on', '14-07-2009']","[5, 5, 18, 6, 6, 18, 7, 7]"
"['KL45', '2730759996', 'Issued', 'on', '20-11-2018', 'Expires', 'on', '29-11-2028']","[5, 5, 18, 6, 6, 18, 7, 7]"
"['Permanent', 'Address', '55999', 'Virginia', 'Cape', 'Apt.', '576', 'Yangchester,', 'LA', '99809', 'Present', 'Address', '298', 'Edwin', 'Avenue', 'Emilymouth,', 'MS', '42501']","[1, 1, 1, 1, 1, 1, 1, 1, 1, 1, 2, 2, 2, 2, 2, 2, 2, 2]"
"['Permanent', 'Address', '34750', 'Mitchell', 'Lights', 'Suite', '220', 'South', 'April,', 'OK', '81172', 'Present', 'Address', '2144', 'Gonzales', 'Extension', 'Suite', '491', 'Lake', 'Joshua,', 'CT', '27612']","[1, 1, 1, 1, 1, 1, 1, 1, 1, 1, 1, 2, 2, 2, 2, 2, 2, 2, 2, 2, 2, 2]"
"['Blood', 'Group', 'O-', 'Organ', 'Donor', 'NO']","[13, 13, 13, 14, 14, 14]"
"['Permanent', 'Address', '90883', 'Tracy', 'View', 'West', 'Jamesshire,', 'NE', '96457', 'Present', 'Address', '4117', 'Snyder', 'Corners', 'West', 'Jessica,', 'DE', '46863']","[1, 1, 1, 1, 1, 1, 1, 1, 1, 2, 2, 2, 2, 2, 2, 2, 2, 2]"
"['KL70', '9249923427', 'Issued', 'on', '21-11-2007', 'Expires', 'on', '07-10-2012']","[5, 5, 18, 6, 6, 18, 7, 7]"
"['Emergency', 'Contact', '001-315-728-5478x1506']","[17, 17, 17]"
"['KL48', '6630484376', 'Issued', 'on', '05-09-2011', 'Expires', 'on', '10-03-2024']","[5, 5, 18, 6, 6, 18, 7, 7]"
"['Emergency', 'Contact', '+1-900-632-9633x47272']","[17, 17, 17]"
"['Emergency', 'Contact', '(531)483-0617']","[17, 17, 17]"
"['Permanent', 'Address', '693', 'Washington', 'Shoals', 'Apt.', '434', 'Henryfurt,', 'PA', '47310', 'Present', 'Address', '31467', 'Wright', 'Manors', 'Apt.', '275', 'West', 'Heidiberg,', 'WI', '63905']","[1, 1, 1, 1, 1, 1, 1, 1, 1, 1, 2, 2, 2, 2, 2, 2, 2, 2, 2, 2, 2]"
"['Sharon', 'Burke', 'DOB', '31-07-2028']","[0, 0, 3, 3]"
"['KL48', '8841851495', 'Issued', 'on', '10-03-2013', 'Expires', 'on', '08-03-2006']","[5, 5, 18, 6, 6, 18, 7, 7]"
"['KL63', '1383484123', 'Issued', 'on', '05-02-2015', 'Expires', 'on', '25-04-2014']","[5, 5, 18, 6, 6, 18, 7, 7]"
"['Blood', 'Group', 'O-', 'Organ', 'Donor', 'NO']","[13, 13, 13, 14, 14, 14]"
"['Emergency', 'Contact', '236.608.5456x67664']","[17, 17, 17]"
"['Emergency', 'Contact', '735.404.7639x2831']","[17, 17, 17]"
"['Emergency', 'Contact', '+1-580-706-1558x108']","[17, 17, 17]"
"['Blood', 'Group', 'B-', 'Organ', 'Donor', 'YES']","[13, 13, 13, 14, 14, 14]"
"['KL74', '2732526008', 'Issued', 'on', '02-06-2023', 'Expires', 'on', '14-12-2011']","[5, 5, 18, 6, 6, 18, 7, 7]"
"['Emergency', 'Contact', '(586)534-2556']","[17, 17, 17]"
"['Blood', 'Group', 'A+', 'Organ', 'Donor', 'YES']","[13, 13, 13, 14, 14, 14]"
"['KL35', '4594787485', 'Issued', 'on', '30-08-2005', 'Expires', 'on', '05-06-2006']","[5, 5, 18, 6, 6, 18, 7, 7]"
"['KL68', '6150137259', 'Issued', 'on', '17-11-2005', 'Expires', 'on', '11-02-2023']","[5, 5, 18, 6, 6, 18, 7, 7]"
"['Blood', 'Group', 'O-', 'Organ', 'Donor', 'NO']","[13, 13, 13, 14, 14, 14]"
"['Permanent', 'Address', '0244', 'Jerry', 'Trail', 'Apt.', '041', 'Riosberg,', 'GU', '97563', 'Present', 'Address', '18600', 'Cody', 'Radial', 'Leeport,', 'WY', '42932']","[1, 1, 1, 1, 1, 1, 1, 1, 1, 1, 2, 2, 2, 2, 2, 2, 2, 2]"
"['KL13', '6334083514', 'Issued', 'on', '31-08-2019', 'Expires', 'on', '19-08-2022']","[5, 5, 18, 6, 6, 18, 7, 7]"
"['Blood', 'Group', 'O-', 'Organ', 'Donor', 'YES']","[13, 13, 13, 14, 14, 14]"
"['Elizabeth', 'Stevens', 'DOB', '03-08-2008']","[0, 0, 3, 3]"
"['Blood', 'Group', 'AB+', 'Organ', 'Donor', 'NO']","[13, 13, 13, 14, 14, 14]"
"['KL43', '3958590550', 'Issued', 'on', '11-03-2014', 'Expires', 'on', '10-07-2027']","[5, 5, 18, 6, 6, 18, 7, 7]"
"['KL59', '1213249628', 'Issued', 'on', '20-10-2024', 'Expires', 'on', '28-03-2021']","[5, 5, 18, 6, 6, 18, 7, 7]"
"['Emergency', 'Contact', '(846)213-6847x4883']","[17, 17, 17]"
"['Emergency', 'Contact', '965.381.7390x6375']","[17, 17, 17]"
"['KL38', '3780475472', 'Issued', 'on', '26-01-2027', 'Expires', 'on', '08-10-2015']","[5, 5, 18, 6, 6, 18, 7, 7]"
"['Permanent', 'Address', '82379', 'Christopher', 'Lodge', 'Millsshire,', 'WV', '30966', 'Present', 'Address', '6452', 'Marc', 'Port', 'Suite', '043', 'Gardnermouth,', 'SD', '31399']","[1, 1, 1, 1, 1, 1, 1, 1, 2, 2, 2, 2, 2, 2, 2, 2, 2, 2]"
"['KL62', '3204526134', 'Issued', 'on', '24-02-2016', 'Expires', 'on', '23-11-2020']","[5, 5, 18, 6, 6, 18, 7, 7]"
"['Emergency', 'Contact', '001-378-481-1616x202']","[17, 17, 17]"
"['Sergio', 'Wilson', 'DOB', '19-08-2019']","[0, 0, 3, 3]"
"['Permanent', 'Address', '86604', 'Ryan', 'Hill', 'Suite', '859', 'Anneburgh,', 'FL', '38537', 'Present', 'Address', '589', 'Kennedy', 'Fords', 'Saraberg,', 'GA', '69232']","[1, 1, 1, 1, 1, 1, 1, 1, 1, 1, 2, 2, 2, 2, 2, 2, 2, 2]"
"['Blood', 'Group', 'B-', 'Organ', 'Donor', 'YES']","[13, 13, 13, 14, 14, 14]"
"['Permanent', 'Address', '56227', 'Victoria', 'Avenue', 'Suite', '331', 'Riveraton,', 'RI', '61933', 'Present', 'Address', '8350', 'Joshua', 'View', 'Silvaport,', 'MN', '82355']","[1, 1, 1, 1, 1, 1, 1, 1, 1, 1, 2, 2, 2, 2, 2, 2, 2, 2]"
"['KL42', '9345142789', 'Issued', 'on', '02-12-2018', 'Expires', 'on', '12-11-2013']","[5, 5, 18, 6, 6, 18, 7, 7]"
"['Permanent', 'Address', '92134', 'Jose', 'Cove', 'Port', 'Alexa,', 'SD', '50694', 'Present', 'Address', '973', 'Aaron', 'Fort', 'Apt.', '192', 'East', 'Thomas,', 'AL', '42881']","[1, 1, 1, 1, 1, 1, 1, 1, 1, 2, 2, 2, 2, 2, 2, 2, 2, 2, 2, 2]"
"['Permanent', 'Address', '87675', 'Mason', 'Crest', 'New', 'Phillip,', 'WI', '51033', 'Present', 'Address', '8581', 'Stephanie', 'Roads', 'Suite', '268', 'Henryview,', 'TX', '16261']","[1, 1, 1, 1, 1, 1, 1, 1, 1, 2, 2, 2, 2, 2, 2, 2, 2, 2, 2]"
"['KL58', '8952502057', 'Issued', 'on', '07-03-2024', 'Expires', 'on', '06-01-2020']","[5, 5, 18, 6, 6, 18, 7, 7]"
"['Blood', 'Group', 'B-', 'Organ', 'Donor', 'NO']","[13, 13, 13, 14, 14, 14]"
"['KL76', '1439427140', 'Issued', 'on', '21-05-2027', 'Expires', 'on', '17-01-2017']","[5, 5, 18, 6, 6, 18, 7, 7]"
"['Blood', 'Group', 'AB+', 'Organ', 'Donor', 'NO']","[13, 13, 13, 14, 14, 14]"
"['KL23', '3069050782', 'Issued', 'on', '04-04-2011', 'Expires', 'on', '22-01-2006']","[5, 5, 18, 6, 6, 18, 7, 7]"
"['KL45', '8046300793', 'Issued', 'on', '22-08-2017', 'Expires', 'on', '21-01-2021']","[5, 5, 18, 6, 6, 18, 7, 7]"
"['Emergency', 'Contact', '001-556-239-8365x20375']","[17, 17, 17]"
"['KL93', '2283298067', 'Issued', 'on', '21-02-2025', 'Expires', 'on', '05-10-2015']","[5, 5, 18, 6, 6, 18, 7, 7]"
"['KL40', '4864126433', 'Issued', 'on', '16-05-2016', 'Expires', 'on', '26-05-2008']","[5, 5, 18, 6, 6, 18, 7, 7]"
"['Emergency', 'Contact', '(648)209-4047x604']","[17, 17, 17]"
"['Emergency', 'Contact', '001-307-297-7278']","[17, 17, 17]"
"['Permanent', 'Address', '221', 'Flowers', 'Crest', 'South', 'Danaton,', 'MD', '13277', 'Present', 'Address', '90552', 'Black', 'Shores', 'Suite', '601', 'Port', 'Kathleen,', 'FL', '96046']","[1, 1, 1, 1, 1, 1, 1, 1, 1, 2, 2, 2, 2, 2, 2, 2, 2, 2, 2, 2]"
"['Permanent', 'Address', '0493', 'Thompson', 'Summit', 'West', 'Joshuastad,', 'DE', '45255', 'Present', 'Address', '711', 'Ian', 'Corners', 'West', 'Brittany,', 'AK', '22696']","[1, 1, 1, 1, 1, 1, 1, 1, 1, 2, 2, 2, 2, 2, 2, 2, 2, 2]"
"['Permanent', 'Address', '571', 'Kyle', 'Springs', 'Lake', 'Katelyn,', 'DC', '41197', 'Present', 'Address', '42956', 'Mary', 'Groves', 'Apt.', '244', 'Bakerfort,', 'MI', '76351']","[1, 1, 1, 1, 1, 1, 1, 1, 1, 2, 2, 2, 2, 2, 2, 2, 2, 2, 2]"
"['Permanent', 'Address', '209', 'Moore', 'Port', 'Apt.', '654', 'West', 'Holly,', 'NY', '72801', 'Present', 'Address', '83437', 'Johnson', 'Crescent', 'Apt.', '727', 'Nathanfurt,', 'TN', '77622']","[1, 1, 1, 1, 1, 1, 1, 1, 1, 1, 1, 2, 2, 2, 2, 2, 2, 2, 2, 2, 2]"
"['Permanent', 'Address', 'PSC', '5150,', 'Box', '2675', 'APO', 'AA', '85420', 'Present', 'Address', 'PSC', '2542,', 'Box', '7820', 'APO', 'AA', '81321']","[1, 1, 1, 1, 1, 1, 1, 1, 1, 2, 2, 2, 2, 2, 2, 2, 2, 2]"
"['Kenneth', 'Graham', 'DOB', '14-10-2018']","[0, 0, 3, 3]"
"['KL63', '7032706313', 'Issued', 'on', '24-04-2021', 'Expires', 'on', '27-06-2013']","[5, 5, 18, 6, 6, 18, 7, 7]"
"['Permanent', 'Address', '576', 'Williams', 'Wells', 'Apt.', '816', 'Schroedershire,', 'MO', '78236', 'Present', 'Address', '9839', 'David', 'Isle', 'North', 'Kyleberg,', 'AS', '45865']","[1, 1, 1, 1, 1, 1, 1, 1, 1, 1, 2, 2, 2, 2, 2, 2, 2, 2, 2]"
"['Permanent', 'Address', '0232', 'Parker', 'Ferry', 'Port', 'James,', 'CO', '95414', 'Present', 'Address', '72517', 'Hale', 'Mountains', 'Suite', '731', 'Andersonberg,', 'MO', '43376']","[1, 1, 1, 1, 1, 1, 1, 1, 1, 2, 2, 2, 2, 2, 2, 2, 2, 2, 2]"
"['Sally', 'Cross', 'DOB', '24-08-2019']","[0, 0, 3, 3]"
"['Emergency', 'Contact', '+1-768-715-7903x923']","[17, 17, 17]"
"['KL38', '3397657114', 'Issued', 'on', '05-10-2016', 'Expires', 'on', '05-04-2022']","[5, 5, 18, 6, 6, 18, 7, 7]"
"['KL70', '1383539822', 'Issued', 'on', '02-04-2005', 'Expires', 'on', '21-12-2025']","[5, 5, 18, 6, 6, 18, 7, 7]"
"['Blood', 'Group', 'AB+', 'Organ', 'Donor', 'NO']","[13, 13, 13, 14, 14, 14]"
"['Emergency', 'Contact', '+1-761-832-7303x461']","[17, 17, 17]"
"['KL43', '7809974292', 'Issued', 'on', '15-06-2027', 'Expires', 'on', '27-04-2011']","[5, 5, 18, 6, 6, 18, 7, 7]"
"['Blood', 'Group', 'A+', 'Organ', 'Donor', 'NO']","[13, 13, 13, 14, 14, 14]"
"['KL91', '5600836559', 'Issued', 'on', '07-09-2019', 'Expires', 'on', '30-04-2010']","[5, 5, 18, 6, 6, 18, 7, 7]"
"['Emergency', 'Contact', '346-770-4622x6817']","[17, 17, 17]"
"['Blood', 'Group', 'O-', 'Organ', 'Donor', 'NO']","[13, 13, 13, 14, 14, 14]"
"['Blood', 'Group', 'B-', 'Organ', 'Donor', 'YES']","[13, 13, 13, 14, 14, 14]"
"['Ashley', 'Huffman', 'DOB', '12-08-2005']","[0, 0, 3, 3]"
"['KL82', '9532593594', 'Issued', 'on', '03-09-2010', 'Expires', 'on', '20-01-2016']","[5, 5, 18, 6, 6, 18, 7, 7]"
"['KL33', '4345526911', 'Issued', 'on', '30-07-2009', 'Expires', 'on', '01-10-2024']","[5, 5, 18, 6, 6, 18, 7, 7]"
"['Blood', 'Group', 'B-', 'Organ', 'Donor', 'NO']","[13, 13, 13, 14, 14, 14]"
"['Permanent', 'Address', '76604', 'Green', 'Roads', 'Apt.', '978', 'Kimberlymouth,', 'PR', '70627', 'Present', 'Address', 'Unit', '1268', 'Box', '6120', 'DPO', 'AA', '93242']","[1, 1, 1, 1, 1, 1, 1, 1, 1, 1, 2, 2, 2, 2, 2, 2, 2, 2, 2]"
"['KL45', '4322338756', 'Issued', 'on', '12-04-2025', 'Expires', 'on', '21-12-2013']","[5, 5, 18, 6, 6, 18, 7, 7]"
"['Permanent', 'Address', '0740', 'Miranda', 'Mount', 'Suite', '095', 'Ronaldport,', 'WI', '03585', 'Present', 'Address', '5607', 'Evans', 'Camp', 'West', 'Jessicaside,', 'WA', '52433']","[1, 1, 1, 1, 1, 1, 1, 1, 1, 1, 2, 2, 2, 2, 2, 2, 2, 2, 2]"
"['KL21', '7139268005', 'Issued', 'on', '28-08-2013', 'Expires', 'on', '28-02-2011']","[5, 5, 18, 6, 6, 18, 7, 7]"
"['Blood', 'Group', 'O-', 'Organ', 'Donor', 'NO']","[13, 13, 13, 14, 14, 14]"
"['KL78', '1818520766', 'Issued', 'on', '22-01-2008', 'Expires', 'on', '27-05-2023']","[5, 5, 18, 6, 6, 18, 7, 7]"
"['Permanent', 'Address', '764', 'Bonilla', 'Spurs', 'Port', 'Rebecca,', 'VA', '69124', 'Present', 'Address', '55029', 'Patrick', 'Stream', 'West', 'Saraport,', 'NE', '53026']","[1, 1, 1, 1, 1, 1, 1, 1, 1, 2, 2, 2, 2, 2, 2, 2, 2, 2]"
"['Permanent', 'Address', '161', 'Ashley', 'Hollow', 'Apt.', '059', 'Lewischester,', 'KY', '98394', 'Present', 'Address', '8096', 'Erika', 'Groves', 'South', 'Jamiechester,', 'TN', '17509']","[1, 1, 1, 1, 1, 1, 1, 1, 1, 1, 2, 2, 2, 2, 2, 2, 2, 2, 2]"
"['KL98', '9061589784', 'Issued', 'on', '19-07-2014', 'Expires', 'on', '14-04-2014']","[5, 5, 18, 6, 6, 18, 7, 7]"
"['KL23', '7823288650', 'Issued', 'on', '07-12-2020', 'Expires', 'on', '01-08-2025']","[5, 5, 18, 6, 6, 18, 7, 7]"
"['KL15', '6544063167', 'Issued', 'on', '19-10-2026', 'Expires', 'on', '09-01-2016']","[5, 5, 18, 6, 6, 18, 7, 7]"
"['Permanent', 'Address', '53194', 'Matthews', 'Roads', 'Amberfort,', 'OH', '02148', 'Present', 'Address', '7277', 'Amanda', 'Extension', 'Suite', '460', 'Lake', 'Tommystad,', 'CO', '27705']","[1, 1, 1, 1, 1, 1, 1, 1, 2, 2, 2, 2, 2, 2, 2, 2, 2, 2, 2]"
"['Permanent', 'Address', '4577', 'Eric', 'Prairie', 'Apt.', '959', 'Perrytown,', 'WV', '37710', 'Present', 'Address', '68269', 'Collin', 'Forge', 'Apt.', '194', 'Port', 'Erik,', 'WI', '96768']","[1, 1, 1, 1, 1, 1, 1, 1, 1, 1, 2, 2, 2, 2, 2, 2, 2, 2, 2, 2, 2]"
"['KL97', '5275521470', 'Issued', 'on', '05-11-2018', 'Expires', 'on', '01-12-2023']","[5, 5, 18, 6, 6, 18, 7, 7]"
"['KL72', '1809283659', 'Issued', 'on', '05-02-2019', 'Expires', 'on', '05-03-2017']","[5, 5, 18, 6, 6, 18, 7, 7]"
"['Jennifer', 'Greene', 'DOB', '25-01-2016']","[0, 0, 3, 3]"
"['Lorraine', 'Beck', 'DOB', '26-07-2028']","[0, 0, 3, 3]"
"['Blood', 'Group', 'B-', 'Organ', 'Donor', 'YES']","[13, 13, 13, 14, 14, 14]"
"['Permanent', 'Address', 'USNV', 'Shaw', 'FPO', 'AP', '51903', 'Present', 'Address', '7472', 'Ricardo', 'Alley', 'Suite', '721', 'Carpenterchester,', 'MT', '54279']","[1, 1, 1, 1, 1, 1, 1, 2, 2, 2, 2, 2, 2, 2, 2, 2, 2]"
"['KL12', '1725783958', 'Issued', 'on', '17-08-2011', 'Expires', 'on', '08-11-2026']","[5, 5, 18, 6, 6, 18, 7, 7]"
"['Blood', 'Group', 'A+', 'Organ', 'Donor', 'NO']","[13, 13, 13, 14, 14, 14]"
"['Emergency', 'Contact', '8932299819']","[17, 17, 17]"
"['KL78', '3676343517', 'Issued', 'on', '04-04-2016', 'Expires', 'on', '12-12-2025']","[5, 5, 18, 6, 6, 18, 7, 7]"
"['Permanent', 'Address', '150', 'Arnold', 'Way', 'Apt.', '275', 'East', 'Thomas,', 'VT', '26687', 'Present', 'Address', '03977', 'Gabriela', 'Mills', 'Apt.', '278', 'Port', 'Cassandramouth,', 'VI', '21376']","[1, 1, 1, 1, 1, 1, 1, 1, 1, 1, 1, 2, 2, 2, 2, 2, 2, 2, 2, 2, 2, 2]"
"['KL23', '1084790270', 'Issued', 'on', '13-07-2013', 'Expires', 'on', '04-12-2020']","[5, 5, 18, 6, 6, 18, 7, 7]"
"['Permanent', 'Address', '06876', 'Krista', 'Green', 'Lake', 'Kimberlyside,', 'VT', '03610', 'Present', 'Address', '6056', 'Patterson', 'Crossing', 'East', 'Melanieshire,', 'WV', '15152']","[1, 1, 1, 1, 1, 1, 1, 1, 1, 2, 2, 2, 2, 2, 2, 2, 2, 2]"
"['Blood', 'Group', 'O-', 'Organ', 'Donor', 'YES']","[13, 13, 13, 14, 14, 14]"
"['Blood', 'Group', 'O-', 'Organ', 'Donor', 'YES']","[13, 13, 13, 14, 14, 14]"
"['KL97', '3707166618', 'Issued', 'on', '06-10-2029', 'Expires', 'on', '12-12-2010']","[5, 5, 18, 6, 6, 18, 7, 7]"
"['KL94', '7529678452', 'Issued', 'on', '01-09-2017', 'Expires', 'on', '01-04-2019']","[5, 5, 18, 6, 6, 18, 7, 7]"
"['Permanent', 'Address', '73415', 'Stephen', 'Station', 'Goodwinview,', 'MA', '39205', 'Present', 'Address', '4949', 'Kathleen', 'Drive', 'Suite', '035', 'Jenniferport,', 'VT', '21250']","[1, 1, 1, 1, 1, 1, 1, 1, 2, 2, 2, 2, 2, 2, 2, 2, 2, 2]"
"['Permanent', 'Address', '7422', 'Catherine', 'Walks', 'Suite', '430', 'New', 'Kevin,', 'OR', '02082', 'Present', 'Address', '9252', 'Mills', 'Lane', 'Suite', '287', 'South', 'Penny,', 'AL', '88154']","[1, 1, 1, 1, 1, 1, 1, 1, 1, 1, 1, 2, 2, 2, 2, 2, 2, 2, 2, 2, 2, 2]"
"['Blood', 'Group', 'A+', 'Organ', 'Donor', 'YES']","[13, 13, 13, 14, 14, 14]"
"['KL23', '3137772998', 'Issued', 'on', '27-05-2007', 'Expires', 'on', '05-11-2016']","[5, 5, 18, 6, 6, 18, 7, 7]"
"['Permanent', 'Address', '24913', 'Porter', 'Port', 'Port', 'Juliehaven,', 'MH', '30434', 'Present', 'Address', '061', 'Romero', 'Groves', 'Apt.', '079', 'East', 'Jonathan,', 'WA', '24445']","[1, 1, 1, 1, 1, 1, 1, 1, 1, 2, 2, 2, 2, 2, 2, 2, 2, 2, 2, 2]"
"['Emergency', 'Contact', '001-333-472-0948x413']","[17, 17, 17]"
"['Emergency', 'Contact', '340.533.3997x71805']","[17, 17, 17]"
"['Jeremy', 'Alvarez', 'DOB', '06-08-2008']","[0, 0, 3, 3]"
"['Blood', 'Group', 'O-', 'Organ', 'Donor', 'NO']","[13, 13, 13, 14, 14, 14]"
"['KL80', '9302705838', 'Issued', 'on', '27-08-2023', 'Expires', 'on', '02-04-2025']","[5, 5, 18, 6, 6, 18, 7, 7]"
"['KL10', '9644692836', 'Issued', 'on', '06-07-2012', 'Expires', 'on', '22-07-2025']","[5, 5, 18, 6, 6, 18, 7, 7]"
"['KL24', '8168394616', 'Issued', 'on', '11-10-2021', 'Expires', 'on', '28-05-2015']","[5, 5, 18, 6, 6, 18, 7, 7]"
"['KL21', '9912264204', 'Issued', 'on', '27-07-2024', 'Expires', 'on', '11-07-2005']","[5, 5, 18, 6, 6, 18, 7, 7]"
"['Permanent', 'Address', '739', 'Gay', 'Glen', 'Guzmanfort,', 'SC', '23639', 'Present', 'Address', '444', 'Matthew', 'Springs', 'Suite', '712', 'Smithhaven,', 'NJ', '65484']","[1, 1, 1, 1, 1, 1, 1, 1, 2, 2, 2, 2, 2, 2, 2, 2, 2, 2]"
"['Austin', 'Reynolds', 'DOB', '25-07-2015']","[0, 0, 3, 3]"
"['Permanent', 'Address', '8231', 'Jason', 'Parkway', 'Suite', '587', 'Lake', 'Kevinborough,', 'OK', '88566', 'Present', 'Address', '62292', 'Frye', 'Mountains', 'Chanview,', 'IN', '34953']","[1, 1, 1, 1, 1, 1, 1, 1, 1, 1, 1, 2, 2, 2, 2, 2, 2, 2, 2]"
"['Blood', 'Group', 'AB+', 'Organ', 'Donor', 'NO']","[13, 13, 13, 14, 14, 14]"
"['Blood', 'Group', 'A+', 'Organ', 'Donor', 'YES']","[13, 13, 13, 14, 14, 14]"
"['Emergency', 'Contact', '845.224.5557x4696']","[17, 17, 17]"
"['Emergency', 'Contact', '001-260-765-2740x33445']","[17, 17, 17]"
"['Blood', 'Group', 'AB+', 'Organ', 'Donor', 'NO']","[13, 13, 13, 14, 14, 14]"
"['Permanent', 'Address', '8833', 'Gates', 'Coves', 'Apt.', '325', 'Davidshire,', 'NJ', '06530', 'Present', 'Address', '734', 'Brown', 'Centers', 'Suite', '485', 'Mcleanville,', 'NJ', '18101']","[1, 1, 1, 1, 1, 1, 1, 1, 1, 1, 2, 2, 2, 2, 2, 2, 2, 2, 2, 2]"
"['KL15', '3779696951', 'Issued', 'on', '19-09-2007', 'Expires', 'on', '29-03-2016']","[5, 5, 18, 6, 6, 18, 7, 7]"
"['KL66', '4148502863', 'Issued', 'on', '13-02-2030', 'Expires', 'on', '12-04-2019']","[5, 5, 18, 6, 6, 18, 7, 7]"
"['Blood', 'Group', 'AB+', 'Organ', 'Donor', 'YES']","[13, 13, 13, 14, 14, 14]"
"['KL61', '9428056968', 'Issued', 'on', '13-05-2010', 'Expires', 'on', '26-04-2010']","[5, 5, 18, 6, 6, 18, 7, 7]"
"['KL59', '1716309186', 'Issued', 'on', '07-04-2025', 'Expires', 'on', '15-05-2015']","[5, 5, 18, 6, 6, 18, 7, 7]"
"['KL17', '4626454979', 'Issued', 'on', '24-09-2024', 'Expires', 'on', '02-01-2012']","[5, 5, 18, 6, 6, 18, 7, 7]"
"['KL85', '2881894932', 'Issued', 'on', '25-04-2024', 'Expires', 'on', '11-03-2008']","[5, 5, 18, 6, 6, 18, 7, 7]"
"['Permanent', 'Address', '848', 'Norris', 'Dam', 'Apt.', '557', 'East', 'Manuel,', 'IN', '60899', 'Present', 'Address', '449', 'Donald', 'Row', 'Simmonsfort,', 'AS', '06796']","[1, 1, 1, 1, 1, 1, 1, 1, 1, 1, 1, 2, 2, 2, 2, 2, 2, 2, 2]"
"['Emergency', 'Contact', '708.350.9608x58749']","[17, 17, 17]"
"['Permanent', 'Address', '182', 'Audrey', 'Mountain', 'Port', 'Charles,', 'TX', '56986', 'Present', 'Address', '2512', 'Gibson', 'Tunnel', 'Suite', '069', 'Adamfurt,', 'AK', '01620']","[1, 1, 1, 1, 1, 1, 1, 1, 1, 2, 2, 2, 2, 2, 2, 2, 2, 2, 2]"
"['Emergency', 'Contact', '956.524.3958']","[17, 17, 17]"
"['Emergency', 'Contact', '001-295-492-3234x21089']","[17, 17, 17]"
"['Permanent', 'Address', '5333', 'Martin', 'Groves', 'East', 'Kelsey,', 'AK', '18498', 'Present', 'Address', '60736', 'Sean', 'Locks', 'Apt.', '369', 'North', 'Tanyahaven,', 'PW', '76300']","[1, 1, 1, 1, 1, 1, 1, 1, 1, 2, 2, 2, 2, 2, 2, 2, 2, 2, 2, 2]"
"['Emergency', 'Contact', '001-381-723-1795x5633']","[17, 17, 17]"
"['Blood', 'Group', 'O-', 'Organ', 'Donor', 'YES']","[13, 13, 13, 14, 14, 14]"
"['Emergency', 'Contact', '648.317.0066x6155']","[17, 17, 17]"
"['Blood', 'Group', 'A+', 'Organ', 'Donor', 'NO']","[13, 13, 13, 14, 14, 14]"
"['Permanent', 'Address', '16704', 'Williams', 'Vista', 'Apt.', '290', 'New', 'Eric,', 'UT', '62080', 'Present', 'Address', '345', 'Morrow', 'Manor', 'East', 'Sharon,', 'FL', '97752']","[1, 1, 1, 1, 1, 1, 1, 1, 1, 1, 1, 2, 2, 2, 2, 2, 2, 2, 2, 2]"
"['KL96', '9045090355', 'Issued', 'on', '13-12-2027', 'Expires', 'on', '19-05-2011']","[5, 5, 18, 6, 6, 18, 7, 7]"
"['Blood', 'Group', 'A+', 'Organ', 'Donor', 'NO']","[13, 13, 13, 14, 14, 14]"
"['Permanent', 'Address', '07346', 'Stout', 'Greens', 'Anthonytown,', 'MA', '04236', 'Present', 'Address', '260', 'Farmer', 'Stravenue', 'East', 'Craig,', 'MI', '29690']","[1, 1, 1, 1, 1, 1, 1, 1, 2, 2, 2, 2, 2, 2, 2, 2, 2]"
"['KL54', '8049778448', 'Issued', 'on', '01-05-2008', 'Expires', 'on', '27-06-2019']","[5, 5, 18, 6, 6, 18, 7, 7]"
"['KL81', '3632445649', 'Issued', 'on', '16-06-2007', 'Expires', 'on', '08-01-2009']","[5, 5, 18, 6, 6, 18, 7, 7]"
"['KL30', '1710404224', 'Issued', 'on', '20-05-2021', 'Expires', 'on', '31-12-2020']","[5, 5, 18, 6, 6, 18, 7, 7]"
"['Emergency', 'Contact', '(387)929-0477x42585']","[17, 17, 17]"
"['KL52', '9461708554', 'Issued', 'on', '19-12-2021', 'Expires', 'on', '20-08-2024']","[5, 5, 18, 6, 6, 18, 7, 7]"
"['KL38', '6921203386', 'Issued', 'on', '17-11-2011', 'Expires', 'on', '24-06-2009']","[5, 5, 18, 6, 6, 18, 7, 7]"
"['Emergency', 'Contact', '382.523.1164']","[17, 17, 17]"
"['KL66', '2924568778', 'Issued', 'on', '23-11-2012', 'Expires', 'on', '23-09-2013']","[5, 5, 18, 6, 6, 18, 7, 7]"
"['Emergency', 'Contact', '(445)779-8894']","[17, 17, 17]"
"['Blood', 'Group', 'A+', 'Organ', 'Donor', 'NO']","[13, 13, 13, 14, 14, 14]"
"['Permanent', 'Address', '060', 'Tiffany', 'Bridge', 'Lake', 'Austin,', 'WY', '31673', 'Present', 'Address', '97753', 'Hayes', 'Forest', 'Suite', '948', 'Wilsonview,', 'SD', '67936']","[1, 1, 1, 1, 1, 1, 1, 1, 1, 2, 2, 2, 2, 2, 2, 2, 2, 2, 2]"
"['KL61', '2770980600', 'Issued', 'on', '04-09-2016', 'Expires', 'on', '03-09-2016']","[5, 5, 18, 6, 6, 18, 7, 7]"
"['Permanent', 'Address', 'Unit', '2457', 'Box', '8715', 'DPO', 'AP', '34955', 'Present', 'Address', '0821', 'Theresa', 'Village', 'Apt.', '184', 'Port', 'Michael,', 'NV', '57669']","[1, 1, 1, 1, 1, 1, 1, 1, 1, 2, 2, 2, 2, 2, 2, 2, 2, 2, 2, 2]"
"['KL21', '8033172680', 'Issued', 'on', '10-01-2024', 'Expires', 'on', '09-01-2008']","[5, 5, 18, 6, 6, 18, 7, 7]"
"['Emergency', 'Contact', '226.783.2303x58929']","[17, 17, 17]"
"['Permanent', 'Address', '2129', 'Megan', 'Terrace', 'New', 'Sheri,', 'RI', '56077', 'Present', 'Address', '64686', 'Mcdonald', 'Dale', 'Suite', '014', 'Jasonland,', 'AR', '99482']","[1, 1, 1, 1, 1, 1, 1, 1, 1, 2, 2, 2, 2, 2, 2, 2, 2, 2, 2]"
"['Permanent', 'Address', '2362', 'Myers', 'Fields', 'Port', 'Michael,', 'IN', '36705', 'Present', 'Address', '92372', 'Hodges', 'Branch', 'Apt.', '848', 'Port', 'Courtneyfort,', 'IN', '87063']","[1, 1, 1, 1, 1, 1, 1, 1, 1, 2, 2, 2, 2, 2, 2, 2, 2, 2, 2, 2]"
"['Blood', 'Group', 'AB+', 'Organ', 'Donor', 'NO']","[13, 13, 13, 14, 14, 14]"
"['Emergency', 'Contact', '641.389.7215x406']","[17, 17, 17]"
"['Emergency', 'Contact', '+1-776-592-7438x1199']","[17, 17, 17]"
"['Emergency', 'Contact', '+1-376-260-1444x85645']","[17, 17, 17]"
"['KL89', '7871737874', 'Issued', 'on', '21-08-2008', 'Expires', 'on', '18-06-2029']","[5, 5, 18, 6, 6, 18, 7, 7]"
"['Permanent', 'Address', '739', 'Wade', 'Cove', 'Castroshire,', 'MS', '80012', 'Present', 'Address', '91919', 'David', 'Track', 'Apt.', '599', 'Ochoaton,', 'MI', '85316']","[1, 1, 1, 1, 1, 1, 1, 1, 2, 2, 2, 2, 2, 2, 2, 2, 2, 2]"
"['Blood', 'Group', 'O-', 'Organ', 'Donor', 'YES']","[13, 13, 13, 14, 14, 14]"
"['KL94', '1952396600', 'Issued', 'on', '06-03-2020', 'Expires', 'on', '15-11-2020']","[5, 5, 18, 6, 6, 18, 7, 7]"
"['KL91', '7536876169', 'Issued', 'on', '15-09-2024', 'Expires', 'on', '26-12-2022']","[5, 5, 18, 6, 6, 18, 7, 7]"
"['Permanent', 'Address', '603', 'Andrew', 'Isle', 'Apt.', '460', 'Atkinsonview,', 'MI', '90024', 'Present', 'Address', '7057', 'Mack', 'Estates', 'New', 'Kelli,', 'OH', '85473']","[1, 1, 1, 1, 1, 1, 1, 1, 1, 1, 2, 2, 2, 2, 2, 2, 2, 2, 2]"
"['KL31', '3114937010', 'Issued', 'on', '25-02-2016', 'Expires', 'on', '08-11-2018']","[5, 5, 18, 6, 6, 18, 7, 7]"
"['Emergency', 'Contact', '001-852-771-5598x35411']","[17, 17, 17]"
"['Permanent', 'Address', '3475', 'Shaffer', 'Lake', 'East', 'Marcus,', 'DE', '25377', 'Present', 'Address', '826', 'James', 'Course', 'Suite', '425', 'Randyfurt,', 'CT', '97007']","[1, 1, 1, 1, 1, 1, 1, 1, 1, 2, 2, 2, 2, 2, 2, 2, 2, 2, 2]"
"['Blood', 'Group', 'AB+', 'Organ', 'Donor', 'YES']","[13, 13, 13, 14, 14, 14]"
"['KL60', '6220917178', 'Issued', 'on', '14-03-2015', 'Expires', 'on', '26-01-2026']","[5, 5, 18, 6, 6, 18, 7, 7]"
"['Emergency', 'Contact', '001-615-237-0382']","[17, 17, 17]"
"['KL53', '2780136605', 'Issued', 'on', '09-01-2022', 'Expires', 'on', '01-11-2012']","[5, 5, 18, 6, 6, 18, 7, 7]"
"['Victoria', 'Sanchez', 'DOB', '18-11-2012']","[0, 0, 3, 3]"
"['Emergency', 'Contact', '532.804.3097x768']","[17, 17, 17]"
"['Permanent', 'Address', '964', 'Lara', 'Greens', 'Suite', '553', 'Amberland,', 'UT', '18129', 'Present', 'Address', '921', 'Nichols', 'Cove', 'Lake', 'Michael,', 'UT', '85037']","[1, 1, 1, 1, 1, 1, 1, 1, 1, 1, 2, 2, 2, 2, 2, 2, 2, 2, 2]"
"['Emergency', 'Contact', '+1-937-849-0797']","[17, 17, 17]"
"['Blood', 'Group', 'B-', 'Organ', 'Donor', 'NO']","[13, 13, 13, 14, 14, 14]"
"['KL16', '7808041613', 'Issued', 'on', '26-05-2007', 'Expires', 'on', '11-01-2011']","[5, 5, 18, 6, 6, 18, 7, 7]"
"['Jerry', 'Santos', 'DOB', '09-01-2017']","[0, 0, 3, 3]"
"['Emergency', 'Contact', '821.551.4940x9762']","[17, 17, 17]"
"['Emily', 'Terry', 'DOB', '26-07-2015']","[0, 0, 3, 3]"
"['Permanent', 'Address', '89509', 'Jennifer', 'Knolls', 'Apt.', '191', 'Crossborough,', 'IA', '79344', 'Present', 'Address', '07151', 'Sophia', 'Ports', 'Ballardfurt,', 'UT', '62682']","[1, 1, 1, 1, 1, 1, 1, 1, 1, 1, 2, 2, 2, 2, 2, 2, 2, 2]"
"['KL26', '5739728188', 'Issued', 'on', '29-11-2009', 'Expires', 'on', '17-11-2016']","[5, 5, 18, 6, 6, 18, 7, 7]"
"['Permanent', 'Address', '2647', 'Jack', 'Locks', 'Apt.', '351', 'Shannonville,', 'NC', '34287', 'Present', 'Address', '051', 'Aaron', 'Pines', 'North', 'Markport,', 'AK', '74960']","[1, 1, 1, 1, 1, 1, 1, 1, 1, 1, 2, 2, 2, 2, 2, 2, 2, 2, 2]"
"['Permanent', 'Address', '39728', 'Theresa', 'Court', 'New', 'Neil,', 'HI', '58264', 'Present', 'Address', '270', 'Savannah', 'Underpass', 'Port', 'Sarahport,', 'CT', '46252']","[1, 1, 1, 1, 1, 1, 1, 1, 1, 2, 2, 2, 2, 2, 2, 2, 2, 2]"
"['KL59', '6361144788', 'Issued', 'on', '09-06-2028', 'Expires', 'on', '04-05-2011']","[5, 5, 18, 6, 6, 18, 7, 7]"
"['Blood', 'Group', 'AB+', 'Organ', 'Donor', 'NO']","[13, 13, 13, 14, 14, 14]"
"['Blood', 'Group', 'B-', 'Organ', 'Donor', 'YES']","[13, 13, 13, 14, 14, 14]"
"['Blood', 'Group', 'AB+', 'Organ', 'Donor', 'NO']","[13, 13, 13, 14, 14, 14]"
"['Permanent', 'Address', '73929', 'Pace', 'Shoals', 'Bowersville,', 'TN', '73175', 'Present', 'Address', '2373', 'Williams', 'Circle', 'Cochranshire,', 'CT', '68637']","[1, 1, 1, 1, 1, 1, 1, 1, 2, 2, 2, 2, 2, 2, 2, 2]"
"['Matthew', 'Buck', 'DOB', '09-05-2024']","[0, 0, 3, 3]"
"['Permanent', 'Address', '345', 'Seth', 'Flat', 'Suite', '666', 'Millertown,', 'NM', '14174', 'Present', 'Address', '647', 'Townsend', 'Square', 'Apt.', '803', 'West', 'Patriciashire,', 'ND', '23223']","[1, 1, 1, 1, 1, 1, 1, 1, 1, 1, 2, 2, 2, 2, 2, 2, 2, 2, 2, 2, 2]"
"['KL89', '8363225516', 'Issued', 'on', '03-01-2027', 'Expires', 'on', '14-11-2015']","[5, 5, 18, 6, 6, 18, 7, 7]"
"['Permanent', 'Address', '46358', 'Madison', 'Spur', 'Rodgershaven,', 'PR', '23869', 'Present', 'Address', '17235', 'Jennifer', 'Park', 'New', 'Danielle,', 'AL', '06429']","[1, 1, 1, 1, 1, 1, 1, 1, 2, 2, 2, 2, 2, 2, 2, 2, 2]"
"['Christine', 'Norris', 'DOB', '30-01-2015']","[0, 0, 3, 3]"
"['KL93', '8030335064', 'Issued', 'on', '11-05-2005', 'Expires', 'on', '18-05-2013']","[5, 5, 18, 6, 6, 18, 7, 7]"
"['Permanent', 'Address', '63560', 'Donald', 'Gateway', 'Suite', '694', 'Lake', 'Jill,', 'KY', '54136', 'Present', 'Address', '6437', 'Greene', 'Road', 'Suite', '072', 'North', 'Dana,', 'DE', '21331']","[1, 1, 1, 1, 1, 1, 1, 1, 1, 1, 1, 2, 2, 2, 2, 2, 2, 2, 2, 2, 2, 2]"
"['Emergency', 'Contact', '612.385.2464x8449']","[17, 17, 17]"
"['Permanent', 'Address', '18732', 'Taylor', 'Coves', 'Apt.', '306', 'North', 'Kathryn,', 'AS', '09335', 'Present', 'Address', '2790', 'Kayla', 'Stream', 'Suite', '090', 'West', 'Michele,', 'KS', '23507']","[1, 1, 1, 1, 1, 1, 1, 1, 1, 1, 1, 2, 2, 2, 2, 2, 2, 2, 2, 2, 2, 2]"
"['Permanent', 'Address', '066', 'Stacey', 'Parkways', 'East', 'Jackborough,', 'MA', '86747', 'Present', 'Address', '1398', 'Hawkins', 'Divide', 'Brianland,', 'MT', '68402']","[1, 1, 1, 1, 1, 1, 1, 1, 1, 2, 2, 2, 2, 2, 2, 2, 2]"
"['Lisa', 'Jackson', 'DOB', '22-02-2016']","[0, 0, 3, 3]"
"['Permanent', 'Address', '30609', 'Lisa', 'Trafficway', 'Port', 'Jeffreyton,', 'OK', '72011', 'Present', 'Address', '649', 'Cole', 'Summit', 'Apt.', '794', 'Tinamouth,', 'NJ', '20573']","[1, 1, 1, 1, 1, 1, 1, 1, 1, 2, 2, 2, 2, 2, 2, 2, 2, 2, 2]"
"['Permanent', 'Address', '24264', 'Micheal', 'Brooks', 'Suite', '420', 'Jenkinsside,', 'PR', '30252', 'Present', 'Address', 'Unit', '2536', 'Box', '6677', 'DPO', 'AA', '51414']","[1, 1, 1, 1, 1, 1, 1, 1, 1, 1, 2, 2, 2, 2, 2, 2, 2, 2, 2]"
"['Emergency', 'Contact', '555.756.2833x339']","[17, 17, 17]"
"['Blood', 'Group', 'O-', 'Organ', 'Donor', 'YES']","[13, 13, 13, 14, 14, 14]"
"['Blood', 'Group', 'A+', 'Organ', 'Donor', 'NO']","[13, 13, 13, 14, 14, 14]"
"['KL95', '1243115672', 'Issued', 'on', '18-12-2020', 'Expires', 'on', '07-11-2023']","[5, 5, 18, 6, 6, 18, 7, 7]"
"['KL30', '9519206782', 'Issued', 'on', '02-02-2019', 'Expires', 'on', '14-12-2017']","[5, 5, 18, 6, 6, 18, 7, 7]"
"['Permanent', 'Address', '2718', 'Evans', 'Village', 'Williamsborough,', 'MA', '72812', 'Present', 'Address', '627', 'Heather', 'Lights', 'Apt.', '492', 'Andrewsborough,', 'FL', '54409']","[1, 1, 1, 1, 1, 1, 1, 1, 2, 2, 2, 2, 2, 2, 2, 2, 2, 2]"
"['KL17', '2267619081', 'Issued', 'on', '20-12-2015', 'Expires', 'on', '21-02-2021']","[5, 5, 18, 6, 6, 18, 7, 7]"
"['Emergency', 'Contact', '327.359.9801']","[17, 17, 17]"
"['KL67', '4714465905', 'Issued', 'on', '05-12-2005', 'Expires', 'on', '29-06-2005']","[5, 5, 18, 6, 6, 18, 7, 7]"
"['Permanent', 'Address', 'PSC', '0515,', 'Box', '5323', 'APO', 'AA', '09154', 'Present', 'Address', '775', 'Keith', 'Courts', 'Apt.', '226', 'New', 'Reneechester,', 'GA', '74119']","[1, 1, 1, 1, 1, 1, 1, 1, 1, 2, 2, 2, 2, 2, 2, 2, 2, 2, 2, 2]"
"['Permanent', 'Address', '431', 'Regina', 'Court', 'Apt.', '267', 'Woodstown,', 'OR', '90694', 'Present', 'Address', 'Unit', '5799', 'Box', '2707', 'DPO', 'AP', '74790']","[1, 1, 1, 1, 1, 1, 1, 1, 1, 1, 2, 2, 2, 2, 2, 2, 2, 2, 2]"
"['KL99', '3853978147', 'Issued', 'on', '23-11-2016', 'Expires', 'on', '04-10-2016']","[5, 5, 18, 6, 6, 18, 7, 7]"
"['Stacey', 'Jones', 'MD', 'DOB', '30-05-2015']","[0, 0, 3, 3]"
"['Blood', 'Group', 'AB+', 'Organ', 'Donor', 'YES']","[13, 13, 13, 14, 14, 14]"
"['KL42', '6126033644', 'Issued', 'on', '31-03-2028', 'Expires', 'on', '04-08-2018']","[5, 5, 18, 6, 6, 18, 7, 7]"
"['Blood', 'Group', 'A+', 'Organ', 'Donor', 'YES']","[13, 13, 13, 14, 14, 14]"
"['Ashley', 'Donovan', 'DOB', '16-12-2027']","[0, 0, 3, 3]"
"['Permanent', 'Address', '1597', 'Christy', 'Ramp', 'Suite', '254', 'New', 'Juan,', 'NC', '03573', 'Present', 'Address', '34476', 'Williams', 'Summit', 'Hopkinsmouth,', 'OH', '04613']","[1, 1, 1, 1, 1, 1, 1, 1, 1, 1, 1, 2, 2, 2, 2, 2, 2, 2, 2]"
"['KL15', '7135394336', 'Issued', 'on', '23-08-2009', 'Expires', 'on', '08-06-2026']","[5, 5, 18, 6, 6, 18, 7, 7]"
"['Permanent', 'Address', '6376', 'Johnson', 'Spring', 'Heidimouth,', 'MN', '67686', 'Present', 'Address', '5254', 'Tracy', 'Grove', 'Apt.', '715', 'North', 'Lisaville,', 'IA', '10254']","[1, 1, 1, 1, 1, 1, 1, 1, 2, 2, 2, 2, 2, 2, 2, 2, 2, 2, 2]"
"['KL84', '8928570600', 'Issued', 'on', '24-03-2011', 'Expires', 'on', '26-11-2017']","[5, 5, 18, 6, 6, 18, 7, 7]"
"['KL69', '1664885408', 'Issued', 'on', '30-05-2007', 'Expires', 'on', '09-06-2010']","[5, 5, 18, 6, 6, 18, 7, 7]"
"['KL51', '3563581525', 'Issued', 'on', '28-08-2024', 'Expires', 'on', '05-04-2013']","[5, 5, 18, 6, 6, 18, 7, 7]"
"['Emergency', 'Contact', '001-311-200-5912x97519']","[17, 17, 17]"
"['Permanent', 'Address', '121', 'Adam', 'Turnpike', 'East', 'Brendan,', 'CO', '51212', 'Present', 'Address', '3792', 'Roberts', 'Springs', 'South', 'Jacksontown,', 'CO', '23550']","[1, 1, 1, 1, 1, 1, 1, 1, 1, 2, 2, 2, 2, 2, 2, 2, 2, 2]"
"['Emergency', 'Contact', '442.789.3113']","[17, 17, 17]"
"['KL83', '7657887271', 'Issued', 'on', '11-12-2012', 'Expires', 'on', '22-09-2010']","[5, 5, 18, 6, 6, 18, 7, 7]"
"['KL50', '3256554634', 'Issued', 'on', '17-08-2018', 'Expires', 'on', '25-10-2026']","[5, 5, 18, 6, 6, 18, 7, 7]"
"['Elizabeth', 'Gutierrez', 'DOB', '30-12-2026']","[0, 0, 3, 3]"
"['Blood', 'Group', 'B-', 'Organ', 'Donor', 'NO']","[13, 13, 13, 14, 14, 14]"
"['Blood', 'Group', 'O-', 'Organ', 'Donor', 'YES']","[13, 13, 13, 14, 14, 14]"
"['KL37', '8143967196', 'Issued', 'on', '28-11-2014', 'Expires', 'on', '16-08-2012']","[5, 5, 18, 6, 6, 18, 7, 7]"
"['KL47', '7573442717', 'Issued', 'on', '17-09-2019', 'Expires', 'on', '26-09-2013']","[5, 5, 18, 6, 6, 18, 7, 7]"
"['Nancy', 'Schmidt', 'DOB', '25-06-2027']","[0, 0, 3, 3]"
"['Emergency', 'Contact', '+1-244-321-0175x09617']","[17, 17, 17]"
"['Raymond', 'Rocha', 'DOB', '13-12-2028']","[0, 0, 3, 3]"
"['KL95', '6781057298', 'Issued', 'on', '16-05-2028', 'Expires', 'on', '19-10-2025']","[5, 5, 18, 6, 6, 18, 7, 7]"
"['KL92', '3667740351', 'Issued', 'on', '10-04-2028', 'Expires', 'on', '10-06-2007']","[5, 5, 18, 6, 6, 18, 7, 7]"
"['Monica', 'Flores', 'DOB', '20-05-2017']","[0, 0, 3, 3]"
"['Permanent', 'Address', '7475', 'Jeremy', 'Extension', 'Apt.', '567', 'Nguyenfurt,', 'NH', '61369', 'Present', 'Address', '660', 'Kristina', 'Light', 'South', 'Michael,', 'NE', '87240']","[1, 1, 1, 1, 1, 1, 1, 1, 1, 1, 2, 2, 2, 2, 2, 2, 2, 2, 2]"
"['KL24', '6952291828', 'Issued', 'on', '29-01-2011', 'Expires', 'on', '04-05-2010']","[5, 5, 18, 6, 6, 18, 7, 7]"
"['Blood', 'Group', 'AB+', 'Organ', 'Donor', 'YES']","[13, 13, 13, 14, 14, 14]"
"['Catherine', 'Davis', 'DOB', '06-07-2018']","[0, 0, 3, 3]"
"['Emergency', 'Contact', '524.953.0762x4843']","[17, 17, 17]"
"['Blood', 'Group', 'O-', 'Organ', 'Donor', 'NO']","[13, 13, 13, 14, 14, 14]"
"['KL93', '6121801720', 'Issued', 'on', '05-11-2025', 'Expires', 'on', '28-10-2029']","[5, 5, 18, 6, 6, 18, 7, 7]"
"['Blood', 'Group', 'A+', 'Organ', 'Donor', 'YES']","[13, 13, 13, 14, 14, 14]"
"['Mr.', 'Samuel', 'Freeman', 'DDS', 'DOB', '22-03-2017']","[0, 0, 3, 3]"
"['Emergency', 'Contact', '915-579-4238']","[17, 17, 17]"
"['Blood', 'Group', 'A+', 'Organ', 'Donor', 'YES']","[13, 13, 13, 14, 14, 14]"
"['Permanent', 'Address', '2549', 'Carr', 'Rapid', 'New', 'Julian,', 'VA', '49437', 'Present', 'Address', '9710', 'Wood', 'Gateway', 'West', 'Haley,', 'PW', '41465']","[1, 1, 1, 1, 1, 1, 1, 1, 1, 2, 2, 2, 2, 2, 2, 2, 2, 2]"
"['Emergency', 'Contact', '+1-574-585-9532x5939']","[17, 17, 17]"
"['Emergency', 'Contact', '997.905.8162x9518']","[17, 17, 17]"
"['Blood', 'Group', 'A+', 'Organ', 'Donor', 'YES']","[13, 13, 13, 14, 14, 14]"
"['Blood', 'Group', 'O-', 'Organ', 'Donor', 'YES']","[13, 13, 13, 14, 14, 14]"
"['Permanent', 'Address', '76342', 'Abbott', 'Circle', 'Suite', '330', 'Michaelfort,', 'OH', '19653', 'Present', 'Address', '5983', 'Susan', 'Ranch', 'Apt.', '403', 'Johnfurt,', 'NE', '92336']","[1, 1, 1, 1, 1, 1, 1, 1, 1, 1, 2, 2, 2, 2, 2, 2, 2, 2, 2, 2]"
"['KL68', '8373893128', 'Issued', 'on', '27-07-2005', 'Expires', 'on', '06-05-2015']","[5, 5, 18, 6, 6, 18, 7, 7]"
"['KL19', '1233079614', 'Issued', 'on', '29-01-2014', 'Expires', 'on', '24-02-2012']","[5, 5, 18, 6, 6, 18, 7, 7]"
"['Emergency', 'Contact', '(940)806-1572']","[17, 17, 17]"
"['Permanent', 'Address', '1474', 'Jasmine', 'Motorway', 'Suite', '292', 'Stephanieville,', 'AR', '43300', 'Present', 'Address', '56806', 'Foster', 'Islands', 'Apt.', '459', 'New', 'Brianberg,', 'NM', '08873']","[1, 1, 1, 1, 1, 1, 1, 1, 1, 1, 2, 2, 2, 2, 2, 2, 2, 2, 2, 2, 2]"
"['Permanent', 'Address', 'PSC', '2218,', 'Box', '2315', 'APO', 'AA', '44824', 'Present', 'Address', '76808', 'May', 'Locks', 'Apt.', '813', 'Mooreview,', 'IN', '31861']","[1, 1, 1, 1, 1, 1, 1, 1, 1, 2, 2, 2, 2, 2, 2, 2, 2, 2, 2]"
"['KL43', '7045736747', 'Issued', 'on', '14-02-2007', 'Expires', 'on', '19-02-2027']","[5, 5, 18, 6, 6, 18, 7, 7]"
"['Blood', 'Group', 'O-', 'Organ', 'Donor', 'NO']","[13, 13, 13, 14, 14, 14]"
"['KL59', '3891796055', 'Issued', 'on', '15-06-2028', 'Expires', 'on', '04-03-2024']","[5, 5, 18, 6, 6, 18, 7, 7]"
"['Blood', 'Group', 'A+', 'Organ', 'Donor', 'YES']","[13, 13, 13, 14, 14, 14]"
"['Permanent', 'Address', '0033', 'Stephanie', 'Dam', 'Marcusfurt,', 'AK', '67380', 'Present', 'Address', '68103', 'Jason', 'Prairie', 'Suite', '051', 'Williamburgh,', 'MO', '28390']","[1, 1, 1, 1, 1, 1, 1, 1, 2, 2, 2, 2, 2, 2, 2, 2, 2, 2]"
"['KL74', '5750815980', 'Issued', 'on', '19-05-2010', 'Expires', 'on', '12-06-2023']","[5, 5, 18, 6, 6, 18, 7, 7]"
"['Emergency', 'Contact', '5946485862']","[17, 17, 17]"
"['KL21', '9275074323', 'Issued', 'on', '30-07-2016', 'Expires', 'on', '10-11-2011']","[5, 5, 18, 6, 6, 18, 7, 7]"
"['Blood', 'Group', 'A+', 'Organ', 'Donor', 'NO']","[13, 13, 13, 14, 14, 14]"
"['KL38', '7638836058', 'Issued', 'on', '29-04-2016', 'Expires', 'on', '21-01-2014']","[5, 5, 18, 6, 6, 18, 7, 7]"
"['Matthew', 'Hayes', 'DOB', '11-05-2020']","[0, 0, 3, 3]"
"['KL96', '8077851013', 'Issued', 'on', '23-09-2025', 'Expires', 'on', '13-05-2027']","[5, 5, 18, 6, 6, 18, 7, 7]"
"['Patricia', 'Harris', 'DOB', '12-01-2009']","[0, 0, 3, 3]"
"['KL81', '1607196157', 'Issued', 'on', '13-08-2006', 'Expires', 'on', '20-05-2018']","[5, 5, 18, 6, 6, 18, 7, 7]"
"['KL83', '7857580528', 'Issued', 'on', '30-10-2008', 'Expires', 'on', '11-03-2012']","[5, 5, 18, 6, 6, 18, 7, 7]"
"['Blood', 'Group', 'A+', 'Organ', 'Donor', 'NO']","[13, 13, 13, 14, 14, 14]"
"['KL54', '6204370540', 'Issued', 'on', '04-01-2012', 'Expires', 'on', '07-08-2024']","[5, 5, 18, 6, 6, 18, 7, 7]"
"['Elizabeth', 'Norris', 'DOB', '28-06-2012']","[0, 0, 3, 3]"
"['Emergency', 'Contact', '001-245-670-3943']","[17, 17, 17]"
"['KL33', '8880184233', 'Issued', 'on', '14-08-2005', 'Expires', 'on', '24-07-2012']","[5, 5, 18, 6, 6, 18, 7, 7]"
"['KL33', '7652264884', 'Issued', 'on', '10-05-2011', 'Expires', 'on', '23-07-2016']","[5, 5, 18, 6, 6, 18, 7, 7]"
"['Permanent', 'Address', '576', 'Samantha', 'Neck', 'Suite', '319', 'North', 'Melissaton,', 'PR', '01970', 'Present', 'Address', 'USS', 'Turner', 'FPO', 'AA', '96019']","[1, 1, 1, 1, 1, 1, 1, 1, 1, 1, 1, 2, 2, 2, 2, 2, 2, 2]"
"['KL95', '5584288132', 'Issued', 'on', '12-07-2024', 'Expires', 'on', '17-08-2010']","[5, 5, 18, 6, 6, 18, 7, 7]"
"['KL84', '6715961218', 'Issued', 'on', '04-07-2008', 'Expires', 'on', '08-01-2007']","[5, 5, 18, 6, 6, 18, 7, 7]"
"['KL93', '2007310926', 'Issued', 'on', '20-09-2017', 'Expires', 'on', '10-07-2012']","[5, 5, 18, 6, 6, 18, 7, 7]"
"['KL18', '4865979921', 'Issued', 'on', '04-03-2027', 'Expires', 'on', '09-09-2011']","[5, 5, 18, 6, 6, 18, 7, 7]"
"['KL67', '8127164297', 'Issued', 'on', '06-08-2019', 'Expires', 'on', '19-11-2017']","[5, 5, 18, 6, 6, 18, 7, 7]"
"['Permanent', 'Address', '040', 'Kevin', 'Greens', 'Suite', '310', 'Thompsonville,', 'CO', '95503', 'Present', 'Address', '0971', 'Jason', 'Locks', 'Suite', '007', 'Rivaschester,', 'HI', '02240']","[1, 1, 1, 1, 1, 1, 1, 1, 1, 1, 2, 2, 2, 2, 2, 2, 2, 2, 2, 2]"
"['KL82', '2839566253', 'Issued', 'on', '27-10-2024', 'Expires', 'on', '12-09-2006']","[5, 5, 18, 6, 6, 18, 7, 7]"
"['KL41', '4374384508', 'Issued', 'on', '17-07-2027', 'Expires', 'on', '06-05-2007']","[5, 5, 18, 6, 6, 18, 7, 7]"
"['Permanent', 'Address', 'USNV', 'Mckinney', 'FPO', 'AP', '63306', 'Present', 'Address', '43370', 'Morgan', 'Village', 'Suite', '873', 'West', 'Michaelstad,', 'NH', '62429']","[1, 1, 1, 1, 1, 1, 1, 2, 2, 2, 2, 2, 2, 2, 2, 2, 2, 2]"
"['Permanent', 'Address', '588', 'Malik', 'Route', 'Suite', '629', 'Watsonstad,', 'WI', '38832', 'Present', 'Address', '865', 'Miller', 'Glen', 'Apt.', '557', 'Molinaburgh,', 'FM', '06105']","[1, 1, 1, 1, 1, 1, 1, 1, 1, 1, 2, 2, 2, 2, 2, 2, 2, 2, 2, 2]"
"['KL56', '8443061472', 'Issued', 'on', '19-11-2016', 'Expires', 'on', '05-06-2022']","[5, 5, 18, 6, 6, 18, 7, 7]"
"['Emergency', 'Contact', '+1-229-358-2923x6161']","[17, 17, 17]"
"['Blood', 'Group', 'AB+', 'Organ', 'Donor', 'NO']","[13, 13, 13, 14, 14, 14]"
"['Blood', 'Group', 'A+', 'Organ', 'Donor', 'YES']","[13, 13, 13, 14, 14, 14]"
"['Permanent', 'Address', '235', 'Wilson', 'Street', 'Suite', '868', 'Robinsonstad,', 'WA', '53978', 'Present', 'Address', '72308', 'Tyler', 'Cliffs', 'Johnfurt,', 'ME', '27927']","[1, 1, 1, 1, 1, 1, 1, 1, 1, 1, 2, 2, 2, 2, 2, 2, 2, 2]"
"['KL45', '3313346852', 'Issued', 'on', '22-08-2023', 'Expires', 'on', '30-11-2026']","[5, 5, 18, 6, 6, 18, 7, 7]"
"['KL90', '9918338001', 'Issued', 'on', '26-06-2008', 'Expires', 'on', '12-09-2011']","[5, 5, 18, 6, 6, 18, 7, 7]"
"['KL12', '3712815143', 'Issued', 'on', '31-12-2005', 'Expires', 'on', '01-10-2005']","[5, 5, 18, 6, 6, 18, 7, 7]"
"['Emergency', 'Contact', '3418321147']","[17, 17, 17]"
"['Permanent', 'Address', 'USCGC', 'Smith', 'FPO', 'AP', '39850', 'Present', 'Address', '46997', 'Erin', 'Bypass', 'Suite', '550', 'Jackiefurt,', 'WV', '71151']","[1, 1, 1, 1, 1, 1, 1, 2, 2, 2, 2, 2, 2, 2, 2, 2, 2]"
"['Emergency', 'Contact', '001-316-399-5706x07174']","[17, 17, 17]"
"['KL14', '7664045502', 'Issued', 'on', '19-07-2013', 'Expires', 'on', '04-11-2029']","[5, 5, 18, 6, 6, 18, 7, 7]"
"['Blood', 'Group', 'O-', 'Organ', 'Donor', 'YES']","[13, 13, 13, 14, 14, 14]"
"['Blood', 'Group', 'B-', 'Organ', 'Donor', 'NO']","[13, 13, 13, 14, 14, 14]"
"['KL74', '3192202822', 'Issued', 'on', '19-07-2029', 'Expires', 'on', '05-09-2026']","[5, 5, 18, 6, 6, 18, 7, 7]"
"['Blood', 'Group', 'A+', 'Organ', 'Donor', 'YES']","[13, 13, 13, 14, 14, 14]"
"['Emergency', 'Contact', '676-953-9705']","[17, 17, 17]"
"['Emergency', 'Contact', '996.310.2908']","[17, 17, 17]"
"['Permanent', 'Address', '9680', 'Richards', 'Square', 'Suite', '274', 'North', 'Kelly,', 'MA', '56433', 'Present', 'Address', '37730', 'Parsons', 'Valley', 'Port', 'Nicholas,', 'ME', '24444']","[1, 1, 1, 1, 1, 1, 1, 1, 1, 1, 1, 2, 2, 2, 2, 2, 2, 2, 2, 2]"
"['KL75', '5897854817', 'Issued', 'on', '19-10-2012', 'Expires', 'on', '08-10-2016']","[5, 5, 18, 6, 6, 18, 7, 7]"
"['KL82', '5156392601', 'Issued', 'on', '09-06-2028', 'Expires', 'on', '20-01-2025']","[5, 5, 18, 6, 6, 18, 7, 7]"
"['Permanent', 'Address', '711', 'Donald', 'Streets', 'South', 'Tylerchester,', 'AK', '93353', 'Present', 'Address', '816', 'Johnson', 'Mews', 'Suite', '111', 'Nataliestad,', 'NJ', '53103']","[1, 1, 1, 1, 1, 1, 1, 1, 1, 2, 2, 2, 2, 2, 2, 2, 2, 2, 2]"
"['Blood', 'Group', 'AB+', 'Organ', 'Donor', 'YES']","[13, 13, 13, 14, 14, 14]"
"['KL72', '1995358283', 'Issued', 'on', '15-06-2022', 'Expires', 'on', '22-06-2013']","[5, 5, 18, 6, 6, 18, 7, 7]"
"['KL39', '9773795424', 'Issued', 'on', '17-11-2009', 'Expires', 'on', '25-04-2009']","[5, 5, 18, 6, 6, 18, 7, 7]"
"['KL56', '6961814514', 'Issued', 'on', '07-01-2006', 'Expires', 'on', '17-09-2010']","[5, 5, 18, 6, 6, 18, 7, 7]"
"['Cody', 'Gonzalez', 'DOB', '26-08-2027']","[0, 0, 3, 3]"
"['Emergency', 'Contact', '+1-358-247-1296']","[17, 17, 17]"
"['KL93', '2391874847', 'Issued', 'on', '06-02-2013', 'Expires', 'on', '01-02-2012']","[5, 5, 18, 6, 6, 18, 7, 7]"
"['Permanent', 'Address', '605', 'William', 'Bridge', 'New', 'Elizabethshire,', 'NC', '01661', 'Present', 'Address', '3733', 'Mendoza', 'Forest', 'East', 'Paulside,', 'PR', '09796']","[1, 1, 1, 1, 1, 1, 1, 1, 1, 2, 2, 2, 2, 2, 2, 2, 2, 2]"
"['Blood', 'Group', 'AB+', 'Organ', 'Donor', 'NO']","[13, 13, 13, 14, 14, 14]"
"['Permanent', 'Address', '217', 'Ashlee', 'Gateway', 'Francostad,', 'IN', '34903', 'Present', 'Address', '56035', 'Cole', 'Villages', 'Apt.', '279', 'Lucasburgh,', 'IA', '79010']","[1, 1, 1, 1, 1, 1, 1, 1, 2, 2, 2, 2, 2, 2, 2, 2, 2, 2]"
"['Permanent', 'Address', '69061', 'Janet', 'Trail', 'Apt.', '054', 'Campbellmouth,', 'ME', '70662', 'Present', 'Address', '8769', 'Taylor', 'Course', 'Suite', '588', 'West', 'Crystalview,', 'VI', '38373']","[1, 1, 1, 1, 1, 1, 1, 1, 1, 1, 2, 2, 2, 2, 2, 2, 2, 2, 2, 2, 2]"
"['Blood', 'Group', 'O-', 'Organ', 'Donor', 'NO']","[13, 13, 13, 14, 14, 14]"
"['Permanent', 'Address', '5393', 'Compton', 'Fields', 'Zacharychester,', 'KY', '35092', 'Present', 'Address', '243', 'Marquez', 'Plaza', 'Jamesmouth,', 'OR', '68673']","[1, 1, 1, 1, 1, 1, 1, 1, 2, 2, 2, 2, 2, 2, 2, 2]"
"['Emergency', 'Contact', '(714)533-9527']","[17, 17, 17]"
"['KL42', '4896576569', 'Issued', 'on', '11-07-2018', 'Expires', 'on', '05-09-2021']","[5, 5, 18, 6, 6, 18, 7, 7]"
"['Blood', 'Group', 'AB+', 'Organ', 'Donor', 'NO']","[13, 13, 13, 14, 14, 14]"
"['Blood', 'Group', 'O-', 'Organ', 'Donor', 'YES']","[13, 13, 13, 14, 14, 14]"
"['Blood', 'Group', 'B-', 'Organ', 'Donor', 'NO']","[13, 13, 13, 14, 14, 14]"
"['KL19', '2206067650', 'Issued', 'on', '06-08-2029', 'Expires', 'on', '30-05-2014']","[5, 5, 18, 6, 6, 18, 7, 7]"
"['KL30', '6284297249', 'Issued', 'on', '13-07-2024', 'Expires', 'on', '26-10-2020']","[5, 5, 18, 6, 6, 18, 7, 7]"
"['Emergency', 'Contact', '+1-852-249-1416']","[17, 17, 17]"
"['Permanent', 'Address', '7894', 'Gonzalez', 'Center', 'Suite', '791', 'Kimmouth,', 'DE', '18815', 'Present', 'Address', '01418', 'Anderson', 'Court', 'Suite', '309', 'North', 'Danielview,', 'LA', '56836']","[1, 1, 1, 1, 1, 1, 1, 1, 1, 1, 2, 2, 2, 2, 2, 2, 2, 2, 2, 2, 2]"
"['Blood', 'Group', 'O-', 'Organ', 'Donor', 'NO']","[13, 13, 13, 14, 14, 14]"
"['KL30', '2764798660', 'Issued', 'on', '22-05-2013', 'Expires', 'on', '15-01-2013']","[5, 5, 18, 6, 6, 18, 7, 7]"
"['KL26', '1692044390', 'Issued', 'on', '12-09-2012', 'Expires', 'on', '28-03-2026']","[5, 5, 18, 6, 6, 18, 7, 7]"
"['Permanent', 'Address', '532', 'Angela', 'Island', 'Apt.', '263', 'East', 'Christopherview,', 'AS', '64235', 'Present', 'Address', '3379', 'Patricia', 'Forges', 'Danielbury,', 'TN', '40935']","[1, 1, 1, 1, 1, 1, 1, 1, 1, 1, 1, 2, 2, 2, 2, 2, 2, 2, 2]"
"['KL83', '1630780803', 'Issued', 'on', '03-01-2020', 'Expires', 'on', '02-12-2024']","[5, 5, 18, 6, 6, 18, 7, 7]"
"['KL33', '3738568701', 'Issued', 'on', '09-08-2025', 'Expires', 'on', '10-05-2018']","[5, 5, 18, 6, 6, 18, 7, 7]"
"['Emergency', 'Contact', '233.611.6772x696']","[17, 17, 17]"
"['Permanent', 'Address', '8550', 'Romero', 'Loaf', 'Suite', '935', 'Lake', 'Chris,', 'MP', '92111', 'Present', 'Address', '3355', 'Hill', 'Stravenue', 'Rachelfurt,', 'PA', '62067']","[1, 1, 1, 1, 1, 1, 1, 1, 1, 1, 1, 2, 2, 2, 2, 2, 2, 2, 2]"
"['Emergency', 'Contact', '7938170695']","[17, 17, 17]"
"['Jeffrey', 'Griffin', 'DOB', '19-08-2019']","[0, 0, 3, 3]"
"['KL87', '9558906999', 'Issued', 'on', '29-03-2008', 'Expires', 'on', '30-01-2020']","[5, 5, 18, 6, 6, 18, 7, 7]"
"['Emergency', 'Contact', '553-245-4722x398']","[17, 17, 17]"
"['KL62', '3580582653', 'Issued', 'on', '06-03-2018', 'Expires', 'on', '08-08-2017']","[5, 5, 18, 6, 6, 18, 7, 7]"
"['Emergency', 'Contact', '3316219804']","[17, 17, 17]"
"['Emergency', 'Contact', '324.526.4236x428']","[17, 17, 17]"
"['KL94', '7488857684', 'Issued', 'on', '03-05-2008', 'Expires', 'on', '29-04-2026']","[5, 5, 18, 6, 6, 18, 7, 7]"
"['KL97', '3536590481', 'Issued', 'on', '22-12-2006', 'Expires', 'on', '06-09-2024']","[5, 5, 18, 6, 6, 18, 7, 7]"
"['KL59', '1567851370', 'Issued', 'on', '22-06-2027', 'Expires', 'on', '09-03-2011']","[5, 5, 18, 6, 6, 18, 7, 7]"
"['KL76', '1413599241', 'Issued', 'on', '03-01-2015', 'Expires', 'on', '04-11-2023']","[5, 5, 18, 6, 6, 18, 7, 7]"
"['Blood', 'Group', 'A+', 'Organ', 'Donor', 'YES']","[13, 13, 13, 14, 14, 14]"
"['KL94', '4554178984', 'Issued', 'on', '14-03-2021', 'Expires', 'on', '08-08-2019']","[5, 5, 18, 6, 6, 18, 7, 7]"
"['Emergency', 'Contact', '(430)339-1114']","[17, 17, 17]"
"['Emergency', 'Contact', '001-278-252-2823x05248']","[17, 17, 17]"
"['Permanent', 'Address', '72239', 'Berry', 'Harbors', 'Sanchezburgh,', 'VT', '14902', 'Present', 'Address', '901', 'Taylor', 'Heights', 'Ricefort,', 'TX', '99363']","[1, 1, 1, 1, 1, 1, 1, 1, 2, 2, 2, 2, 2, 2, 2, 2]"
"['Blood', 'Group', 'AB+', 'Organ', 'Donor', 'YES']","[13, 13, 13, 14, 14, 14]"
"['Permanent', 'Address', '785', 'Walton', 'Pine', 'Suite', '287', 'Port', 'Benjamin,', 'CA', '79117', 'Present', 'Address', 'Unit', '4196', 'Box', '6645', 'DPO', 'AE', '41729']","[1, 1, 1, 1, 1, 1, 1, 1, 1, 1, 1, 2, 2, 2, 2, 2, 2, 2, 2, 2]"
"['Blood', 'Group', 'O-', 'Organ', 'Donor', 'NO']","[13, 13, 13, 14, 14, 14]"
"['Blood', 'Group', 'A+', 'Organ', 'Donor', 'NO']","[13, 13, 13, 14, 14, 14]"
"['KL71', '4289338885', 'Issued', 'on', '10-10-2021', 'Expires', 'on', '17-12-2011']","[5, 5, 18, 6, 6, 18, 7, 7]"
"['Cindy', 'Hampton', 'DOB', '16-03-2010']","[0, 0, 3, 3]"
"['KL86', '7050091525', 'Issued', 'on', '04-07-2020', 'Expires', 'on', '15-04-2025']","[5, 5, 18, 6, 6, 18, 7, 7]"
"['KL10', '5325865521', 'Issued', 'on', '15-12-2009', 'Expires', 'on', '14-04-2027']","[5, 5, 18, 6, 6, 18, 7, 7]"
"['Permanent', 'Address', '20374', 'Ross', 'Station', 'Suite', '537', 'South', 'Susan,', 'IA', '19576', 'Present', 'Address', 'PSC', '1450,', 'Box', '5766', 'APO', 'AE', '78913']","[1, 1, 1, 1, 1, 1, 1, 1, 1, 1, 1, 2, 2, 2, 2, 2, 2, 2, 2, 2]"
"['Permanent', 'Address', '71553', 'Weeks', 'Expressway', 'Apt.', '128', 'Brianhaven,', 'IL', '83164', 'Present', 'Address', '6597', 'Howell', 'Haven', 'Brenthaven,', 'OR', '16661']","[1, 1, 1, 1, 1, 1, 1, 1, 1, 1, 2, 2, 2, 2, 2, 2, 2, 2]"
"['KL56', '1457771446', 'Issued', 'on', '12-02-2020', 'Expires', 'on', '14-10-2021']","[5, 5, 18, 6, 6, 18, 7, 7]"
"['Blood', 'Group', 'AB+', 'Organ', 'Donor', 'NO']","[13, 13, 13, 14, 14, 14]"
"['Emergency', 'Contact', '(580)389-8126x57422']","[17, 17, 17]"
"['Blood', 'Group', 'AB+', 'Organ', 'Donor', 'NO']","[13, 13, 13, 14, 14, 14]"
"['Desiree', 'Robinson', 'DOB', '11-09-2006']","[0, 0, 3, 3]"
"['Blood', 'Group', 'B-', 'Organ', 'Donor', 'NO']","[13, 13, 13, 14, 14, 14]"
"['Permanent', 'Address', '69362', 'Payne', 'Glens', 'North', 'Vickie,', 'GA', '05411', 'Present', 'Address', '37271', 'Elizabeth', 'Valleys', 'Suite', '957', 'Barbaraside,', 'FM', '97771']","[1, 1, 1, 1, 1, 1, 1, 1, 1, 2, 2, 2, 2, 2, 2, 2, 2, 2, 2]"
"['Permanent', 'Address', '298', 'Drake', 'Tunnel', 'Apt.', '306', 'Nelsonhaven,', 'ME', '65889', 'Present', 'Address', 'Unit', '6094', 'Box', '4128', 'DPO', 'AE', '29199']","[1, 1, 1, 1, 1, 1, 1, 1, 1, 1, 2, 2, 2, 2, 2, 2, 2, 2, 2]"
"['KL81', '7678293431', 'Issued', 'on', '30-08-2013', 'Expires', 'on', '30-12-2020']","[5, 5, 18, 6, 6, 18, 7, 7]"
"['KL49', '7775960117', 'Issued', 'on', '31-05-2010', 'Expires', 'on', '21-07-2008']","[5, 5, 18, 6, 6, 18, 7, 7]"
"['Emergency', 'Contact', '001-488-956-6695x413']","[17, 17, 17]"
"['Blood', 'Group', 'B-', 'Organ', 'Donor', 'YES']","[13, 13, 13, 14, 14, 14]"
"['Permanent', 'Address', 'USS', 'Hampton', 'FPO', 'AE', '57599', 'Present', 'Address', '67055', 'Kyle', 'Oval', 'Suite', '693', 'Jordanbury,', 'LA', '32382']","[1, 1, 1, 1, 1, 1, 1, 2, 2, 2, 2, 2, 2, 2, 2, 2, 2]"
"['Blood', 'Group', 'B-', 'Organ', 'Donor', 'YES']","[13, 13, 13, 14, 14, 14]"
"['KL61', '8671160006', 'Issued', 'on', '21-12-2025', 'Expires', 'on', '23-10-2010']","[5, 5, 18, 6, 6, 18, 7, 7]"
"['Emergency', 'Contact', '929-359-6111x10286']","[17, 17, 17]"
"['Permanent', 'Address', 'USNS', 'Braun', 'FPO', 'AE', '62263', 'Present', 'Address', '5591', 'Frederick', 'Inlet', 'Craigshire,', 'CO', '05680']","[1, 1, 1, 1, 1, 1, 1, 2, 2, 2, 2, 2, 2, 2, 2]"
"['Permanent', 'Address', '67149', 'Gilbert', 'Pine', 'Port', 'Cheyenneberg,', 'CA', '61100', 'Present', 'Address', '81793', 'Johnson', 'Walk', 'Suite', '277', 'Stephanieport,', 'LA', '86155']","[1, 1, 1, 1, 1, 1, 1, 1, 1, 2, 2, 2, 2, 2, 2, 2, 2, 2, 2]"
"['KL59', '5919148165', 'Issued', 'on', '17-03-2029', 'Expires', 'on', '05-11-2018']","[5, 5, 18, 6, 6, 18, 7, 7]"
"['Timothy', 'Bauer', 'DOB', '22-09-2015']","[0, 0, 3, 3]"
"['Blood', 'Group', 'A+', 'Organ', 'Donor', 'NO']","[13, 13, 13, 14, 14, 14]"
"['KL20', '3615759047', 'Issued', 'on', '13-11-2027', 'Expires', 'on', '23-04-2016']","[5, 5, 18, 6, 6, 18, 7, 7]"
"['Permanent', 'Address', '20109', 'Dylan', 'Mission', 'Apt.', '214', 'Gwendolynshire,', 'IA', '94694', 'Present', 'Address', '89437', 'Michael', 'Lock', 'Apt.', '510', 'Port', 'Melissaview,', 'MS', '24954']","[1, 1, 1, 1, 1, 1, 1, 1, 1, 1, 2, 2, 2, 2, 2, 2, 2, 2, 2, 2, 2]"
"['Julie', 'Levy', 'DOB', '29-04-2029']","[0, 0, 3, 3]"
"['Blood', 'Group', 'AB+', 'Organ', 'Donor', 'YES']","[13, 13, 13, 14, 14, 14]"
"['Joanna', 'Cabrera', 'DOB', '08-04-2029']","[0, 0, 3, 3]"
"['Emergency', 'Contact', '(559)920-2461x75202']","[17, 17, 17]"
"['Permanent', 'Address', 'USNS', 'Le', 'FPO', 'AA', '05540', 'Present', 'Address', '595', 'Smith', 'Orchard', 'Apt.', '325', 'Alyssahaven,', 'OR', '80777']","[1, 1, 1, 1, 1, 1, 1, 2, 2, 2, 2, 2, 2, 2, 2, 2, 2]"
"['Blood', 'Group', 'B-', 'Organ', 'Donor', 'NO']","[13, 13, 13, 14, 14, 14]"
"['KL86', '3999818762', 'Issued', 'on', '11-01-2026', 'Expires', 'on', '22-11-2011']","[5, 5, 18, 6, 6, 18, 7, 7]"
"['Permanent', 'Address', '9848', 'Williams', 'Isle', 'South', 'Bridgetland,', 'NJ', '55190', 'Present', 'Address', 'USNS', 'Leblanc', 'FPO', 'AP', '29716']","[1, 1, 1, 1, 1, 1, 1, 1, 1, 2, 2, 2, 2, 2, 2, 2]"
"['Permanent', 'Address', '039', 'Foster', 'Avenue', 'Apt.', '037', 'South', 'Aaron,', 'AR', '10476', 'Present', 'Address', '860', 'Mack', 'Shore', 'Apt.', '793', 'Kimberlybury,', 'MS', '74000']","[1, 1, 1, 1, 1, 1, 1, 1, 1, 1, 1, 2, 2, 2, 2, 2, 2, 2, 2, 2, 2]"
"['Blood', 'Group', 'A+', 'Organ', 'Donor', 'YES']","[13, 13, 13, 14, 14, 14]"
"['KL45', '8643636805', 'Issued', 'on', '21-11-2029', 'Expires', 'on', '18-05-2016']","[5, 5, 18, 6, 6, 18, 7, 7]"
"['Blood', 'Group', 'O-', 'Organ', 'Donor', 'NO']","[13, 13, 13, 14, 14, 14]"
"['Permanent', 'Address', '61537', 'Cory', 'Summit', 'Garyport,', 'TN', '34198', 'Present', 'Address', '25144', 'Charles', 'Drives', 'Apt.', '031', 'Tammyville,', 'WV', '59652']","[1, 1, 1, 1, 1, 1, 1, 1, 2, 2, 2, 2, 2, 2, 2, 2, 2, 2]"
"['Blood', 'Group', 'A+', 'Organ', 'Donor', 'YES']","[13, 13, 13, 14, 14, 14]"
"['Blood', 'Group', 'AB+', 'Organ', 'Donor', 'NO']","[13, 13, 13, 14, 14, 14]"
"['Jonathan', 'Conley', 'DOB', '22-05-2023']","[0, 0, 3, 3]"
"['KL87', '5136298935', 'Issued', 'on', '11-01-2021', 'Expires', 'on', '30-07-2022']","[5, 5, 18, 6, 6, 18, 7, 7]"
"['Blood', 'Group', 'O-', 'Organ', 'Donor', 'YES']","[13, 13, 13, 14, 14, 14]"
"['KL62', '3174276085', 'Issued', 'on', '09-05-2009', 'Expires', 'on', '28-07-2021']","[5, 5, 18, 6, 6, 18, 7, 7]"
"['Permanent', 'Address', '51526', 'Amy', 'Glen', 'Apt.', '911', 'East', 'Matthew,', 'NC', '90879', 'Present', 'Address', '505', 'Sparks', 'Meadows', 'Apt.', '863', 'East', 'Christine,', 'NJ', '77355']","[1, 1, 1, 1, 1, 1, 1, 1, 1, 1, 1, 2, 2, 2, 2, 2, 2, 2, 2, 2, 2, 2]"
"['Blood', 'Group', 'AB+', 'Organ', 'Donor', 'YES']","[13, 13, 13, 14, 14, 14]"
"['Emergency', 'Contact', '001-513-278-7655x3007']","[17, 17, 17]"
"['Alicia', 'Beck', 'DOB', '15-11-2017']","[0, 0, 3, 3]"
"['Emergency', 'Contact', '+1-456-905-7121x9881']","[17, 17, 17]"
"['Emergency', 'Contact', '288.351.9053x4864']","[17, 17, 17]"
"['Permanent', 'Address', '246', 'Juan', 'Vista', 'Suite', '185', 'South', 'Kyleport,', 'MT', '03480', 'Present', 'Address', '2128', 'Michael', 'Court', 'Suite', '551', 'New', 'Jason,', 'AS', '10834']","[1, 1, 1, 1, 1, 1, 1, 1, 1, 1, 1, 2, 2, 2, 2, 2, 2, 2, 2, 2, 2, 2]"
"['Permanent', 'Address', '8818', 'Escobar', 'Shoals', 'Suite', '160', 'Samanthachester,', 'CO', '86732', 'Present', 'Address', '11901', 'Williams', 'Valleys', 'Richardville,', 'KS', '21316']","[1, 1, 1, 1, 1, 1, 1, 1, 1, 1, 2, 2, 2, 2, 2, 2, 2, 2]"
"['Kristina', 'Bauer', 'DOB', '28-12-2007']","[0, 0, 3, 3]"
"['Permanent', 'Address', '910', 'Robinson', 'Station', 'East', 'Joann,', 'GU', '89950', 'Present', 'Address', '84937', 'Brian', 'Forest', 'Suite', '384', 'Derekshire,', 'MT', '76304']","[1, 1, 1, 1, 1, 1, 1, 1, 1, 2, 2, 2, 2, 2, 2, 2, 2, 2, 2]"
"['Emergency', 'Contact', '543-691-6497x0169']","[17, 17, 17]"
"['Emergency', 'Contact', '001-329-829-1320x330']","[17, 17, 17]"
"['Daniel', 'Chung', 'DOB', '30-09-2024']","[0, 0, 3, 3]"
"['Blood', 'Group', 'O-', 'Organ', 'Donor', 'YES']","[13, 13, 13, 14, 14, 14]"
"['Blood', 'Group', 'AB+', 'Organ', 'Donor', 'YES']","[13, 13, 13, 14, 14, 14]"
"['Blood', 'Group', 'B-', 'Organ', 'Donor', 'YES']","[13, 13, 13, 14, 14, 14]"
"['Emergency', 'Contact', '4314061537']","[17, 17, 17]"
"['Blood', 'Group', 'AB+', 'Organ', 'Donor', 'YES']","[13, 13, 13, 14, 14, 14]"
"['Permanent', 'Address', '5668', 'Ramos', 'Flats', 'East', 'Paul,', 'ID', '87776', 'Present', 'Address', '7460', 'Smith', 'Mountain', 'North', 'Kimberly,', 'MP', '08311']","[1, 1, 1, 1, 1, 1, 1, 1, 1, 2, 2, 2, 2, 2, 2, 2, 2, 2]"
"['KL46', '5694439775', 'Issued', 'on', '22-10-2020', 'Expires', 'on', '14-01-2023']","[5, 5, 18, 6, 6, 18, 7, 7]"
"['Permanent', 'Address', '42442', 'Hammond', 'Mountains', 'Apt.', '975', 'Dawnmouth,', 'ID', '90735', 'Present', 'Address', '4273', 'Conway', 'Brook', 'Apt.', '763', 'North', 'Joseph,', 'MN', '68924']","[1, 1, 1, 1, 1, 1, 1, 1, 1, 1, 2, 2, 2, 2, 2, 2, 2, 2, 2, 2, 2]"
"['Emergency', 'Contact', '614-584-6019x134']","[17, 17, 17]"
"['KL32', '7341757401', 'Issued', 'on', '11-12-2027', 'Expires', 'on', '12-02-2024']","[5, 5, 18, 6, 6, 18, 7, 7]"
"['Blood', 'Group', 'AB+', 'Organ', 'Donor', 'YES']","[13, 13, 13, 14, 14, 14]"
"['Laura', 'Middleton', 'DOB', '04-06-2011']","[0, 0, 3, 3]"
"['Permanent', 'Address', '05869', 'Smith', 'Fields', 'North', 'Jessica,', 'VA', '56186', 'Present', 'Address', '369', 'Davis', 'Mountains', 'Apt.', '350', 'Michaelbury,', 'ND', '44204']","[1, 1, 1, 1, 1, 1, 1, 1, 1, 2, 2, 2, 2, 2, 2, 2, 2, 2, 2]"
"['Jeffrey', 'Hart', 'DDS', 'DOB', '16-09-2008']","[0, 0, 3, 3]"
"['Blood', 'Group', 'B-', 'Organ', 'Donor', 'YES']","[13, 13, 13, 14, 14, 14]"
"['Permanent', 'Address', '60376', 'Curtis', 'Plaza', 'Higginsbury,', 'WA', '28620', 'Present', 'Address', '40961', 'Day', 'Mission', 'North', 'Matthew,', 'IA', '80687']","[1, 1, 1, 1, 1, 1, 1, 1, 2, 2, 2, 2, 2, 2, 2, 2, 2]"
"['Emergency', 'Contact', '414-298-3074']","[17, 17, 17]"
"['KL35', '4586042076', 'Issued', 'on', '08-11-2021', 'Expires', 'on', '23-07-2012']","[5, 5, 18, 6, 6, 18, 7, 7]"
"['Emergency', 'Contact', '(451)218-9394x06557']","[17, 17, 17]"
"['Blood', 'Group', 'A+', 'Organ', 'Donor', 'YES']","[13, 13, 13, 14, 14, 14]"
"['Veronica', 'Armstrong', 'DOB', '26-11-2027']","[0, 0, 3, 3]"
"['Permanent', 'Address', '30233', 'David', 'Mount', 'Lake', 'Shannonberg,', 'AZ', '15951', 'Present', 'Address', '4621', 'Thomas', 'Avenue', 'West', 'Austin,', 'HI', '90211']","[1, 1, 1, 1, 1, 1, 1, 1, 1, 2, 2, 2, 2, 2, 2, 2, 2, 2]"
"['Permanent', 'Address', '12312', 'Rodriguez', 'Forks', 'Apt.', '488', 'Oliviaburgh,', 'MP', '78393', 'Present', 'Address', '6297', 'Stewart', 'Rest', 'Lake', 'Lauren,', 'MP', '03126']","[1, 1, 1, 1, 1, 1, 1, 1, 1, 1, 2, 2, 2, 2, 2, 2, 2, 2, 2]"
"['Permanent', 'Address', '8719', 'Laura', 'Crossroad', 'Apt.', '381', 'Fostershire,', 'VT', '97181', 'Present', 'Address', '283', 'John', 'Causeway', 'East', 'Amberland,', 'MA', '69323']","[1, 1, 1, 1, 1, 1, 1, 1, 1, 1, 2, 2, 2, 2, 2, 2, 2, 2, 2]"
"['Emergency', 'Contact', '+1-814-945-8220']","[17, 17, 17]"
"['Blood', 'Group', 'A+', 'Organ', 'Donor', 'NO']","[13, 13, 13, 14, 14, 14]"
"['Blood', 'Group', 'AB+', 'Organ', 'Donor', 'NO']","[13, 13, 13, 14, 14, 14]"
"['Emergency', 'Contact', '823.318.2971']","[17, 17, 17]"
"['Emergency', 'Contact', '001-757-424-5000x0001']","[17, 17, 17]"
"['Permanent', 'Address', '37178', 'Brown', 'Roads', 'Lake', 'Edwardstad,', 'MD', '50183', 'Present', 'Address', '4218', 'Caroline', 'Ports', 'Suite', '478', 'East', 'Gregoryport,', 'NY', '81982']","[1, 1, 1, 1, 1, 1, 1, 1, 1, 2, 2, 2, 2, 2, 2, 2, 2, 2, 2, 2]"
"['KL33', '6498703287', 'Issued', 'on', '23-08-2006', 'Expires', 'on', '20-11-2015']","[5, 5, 18, 6, 6, 18, 7, 7]"
"['KL83', '1550812184', 'Issued', 'on', '09-02-2018', 'Expires', 'on', '24-02-2021']","[5, 5, 18, 6, 6, 18, 7, 7]"
"['Blood', 'Group', 'O-', 'Organ', 'Donor', 'NO']","[13, 13, 13, 14, 14, 14]"
"['Jeffrey', 'Johnson', 'DOB', '02-08-2025']","[0, 0, 3, 3]"
"['KL54', '6045729129', 'Issued', 'on', '11-11-2006', 'Expires', 'on', '17-04-2005']","[5, 5, 18, 6, 6, 18, 7, 7]"
"['Stacey', 'Gray', 'DOB', '11-11-2026']","[0, 0, 3, 3]"
"['Permanent', 'Address', '848', 'Richard', 'Port', 'Apt.', '362', 'Williammouth,', 'MN', '87182', 'Present', 'Address', '96080', 'Brown', 'Fords', 'Apt.', '699', 'Montgomerytown,', 'WI', '82342']","[1, 1, 1, 1, 1, 1, 1, 1, 1, 1, 2, 2, 2, 2, 2, 2, 2, 2, 2, 2]"
"['Blood', 'Group', 'A+', 'Organ', 'Donor', 'YES']","[13, 13, 13, 14, 14, 14]"
"['Permanent', 'Address', '10401', 'King', 'Pines', 'New', 'Rosetown,', 'KS', '82496', 'Present', 'Address', '773', 'Nicholas', 'Track', 'New', 'Deborah,', 'MO', '35602']","[1, 1, 1, 1, 1, 1, 1, 1, 1, 2, 2, 2, 2, 2, 2, 2, 2, 2]"
"['Blood', 'Group', 'A+', 'Organ', 'Donor', 'NO']","[13, 13, 13, 14, 14, 14]"
"['Blood', 'Group', 'AB+', 'Organ', 'Donor', 'YES']","[13, 13, 13, 14, 14, 14]"
"['Blood', 'Group', 'B-', 'Organ', 'Donor', 'NO']","[13, 13, 13, 14, 14, 14]"
"['Blood', 'Group', 'AB+', 'Organ', 'Donor', 'NO']","[13, 13, 13, 14, 14, 14]"
"['KL64', '6199197408', 'Issued', 'on', '10-06-2013', 'Expires', 'on', '20-06-2010']","[5, 5, 18, 6, 6, 18, 7, 7]"
"['Permanent', 'Address', '694', 'Aimee', 'Rue', 'Rickeyburgh,', 'AK', '32314', 'Present', 'Address', '8631', 'Yu', 'Glen', 'South', 'Morganfurt,', 'LA', '83290']","[1, 1, 1, 1, 1, 1, 1, 1, 2, 2, 2, 2, 2, 2, 2, 2, 2]"
"['Blood', 'Group', 'O-', 'Organ', 'Donor', 'NO']","[13, 13, 13, 14, 14, 14]"
"['Blood', 'Group', 'B-', 'Organ', 'Donor', 'YES']","[13, 13, 13, 14, 14, 14]"
"['Emergency', 'Contact', '(625)554-0263x5582']","[17, 17, 17]"
"['Permanent', 'Address', 'USS', 'Barnett', 'FPO', 'AA', '49950', 'Present', 'Address', '8988', 'Kelsey', 'Street', 'Apt.', '538', 'Port', 'Toni,', 'MA', '95593']","[1, 1, 1, 1, 1, 1, 1, 2, 2, 2, 2, 2, 2, 2, 2, 2, 2, 2]"
"['Emergency', 'Contact', '(579)505-0404']","[17, 17, 17]"
"['Permanent', 'Address', 'PSC', '3538,', 'Box', '4951', 'APO', 'AA', '95980', 'Present', 'Address', '11978', 'Griffith', 'Turnpike', 'New', 'Brandonborough,', 'IA', '78268']","[1, 1, 1, 1, 1, 1, 1, 1, 1, 2, 2, 2, 2, 2, 2, 2, 2, 2]"
"['Emergency', 'Contact', '837-232-6530']","[17, 17, 17]"
"['KL29', '1041842844', 'Issued', 'on', '23-10-2029', 'Expires', 'on', '24-10-2007']","[5, 5, 18, 6, 6, 18, 7, 7]"
"['Blood', 'Group', 'B-', 'Organ', 'Donor', 'NO']","[13, 13, 13, 14, 14, 14]"
"['Emergency', 'Contact', '898-275-6178']","[17, 17, 17]"
"['KL81', '5499877198', 'Issued', 'on', '24-07-2005', 'Expires', 'on', '27-06-2011']","[5, 5, 18, 6, 6, 18, 7, 7]"
"['KL30', '1257854279', 'Issued', 'on', '19-04-2012', 'Expires', 'on', '07-02-2006']","[5, 5, 18, 6, 6, 18, 7, 7]"
"['Emergency', 'Contact', '2915561829']","[17, 17, 17]"
"['Blood', 'Group', 'A+', 'Organ', 'Donor', 'NO']","[13, 13, 13, 14, 14, 14]"
"['Permanent', 'Address', '7449', 'Susan', 'Mall', 'Apt.', '936', 'Chelseastad,', 'DC', '08095', 'Present', 'Address', '89418', 'Perez', 'Locks', 'Coopertown,', 'OR', '18758']","[1, 1, 1, 1, 1, 1, 1, 1, 1, 1, 2, 2, 2, 2, 2, 2, 2, 2]"
"['KL56', '6401844042', 'Issued', 'on', '21-01-2019', 'Expires', 'on', '28-10-2011']","[5, 5, 18, 6, 6, 18, 7, 7]"
"['KL25', '3600929253', 'Issued', 'on', '02-01-2011', 'Expires', 'on', '18-10-2029']","[5, 5, 18, 6, 6, 18, 7, 7]"
"['Permanent', 'Address', '982', 'John', 'Harbor', 'Matthewland,', 'CO', '33943', 'Present', 'Address', 'USNV', 'Anderson', 'FPO', 'AP', '53879']","[1, 1, 1, 1, 1, 1, 1, 1, 2, 2, 2, 2, 2, 2, 2]"
"['Permanent', 'Address', 'USS', 'Gallegos', 'FPO', 'AP', '03286', 'Present', 'Address', '76660', 'Darren', 'Crossroad', 'Suite', '003', 'New', 'Nicolestad,', 'MS', '52645']","[1, 1, 1, 1, 1, 1, 1, 2, 2, 2, 2, 2, 2, 2, 2, 2, 2, 2]"
"['Blood', 'Group', 'AB+', 'Organ', 'Donor', 'NO']","[13, 13, 13, 14, 14, 14]"
"['KL75', '8458323087', 'Issued', 'on', '12-11-2025', 'Expires', 'on', '16-03-2008']","[5, 5, 18, 6, 6, 18, 7, 7]"
"['Emergency', 'Contact', '001-206-827-1531x23455']","[17, 17, 17]"
"['Blood', 'Group', 'AB+', 'Organ', 'Donor', 'NO']","[13, 13, 13, 14, 14, 14]"
"['Permanent', 'Address', '9177', 'Hines', 'Row', 'New', 'Jason,', 'NC', '35075', 'Present', 'Address', '34808', 'Deleon', 'Junctions', 'Johnside,', 'WA', '69786']","[1, 1, 1, 1, 1, 1, 1, 1, 1, 2, 2, 2, 2, 2, 2, 2, 2]"
"['KL31', '9283130753', 'Issued', 'on', '04-11-2009', 'Expires', 'on', '23-01-2019']","[5, 5, 18, 6, 6, 18, 7, 7]"
"['Blood', 'Group', 'O-', 'Organ', 'Donor', 'YES']","[13, 13, 13, 14, 14, 14]"
"['KL53', '6275155878', 'Issued', 'on', '08-10-2006', 'Expires', 'on', '30-05-2012']","[5, 5, 18, 6, 6, 18, 7, 7]"
"['KL47', '8346255879', 'Issued', 'on', '24-02-2013', 'Expires', 'on', '24-02-2027']","[5, 5, 18, 6, 6, 18, 7, 7]"
"['Permanent', 'Address', '15709', 'William', 'Port', 'Port', 'Keithshire,', 'HI', '02568', 'Present', 'Address', '9269', 'Wang', 'Ports', 'Suite', '489', 'Davishaven,', 'LA', '19530']","[1, 1, 1, 1, 1, 1, 1, 1, 1, 2, 2, 2, 2, 2, 2, 2, 2, 2, 2]"
"['Blood', 'Group', 'O-', 'Organ', 'Donor', 'NO']","[13, 13, 13, 14, 14, 14]"
"['Permanent', 'Address', '693', 'Mark', 'Cove', 'Suite', '084', 'East', 'Pamela,', 'CT', '24743', 'Present', 'Address', '2669', 'Ricky', 'Squares', 'New', 'Thomasfurt,', 'SC', '15930']","[1, 1, 1, 1, 1, 1, 1, 1, 1, 1, 1, 2, 2, 2, 2, 2, 2, 2, 2, 2]"
"['Blood', 'Group', 'O-', 'Organ', 'Donor', 'NO']","[13, 13, 13, 14, 14, 14]"
"['KL12', '4220107677', 'Issued', 'on', '02-10-2020', 'Expires', 'on', '31-05-2019']","[5, 5, 18, 6, 6, 18, 7, 7]"
"['KL60', '1442421654', 'Issued', 'on', '28-03-2006', 'Expires', 'on', '15-01-2027']","[5, 5, 18, 6, 6, 18, 7, 7]"
"['KL70', '3355504998', 'Issued', 'on', '27-03-2020', 'Expires', 'on', '12-02-2011']","[5, 5, 18, 6, 6, 18, 7, 7]"
"['KL60', '5277846424', 'Issued', 'on', '18-07-2012', 'Expires', 'on', '24-09-2015']","[5, 5, 18, 6, 6, 18, 7, 7]"
"['KL89', '1666898313', 'Issued', 'on', '23-04-2024', 'Expires', 'on', '05-11-2029']","[5, 5, 18, 6, 6, 18, 7, 7]"
"['Permanent', 'Address', '9538', 'Diane', 'Points', 'Port', 'Loriport,', 'GU', '00903', 'Present', 'Address', 'PSC', '6129,', 'Box', '9650', 'APO', 'AP', '19800']","[1, 1, 1, 1, 1, 1, 1, 1, 1, 2, 2, 2, 2, 2, 2, 2, 2, 2]"
"['Emergency', 'Contact', '(895)382-6418x6965']","[17, 17, 17]"
"['KL41', '8462906091', 'Issued', 'on', '27-07-2012', 'Expires', 'on', '15-09-2005']","[5, 5, 18, 6, 6, 18, 7, 7]"
"['Blood', 'Group', 'B-', 'Organ', 'Donor', 'YES']","[13, 13, 13, 14, 14, 14]"
"['Blood', 'Group', 'B-', 'Organ', 'Donor', 'YES']","[13, 13, 13, 14, 14, 14]"
"['KL55', '7340036327', 'Issued', 'on', '24-04-2024', 'Expires', 'on', '06-08-2021']","[5, 5, 18, 6, 6, 18, 7, 7]"
"['Annette', 'Rivas', 'DOB', '26-02-2010']","[0, 0, 3, 3]"
"['Blood', 'Group', 'AB+', 'Organ', 'Donor', 'NO']","[13, 13, 13, 14, 14, 14]"
"['KL99', '3316222488', 'Issued', 'on', '03-09-2011', 'Expires', 'on', '08-03-2023']","[5, 5, 18, 6, 6, 18, 7, 7]"
"['Permanent', 'Address', '43468', 'John', 'Underpass', 'Suite', '840', 'Port', 'Susanfort,', 'WV', '29826', 'Present', 'Address', '661', 'Darryl', 'Track', 'Suite', '831', 'Lake', 'Jamesmouth,', 'GU', '03841']","[1, 1, 1, 1, 1, 1, 1, 1, 1, 1, 1, 2, 2, 2, 2, 2, 2, 2, 2, 2, 2, 2]"
"['Blood', 'Group', 'O-', 'Organ', 'Donor', 'NO']","[13, 13, 13, 14, 14, 14]"
"['Austin', 'Rose', 'DOB', '09-01-2026']","[0, 0, 3, 3]"
"['Blood', 'Group', 'B-', 'Organ', 'Donor', 'YES']","[13, 13, 13, 14, 14, 14]"
"['Blood', 'Group', 'AB+', 'Organ', 'Donor', 'NO']","[13, 13, 13, 14, 14, 14]"
"['KL48', '1045336904', 'Issued', 'on', '04-04-2027', 'Expires', 'on', '13-09-2014']","[5, 5, 18, 6, 6, 18, 7, 7]"
"['Blood', 'Group', 'B-', 'Organ', 'Donor', 'NO']","[13, 13, 13, 14, 14, 14]"
"['KL78', '9625656293', 'Issued', 'on', '04-12-2007', 'Expires', 'on', '03-03-2015']","[5, 5, 18, 6, 6, 18, 7, 7]"
"['Angel', 'Rojas', 'DOB', '18-01-2007']","[0, 0, 3, 3]"
"['Raymond', 'Roy', 'DOB', '14-12-2022']","[0, 0, 3, 3]"
"['Blood', 'Group', 'A+', 'Organ', 'Donor', 'NO']","[13, 13, 13, 14, 14, 14]"
"['Emergency', 'Contact', '697.262.0534']","[17, 17, 17]"
"['Permanent', 'Address', 'PSC', '7794,', 'Box', '6207', 'APO', 'AE', '95662', 'Present', 'Address', '292', 'Smith', 'Union', 'Apt.', '776', 'East', 'Arianaland,', 'WI', '35044']","[1, 1, 1, 1, 1, 1, 1, 1, 1, 2, 2, 2, 2, 2, 2, 2, 2, 2, 2, 2]"
"['Emergency', 'Contact', '9685841333']","[17, 17, 17]"
"['Blood', 'Group', 'B-', 'Organ', 'Donor', 'NO']","[13, 13, 13, 14, 14, 14]"
"['Emergency', 'Contact', '925-352-3561']","[17, 17, 17]"
"['Blood', 'Group', 'B-', 'Organ', 'Donor', 'YES']","[13, 13, 13, 14, 14, 14]"
"['Permanent', 'Address', '11920', 'Rodriguez', 'Terrace', 'Younghaven,', 'TN', '42149', 'Present', 'Address', '956', 'James', 'Mission', 'Apt.', '844', 'Brittanyburgh,', 'VI', '76366']","[1, 1, 1, 1, 1, 1, 1, 1, 2, 2, 2, 2, 2, 2, 2, 2, 2, 2]"
"['Permanent', 'Address', '4801', 'Hill', 'Center', 'South', 'Jamie,', 'KS', '13819', 'Present', 'Address', '77822', 'Alexis', 'Estates', 'South', 'Patriciashire,', 'ND', '24407']","[1, 1, 1, 1, 1, 1, 1, 1, 1, 2, 2, 2, 2, 2, 2, 2, 2, 2]"
"['Emergency', 'Contact', '934-986-2985']","[17, 17, 17]"
"['KL20', '8235474949', 'Issued', 'on', '26-02-2013', 'Expires', 'on', '11-09-2019']","[5, 5, 18, 6, 6, 18, 7, 7]"
"['KL78', '8768773991', 'Issued', 'on', '29-01-2013', 'Expires', 'on', '20-07-2023']","[5, 5, 18, 6, 6, 18, 7, 7]"
"['Blood', 'Group', 'A+', 'Organ', 'Donor', 'YES']","[13, 13, 13, 14, 14, 14]"
"['KL24', '8030400668', 'Issued', 'on', '20-06-2013', 'Expires', 'on', '09-02-2009']","[5, 5, 18, 6, 6, 18, 7, 7]"
"['Permanent', 'Address', '560', 'Perez', 'Terrace', 'Moyertown,', 'NM', '92620', 'Present', 'Address', '1770', 'Valencia', 'Parks', 'Apt.', '682', 'West', 'Kathyfurt,', 'ND', '19326']","[1, 1, 1, 1, 1, 1, 1, 1, 2, 2, 2, 2, 2, 2, 2, 2, 2, 2, 2]"
"['KL89', '3113106808', 'Issued', 'on', '26-01-2008', 'Expires', 'on', '14-08-2027']","[5, 5, 18, 6, 6, 18, 7, 7]"
"['KL29', '3297681898', 'Issued', 'on', '06-01-2011', 'Expires', 'on', '04-05-2011']","[5, 5, 18, 6, 6, 18, 7, 7]"
"['KL23', '6506640008', 'Issued', 'on', '25-10-2012', 'Expires', 'on', '10-08-2026']","[5, 5, 18, 6, 6, 18, 7, 7]"
"['KL66', '4122901114', 'Issued', 'on', '30-01-2017', 'Expires', 'on', '09-05-2016']","[5, 5, 18, 6, 6, 18, 7, 7]"
"['KL29', '5358210046', 'Issued', 'on', '16-02-2028', 'Expires', 'on', '13-08-2010']","[5, 5, 18, 6, 6, 18, 7, 7]"
"['KL63', '8728631945', 'Issued', 'on', '18-02-2008', 'Expires', 'on', '01-08-2018']","[5, 5, 18, 6, 6, 18, 7, 7]"
"['Mary', 'Smith', 'DOB', '06-08-2016']","[0, 0, 3, 3]"
"['Blood', 'Group', 'A+', 'Organ', 'Donor', 'NO']","[13, 13, 13, 14, 14, 14]"
"['KL28', '5535650160', 'Issued', 'on', '17-07-2023', 'Expires', 'on', '01-06-2020']","[5, 5, 18, 6, 6, 18, 7, 7]"
"['Emergency', 'Contact', '446-792-1821']","[17, 17, 17]"
"['KL70', '1779982123', 'Issued', 'on', '09-07-2024', 'Expires', 'on', '27-09-2018']","[5, 5, 18, 6, 6, 18, 7, 7]"
"['Emergency', 'Contact', '690.289.8436x998']","[17, 17, 17]"
"['KL58', '4557315473', 'Issued', 'on', '02-08-2010', 'Expires', 'on', '07-07-2009']","[5, 5, 18, 6, 6, 18, 7, 7]"
"['KL41', '9482441081', 'Issued', 'on', '26-06-2006', 'Expires', 'on', '16-06-2016']","[5, 5, 18, 6, 6, 18, 7, 7]"
"['KL14', '6150438341', 'Issued', 'on', '09-05-2006', 'Expires', 'on', '15-10-2025']","[5, 5, 18, 6, 6, 18, 7, 7]"
"['Permanent', 'Address', '869', 'Romero', 'Highway', 'West', 'Nicole,', 'MA', '96894', 'Present', 'Address', '145', 'Garrett', 'Parkways', 'Riverston,', 'UT', '86331']","[1, 1, 1, 1, 1, 1, 1, 1, 1, 2, 2, 2, 2, 2, 2, 2, 2]"
"['KL95', '5218155484', 'Issued', 'on', '20-03-2020', 'Expires', 'on', '26-04-2008']","[5, 5, 18, 6, 6, 18, 7, 7]"
"['Blood', 'Group', 'AB+', 'Organ', 'Donor', 'NO']","[13, 13, 13, 14, 14, 14]"
"['KL15', '5819561096', 'Issued', 'on', '05-05-2017', 'Expires', 'on', '17-04-2011']","[5, 5, 18, 6, 6, 18, 7, 7]"
"['Blood', 'Group', 'AB+', 'Organ', 'Donor', 'YES']","[13, 13, 13, 14, 14, 14]"
"['Blood', 'Group', 'A+', 'Organ', 'Donor', 'YES']","[13, 13, 13, 14, 14, 14]"
"['Joshua', 'West', 'DOB', '13-06-2021']","[0, 0, 3, 3]"
"['KL65', '2393774816', 'Issued', 'on', '13-11-2011', 'Expires', 'on', '19-07-2023']","[5, 5, 18, 6, 6, 18, 7, 7]"
"['KL45', '3511253899', 'Issued', 'on', '18-07-2027', 'Expires', 'on', '21-07-2011']","[5, 5, 18, 6, 6, 18, 7, 7]"
"['Blood', 'Group', 'B-', 'Organ', 'Donor', 'YES']","[13, 13, 13, 14, 14, 14]"
"['Luis', 'Hill', 'DOB', '08-11-2007']","[0, 0, 3, 3]"
"['Permanent', 'Address', 'USS', 'Ball', 'FPO', 'AP', '60978', 'Present', 'Address', '8299', 'Wagner', 'Stravenue', 'Apt.', '258', 'South', 'Virginia,', 'AZ', '84820']","[1, 1, 1, 1, 1, 1, 1, 2, 2, 2, 2, 2, 2, 2, 2, 2, 2, 2]"
"['Permanent', 'Address', '2350', 'Ware', 'Shore', 'Karlafurt,', 'MS', '95880', 'Present', 'Address', '001', 'Joshua', 'Plains', 'Apt.', '554', 'Ianhaven,', 'MO', '60884']","[1, 1, 1, 1, 1, 1, 1, 1, 2, 2, 2, 2, 2, 2, 2, 2, 2, 2]"
"['Permanent', 'Address', '59423', 'Frances', 'Streets', 'Kristinebury,', 'VI', '26003', 'Present', 'Address', '6241', 'Lopez', 'Trace', 'Jenniferfort,', 'HI', '45504']","[1, 1, 1, 1, 1, 1, 1, 1, 2, 2, 2, 2, 2, 2, 2, 2]"
"['KL21', '2068253975', 'Issued', 'on', '09-06-2018', 'Expires', 'on', '26-11-2010']","[5, 5, 18, 6, 6, 18, 7, 7]"
"['Blood', 'Group', 'AB+', 'Organ', 'Donor', 'YES']","[13, 13, 13, 14, 14, 14]"
"['KL92', '1461243650', 'Issued', 'on', '11-10-2024', 'Expires', 'on', '17-01-2011']","[5, 5, 18, 6, 6, 18, 7, 7]"
"['Blood', 'Group', 'AB+', 'Organ', 'Donor', 'NO']","[13, 13, 13, 14, 14, 14]"
"['Emergency', 'Contact', '(893)735-8951x3818']","[17, 17, 17]"
"['Blood', 'Group', 'B-', 'Organ', 'Donor', 'YES']","[13, 13, 13, 14, 14, 14]"
"['Permanent', 'Address', '468', 'Smith', 'Islands', 'Suite', '443', 'East', 'Kristopherville,', 'FM', '89030', 'Present', 'Address', 'PSC', '9117,', 'Box', '9720', 'APO', 'AE', '68860']","[1, 1, 1, 1, 1, 1, 1, 1, 1, 1, 1, 2, 2, 2, 2, 2, 2, 2, 2, 2]"
"['Blood', 'Group', 'B-', 'Organ', 'Donor', 'NO']","[13, 13, 13, 14, 14, 14]"
"['Emergency', 'Contact', '001-759-634-0153x641']","[17, 17, 17]"
"['Blood', 'Group', 'O-', 'Organ', 'Donor', 'NO']","[13, 13, 13, 14, 14, 14]"
"['Blood', 'Group', 'O-', 'Organ', 'Donor', 'YES']","[13, 13, 13, 14, 14, 14]"
"['Permanent', 'Address', '3132', 'Harvey', 'Forest', 'Suite', '781', 'Port', 'Ronald,', 'PR', '42092', 'Present', 'Address', '14105', 'Stephen', 'Ridges', 'Apt.', '987', 'New', 'Jessicaberg,', 'WV', '63155']","[1, 1, 1, 1, 1, 1, 1, 1, 1, 1, 1, 2, 2, 2, 2, 2, 2, 2, 2, 2, 2, 2]"
"['Blood', 'Group', 'AB+', 'Organ', 'Donor', 'NO']","[13, 13, 13, 14, 14, 14]"
"['KL86', '3381646593', 'Issued', 'on', '05-06-2005', 'Expires', 'on', '11-06-2014']","[5, 5, 18, 6, 6, 18, 7, 7]"
"['KL29', '7225057758', 'Issued', 'on', '25-06-2017', 'Expires', 'on', '12-08-2009']","[5, 5, 18, 6, 6, 18, 7, 7]"
"['Emergency', 'Contact', '888.885.6225']","[17, 17, 17]"
"['Blood', 'Group', 'O-', 'Organ', 'Donor', 'YES']","[13, 13, 13, 14, 14, 14]"
"['Emergency', 'Contact', '6594867874']","[17, 17, 17]"
"['Blood', 'Group', 'B-', 'Organ', 'Donor', 'YES']","[13, 13, 13, 14, 14, 14]"
"['Permanent', 'Address', '548', 'Quinn', 'Manors', 'Suite', '594', 'New', 'David,', 'RI', '16053', 'Present', 'Address', 'Unit', '6502', 'Box', '0002', 'DPO', 'AA', '49325']","[1, 1, 1, 1, 1, 1, 1, 1, 1, 1, 1, 2, 2, 2, 2, 2, 2, 2, 2, 2]"
"['Blood', 'Group', 'B-', 'Organ', 'Donor', 'NO']","[13, 13, 13, 14, 14, 14]"
"['Permanent', 'Address', '32155', 'Jared', 'Islands', 'Timothyhaven,', 'IL', '83524', 'Present', 'Address', '144', 'Rosales', 'Pine', 'Cruzfort,', 'FL', '65982']","[1, 1, 1, 1, 1, 1, 1, 1, 2, 2, 2, 2, 2, 2, 2, 2]"
"['Permanent', 'Address', 'USNS', 'Henderson', 'FPO', 'AP', '58312', 'Present', 'Address', '620', 'Michael', 'Passage', 'Apt.', '543', 'New', 'Jefferyburgh,', 'VT', '71720']","[1, 1, 1, 1, 1, 1, 1, 2, 2, 2, 2, 2, 2, 2, 2, 2, 2, 2]"
"['Blood', 'Group', 'O-', 'Organ', 'Donor', 'YES']","[13, 13, 13, 14, 14, 14]"
"['Blood', 'Group', 'O-', 'Organ', 'Donor', 'YES']","[13, 13, 13, 14, 14, 14]"
"['Permanent', 'Address', '231', 'James', 'Divide', 'Lake', 'Kevinland,', 'AR', '49935', 'Present', 'Address', '364', 'Moore', 'Stravenue', 'Cooperside,', 'GA', '62322']","[1, 1, 1, 1, 1, 1, 1, 1, 1, 2, 2, 2, 2, 2, 2, 2, 2]"
"['KL92', '2383082793', 'Issued', 'on', '12-12-2018', 'Expires', 'on', '05-11-2022']","[5, 5, 18, 6, 6, 18, 7, 7]"
"['KL94', '1286387753', 'Issued', 'on', '23-03-2029', 'Expires', 'on', '29-02-2008']","[5, 5, 18, 6, 6, 18, 7, 7]"
"['Emergency', 'Contact', '+1-872-425-7754x58472']","[17, 17, 17]"
"['KL14', '1867922818', 'Issued', 'on', '19-08-2024', 'Expires', 'on', '24-04-2006']","[5, 5, 18, 6, 6, 18, 7, 7]"
"['Blood', 'Group', 'A+', 'Organ', 'Donor', 'YES']","[13, 13, 13, 14, 14, 14]"
"['Permanent', 'Address', '768', 'Jessica', 'Lock', 'New', 'Mistymouth,', 'DE', '85097', 'Present', 'Address', '3373', 'Sue', 'Burgs', 'Hunterberg,', 'OK', '74802']","[1, 1, 1, 1, 1, 1, 1, 1, 1, 2, 2, 2, 2, 2, 2, 2, 2]"
"['Emergency', 'Contact', '+1-436-521-6591x438']","[17, 17, 17]"
"['Permanent', 'Address', 'PSC', '5539,', 'Box', '8358', 'APO', 'AA', '35468', 'Present', 'Address', '773', 'Lindsey', 'Highway', 'Apt.', '095', 'Michelleshire,', 'AS', '65790']","[1, 1, 1, 1, 1, 1, 1, 1, 1, 2, 2, 2, 2, 2, 2, 2, 2, 2, 2]"
"['Blood', 'Group', 'AB+', 'Organ', 'Donor', 'YES']","[13, 13, 13, 14, 14, 14]"
"['Blood', 'Group', 'A+', 'Organ', 'Donor', 'YES']","[13, 13, 13, 14, 14, 14]"
"['Molly', 'White', 'DOB', '26-05-2020']","[0, 0, 3, 3]"
"['KL72', '4573746499', 'Issued', 'on', '26-09-2025', 'Expires', 'on', '04-01-2025']","[5, 5, 18, 6, 6, 18, 7, 7]"
"['Blood', 'Group', 'A+', 'Organ', 'Donor', 'NO']","[13, 13, 13, 14, 14, 14]"
"['Permanent', 'Address', '271', 'Brian', 'Gateway', 'Wolffort,', 'VA', '15248', 'Present', 'Address', '98832', 'Anthony', 'Spring', 'Apt.', '256', 'New', 'Jacobton,', 'FM', '06329']","[1, 1, 1, 1, 1, 1, 1, 1, 2, 2, 2, 2, 2, 2, 2, 2, 2, 2, 2]"
"['Julian', 'Obrien', 'DOB', '16-07-2028']","[0, 0, 3, 3]"
"['Blood', 'Group', 'AB+', 'Organ', 'Donor', 'YES']","[13, 13, 13, 14, 14, 14]"
"['Emergency', 'Contact', '588.889.7535x852']","[17, 17, 17]"
"['KL15', '4153795953', 'Issued', 'on', '09-04-2007', 'Expires', 'on', '29-07-2006']","[5, 5, 18, 6, 6, 18, 7, 7]"
"['Emergency', 'Contact', '704.343.6199']","[17, 17, 17]"
"['KL37', '1417124022', 'Issued', 'on', '09-11-2020', 'Expires', 'on', '17-06-2007']","[5, 5, 18, 6, 6, 18, 7, 7]"
"['Permanent', 'Address', '91029', 'Kimberly', 'Stream', 'Elizabethland,', 'ME', '26563', 'Present', 'Address', '93096', 'Miller', 'Spur', 'Davisville,', 'FL', '52643']","[1, 1, 1, 1, 1, 1, 1, 1, 2, 2, 2, 2, 2, 2, 2, 2]"
"['Blood', 'Group', 'B-', 'Organ', 'Donor', 'YES']","[13, 13, 13, 14, 14, 14]"
"['Blood', 'Group', 'B-', 'Organ', 'Donor', 'YES']","[13, 13, 13, 14, 14, 14]"
"['Permanent', 'Address', '213', 'David', 'Spur', 'Ortizberg,', 'AR', '15596', 'Present', 'Address', '16612', 'Bobby', 'River', 'South', 'Derekmouth,', 'TN', '97832']","[1, 1, 1, 1, 1, 1, 1, 1, 2, 2, 2, 2, 2, 2, 2, 2, 2]"
"['Permanent', 'Address', 'PSC', '7339,', 'Box', '3049', 'APO', 'AE', '57051', 'Present', 'Address', '027', 'Frank', 'Cove', 'Port', 'Kristen,', 'HI', '13668']","[1, 1, 1, 1, 1, 1, 1, 1, 1, 2, 2, 2, 2, 2, 2, 2, 2, 2]"
"['Permanent', 'Address', '682', 'Heath', 'Ports', 'Tinaberg,', 'PA', '38081', 'Present', 'Address', '355', 'Franco', 'Circles', 'Port', 'Sarahshire,', 'PA', '45752']","[1, 1, 1, 1, 1, 1, 1, 1, 2, 2, 2, 2, 2, 2, 2, 2, 2]"
"['Emergency', 'Contact', '(697)501-3712']","[17, 17, 17]"
"['Permanent', 'Address', '585', 'Parker', 'Curve', 'Apt.', '041', 'North', 'Donald,', 'NJ', '07554', 'Present', 'Address', '273', 'Ramirez', 'Expressway', 'Apt.', '716', 'Atkinstown,', 'MT', '30411']","[1, 1, 1, 1, 1, 1, 1, 1, 1, 1, 1, 2, 2, 2, 2, 2, 2, 2, 2, 2, 2]"
"['Permanent', 'Address', '155', 'Benton', 'Estate', 'Apt.', '340', 'North', 'David,', 'RI', '48104', 'Present', 'Address', 'PSC', '6797,', 'Box', '5649', 'APO', 'AE', '49114']","[1, 1, 1, 1, 1, 1, 1, 1, 1, 1, 1, 2, 2, 2, 2, 2, 2, 2, 2, 2]"
"['Permanent', 'Address', '4623', 'Mendoza', 'Coves', 'Apt.', '476', 'North', 'Bradleyton,', 'WI', '16034', 'Present', 'Address', '30683', 'Shannon', 'Harbor', 'South', 'Evanhaven,', 'AZ', '71853']","[1, 1, 1, 1, 1, 1, 1, 1, 1, 1, 1, 2, 2, 2, 2, 2, 2, 2, 2, 2]"
"['Blood', 'Group', 'A+', 'Organ', 'Donor', 'YES']","[13, 13, 13, 14, 14, 14]"
"['Emergency', 'Contact', '3817571290']","[17, 17, 17]"
"['Blood', 'Group', 'AB+', 'Organ', 'Donor', 'YES']","[13, 13, 13, 14, 14, 14]"
"['Blood', 'Group', 'O-', 'Organ', 'Donor', 'NO']","[13, 13, 13, 14, 14, 14]"
"['Julie', 'Gonzalez', 'DOB', '23-08-2006']","[0, 0, 3, 3]"
"['Permanent', 'Address', '07351', 'Lisa', 'Heights', 'Taraview,', 'NM', '39853', 'Present', 'Address', '13009', 'White', 'Place', 'Suite', '766', 'Tylerborough,', 'DE', '74066']","[1, 1, 1, 1, 1, 1, 1, 1, 2, 2, 2, 2, 2, 2, 2, 2, 2, 2]"
"['Cristian', 'Lambert', 'DOB', '07-01-2012']","[0, 0, 3, 3]"
"['Emergency', 'Contact', '+1-362-574-6662x159']","[17, 17, 17]"
"['Blood', 'Group', 'O-', 'Organ', 'Donor', 'NO']","[13, 13, 13, 14, 14, 14]"
"['Permanent', 'Address', '00466', 'Garcia', 'Isle', 'Apt.', '110', 'Chapmanmouth,', 'DE', '33572', 'Present', 'Address', '388', 'Lori', 'Port', 'Suite', '905', 'Lake', 'Whitney,', 'CA', '42007']","[1, 1, 1, 1, 1, 1, 1, 1, 1, 1, 2, 2, 2, 2, 2, 2, 2, 2, 2, 2, 2]"
"['Permanent', 'Address', '9980', 'Lucas', 'Rapid', 'Noblefurt,', 'WY', '79944', 'Present', 'Address', '313', 'Garza', 'Spur', 'Apt.', '669', 'Curtisfurt,', 'CT', '19957']","[1, 1, 1, 1, 1, 1, 1, 1, 2, 2, 2, 2, 2, 2, 2, 2, 2, 2]"
"['KL80', '6386271785', 'Issued', 'on', '22-07-2012', 'Expires', 'on', '12-09-2021']","[5, 5, 18, 6, 6, 18, 7, 7]"
"['Anthony', 'Castillo', 'DOB', '03-04-2014']","[0, 0, 3, 3]"
"['Blood', 'Group', 'O-', 'Organ', 'Donor', 'YES']","[13, 13, 13, 14, 14, 14]"
"['Permanent', 'Address', '6238', 'Aguilar', 'Crescent', 'Romanland,', 'VT', '35118', 'Present', 'Address', '203', 'Williams', 'Mount', 'Apt.', '116', 'Port', 'Erictown,', 'SC', '87066']","[1, 1, 1, 1, 1, 1, 1, 1, 2, 2, 2, 2, 2, 2, 2, 2, 2, 2, 2]"
"['Anna', 'Galvan', 'DOB', '08-10-2023']","[0, 0, 3, 3]"
"['Permanent', 'Address', 'USS', 'Young', 'FPO', 'AP', '92489', 'Present', 'Address', '11708', 'Reilly', 'Pass', 'Apt.', '186', 'Kevinberg,', 'GA', '99831']","[1, 1, 1, 1, 1, 1, 1, 2, 2, 2, 2, 2, 2, 2, 2, 2, 2]"
"['Blood', 'Group', 'AB+', 'Organ', 'Donor', 'YES']","[13, 13, 13, 14, 14, 14]"
"['KL38', '2352505293', 'Issued', 'on', '16-04-2009', 'Expires', 'on', '21-07-2020']","[5, 5, 18, 6, 6, 18, 7, 7]"
"['Emergency', 'Contact', '(288)239-7857x082']","[17, 17, 17]"
"['Anthony', 'Wells', 'DOB', '20-04-2021']","[0, 0, 3, 3]"
"['Emergency', 'Contact', '+1-912-636-9149x61128']","[17, 17, 17]"
"['Lindsay', 'Henderson', 'DOB', '16-05-2022']","[0, 0, 3, 3]"
"['Blood', 'Group', 'B-', 'Organ', 'Donor', 'YES']","[13, 13, 13, 14, 14, 14]"
"['KL55', '1670474924', 'Issued', 'on', '26-04-2010', 'Expires', 'on', '18-12-2020']","[5, 5, 18, 6, 6, 18, 7, 7]"
"['KL84', '2073127233', 'Issued', 'on', '27-11-2029', 'Expires', 'on', '16-07-2018']","[5, 5, 18, 6, 6, 18, 7, 7]"
"['KL48', '9984664080', 'Issued', 'on', '19-11-2024', 'Expires', 'on', '02-01-2028']","[5, 5, 18, 6, 6, 18, 7, 7]"
"['Blood', 'Group', 'B-', 'Organ', 'Donor', 'YES']","[13, 13, 13, 14, 14, 14]"
"['Permanent', 'Address', 'USCGC', 'Beck', 'FPO', 'AE', '35514', 'Present', 'Address', '14196', 'Michael', 'Cape', 'Suite', '832', 'Mitchellside,', 'OH', '29878']","[1, 1, 1, 1, 1, 1, 1, 2, 2, 2, 2, 2, 2, 2, 2, 2, 2]"
"['Emergency', 'Contact', '865-817-9624x09649']","[17, 17, 17]"
"['KL98', '9999520085', 'Issued', 'on', '21-10-2023', 'Expires', 'on', '29-08-2013']","[5, 5, 18, 6, 6, 18, 7, 7]"
"['Permanent', 'Address', '47842', 'Scott', 'Drives', 'Suite', '162', 'West', 'Bethany,', 'IA', '83117', 'Present', 'Address', '89348', 'Patel', 'Parkway', 'New', 'Blake,', 'NE', '18518']","[1, 1, 1, 1, 1, 1, 1, 1, 1, 1, 1, 2, 2, 2, 2, 2, 2, 2, 2, 2]"
"['KL83', '2638728074', 'Issued', 'on', '29-12-2013', 'Expires', 'on', '24-08-2018']","[5, 5, 18, 6, 6, 18, 7, 7]"
"['Emergency', 'Contact', '328.579.9160x9114']","[17, 17, 17]"
"['Mrs.', 'Stephanie', 'Gamble', 'MD', 'DOB', '11-09-2027']","[0, 0, 3, 3]"
"['KL65', '4727306207', 'Issued', 'on', '08-08-2025', 'Expires', 'on', '23-12-2026']","[5, 5, 18, 6, 6, 18, 7, 7]"
"['Emergency', 'Contact', '(736)413-3760']","[17, 17, 17]"
"['KL93', '4988535000', 'Issued', 'on', '28-08-2013', 'Expires', 'on', '09-09-2006']","[5, 5, 18, 6, 6, 18, 7, 7]"
"['Permanent', 'Address', 'PSC', '5881,', 'Box', '6502', 'APO', 'AA', '36993', 'Present', 'Address', '41916', 'Santos', 'Well', 'Apt.', '440', 'Moralesland,', 'NJ', '99539']","[1, 1, 1, 1, 1, 1, 1, 1, 1, 2, 2, 2, 2, 2, 2, 2, 2, 2, 2]"
"['Permanent', 'Address', '249', 'Amy', 'Stream', 'Port', 'Richardside,', 'FL', '13201', 'Present', 'Address', '6813', 'Dean', 'Lock', 'Suite', '486', 'Lake', 'Theresa,', 'MO', '91789']","[1, 1, 1, 1, 1, 1, 1, 1, 1, 2, 2, 2, 2, 2, 2, 2, 2, 2, 2, 2]"
"['KL77', '5471843732', 'Issued', 'on', '31-03-2026', 'Expires', 'on', '24-11-2023']","[5, 5, 18, 6, 6, 18, 7, 7]"
"['Blood', 'Group', 'B-', 'Organ', 'Donor', 'NO']","[13, 13, 13, 14, 14, 14]"
"['Blood', 'Group', 'B-', 'Organ', 'Donor', 'YES']","[13, 13, 13, 14, 14, 14]"
"['KL60', '9465553402', 'Issued', 'on', '07-03-2020', 'Expires', 'on', '20-10-2015']","[5, 5, 18, 6, 6, 18, 7, 7]"
"['Emergency', 'Contact', '469.441.5594x50119']","[17, 17, 17]"
"['Permanent', 'Address', '3605', 'Chad', 'Common', 'Suite', '039', 'Clarkmouth,', 'IA', '54344', 'Present', 'Address', 'Unit', '2189', 'Box', '4559', 'DPO', 'AE', '50175']","[1, 1, 1, 1, 1, 1, 1, 1, 1, 1, 2, 2, 2, 2, 2, 2, 2, 2, 2]"
"['KL65', '2693601838', 'Issued', 'on', '19-09-2021', 'Expires', 'on', '17-06-2005']","[5, 5, 18, 6, 6, 18, 7, 7]"
"['KL20', '4201103712', 'Issued', 'on', '14-11-2006', 'Expires', 'on', '15-01-2006']","[5, 5, 18, 6, 6, 18, 7, 7]"
"['Blood', 'Group', 'AB+', 'Organ', 'Donor', 'YES']","[13, 13, 13, 14, 14, 14]"
"['Blood', 'Group', 'O-', 'Organ', 'Donor', 'YES']","[13, 13, 13, 14, 14, 14]"
"['Emergency', 'Contact', '+1-894-624-8942x046']","[17, 17, 17]"
"['Blood', 'Group', 'B-', 'Organ', 'Donor', 'NO']","[13, 13, 13, 14, 14, 14]"
"['Blood', 'Group', 'B-', 'Organ', 'Donor', 'YES']","[13, 13, 13, 14, 14, 14]"
"['KL44', '8631177201', 'Issued', 'on', '22-02-2024', 'Expires', 'on', '25-01-2026']","[5, 5, 18, 6, 6, 18, 7, 7]"
"['KL83', '1384806111', 'Issued', 'on', '30-12-2019', 'Expires', 'on', '16-11-2019']","[5, 5, 18, 6, 6, 18, 7, 7]"
"['Permanent', 'Address', '6420', 'Edwards', 'Way', 'Tracymouth,', 'MA', '70954', 'Present', 'Address', '5338', 'Ronald', 'Gardens', 'Suite', '466', 'Port', 'Cynthia,', 'WI', '55385']","[1, 1, 1, 1, 1, 1, 1, 1, 2, 2, 2, 2, 2, 2, 2, 2, 2, 2, 2]"
"['Blood', 'Group', 'AB+', 'Organ', 'Donor', 'YES']","[13, 13, 13, 14, 14, 14]"
"['KL86', '3814963909', 'Issued', 'on', '24-08-2016', 'Expires', 'on', '13-01-2029']","[5, 5, 18, 6, 6, 18, 7, 7]"
"['Emergency', 'Contact', '401-365-9953x0062']","[17, 17, 17]"
"['KL54', '5921252890', 'Issued', 'on', '24-02-2011', 'Expires', 'on', '17-05-2010']","[5, 5, 18, 6, 6, 18, 7, 7]"
"['KL39', '2605548088', 'Issued', 'on', '17-03-2015', 'Expires', 'on', '11-05-2011']","[5, 5, 18, 6, 6, 18, 7, 7]"
"['Emergency', 'Contact', '001-376-477-4625x91601']","[17, 17, 17]"
"['Emergency', 'Contact', '211-358-4886x008']","[17, 17, 17]"
"['KL16', '2235598059', 'Issued', 'on', '06-05-2021', 'Expires', 'on', '26-03-2025']","[5, 5, 18, 6, 6, 18, 7, 7]"
"['KL24', '6605439330', 'Issued', 'on', '06-10-2022', 'Expires', 'on', '04-09-2018']","[5, 5, 18, 6, 6, 18, 7, 7]"
"['Blood', 'Group', 'AB+', 'Organ', 'Donor', 'YES']","[13, 13, 13, 14, 14, 14]"
"['Permanent', 'Address', '231', 'Becky', 'Knolls', 'Suite', '047', 'Lake', 'Ricky,', 'KS', '22011', 'Present', 'Address', '21203', 'Perez', 'Trace', 'Suite', '536', 'Heatherfurt,', 'VI', '99140']","[1, 1, 1, 1, 1, 1, 1, 1, 1, 1, 1, 2, 2, 2, 2, 2, 2, 2, 2, 2, 2]"
"['KL79', '5373945362', 'Issued', 'on', '24-04-2023', 'Expires', 'on', '01-11-2006']","[5, 5, 18, 6, 6, 18, 7, 7]"
"['Permanent', 'Address', '254', 'Kyle', 'Crossing', 'Apt.', '854', 'Lauraview,', 'AR', '04621', 'Present', 'Address', '4547', 'Singh', 'Ways', 'Apt.', '112', 'East', 'Sarah,', 'NV', '37917']","[1, 1, 1, 1, 1, 1, 1, 1, 1, 1, 2, 2, 2, 2, 2, 2, 2, 2, 2, 2, 2]"
"['Permanent', 'Address', '917', 'Santana', 'Locks', 'Apt.', '342', 'Jacksonborough,', 'VI', '73257', 'Present', 'Address', '75080', 'Catherine', 'Loaf', 'Port', 'Bobby,', 'MA', '94185']","[1, 1, 1, 1, 1, 1, 1, 1, 1, 1, 2, 2, 2, 2, 2, 2, 2, 2, 2]"
"['KL31', '5553137994', 'Issued', 'on', '25-10-2026', 'Expires', 'on', '24-10-2011']","[5, 5, 18, 6, 6, 18, 7, 7]"
"['KL99', '7949105797', 'Issued', 'on', '30-04-2006', 'Expires', 'on', '09-05-2018']","[5, 5, 18, 6, 6, 18, 7, 7]"
"['KL93', '5059502085', 'Issued', 'on', '30-11-2025', 'Expires', 'on', '03-01-2013']","[5, 5, 18, 6, 6, 18, 7, 7]"
"['KL94', '8130076816', 'Issued', 'on', '03-04-2016', 'Expires', 'on', '01-09-2029']","[5, 5, 18, 6, 6, 18, 7, 7]"
"['Emergency', 'Contact', '+1-282-249-3534']","[17, 17, 17]"
"['KL93', '2660104622', 'Issued', 'on', '06-01-2029', 'Expires', 'on', '13-10-2026']","[5, 5, 18, 6, 6, 18, 7, 7]"
"['Kayla', 'Espinoza', 'DOB', '07-09-2018']","[0, 0, 3, 3]"
"['Blood', 'Group', 'A+', 'Organ', 'Donor', 'NO']","[13, 13, 13, 14, 14, 14]"
"['Blood', 'Group', 'A+', 'Organ', 'Donor', 'YES']","[13, 13, 13, 14, 14, 14]"
"['KL68', '4060031897', 'Issued', 'on', '09-03-2020', 'Expires', 'on', '01-05-2021']","[5, 5, 18, 6, 6, 18, 7, 7]"
"['KL77', '6604621025', 'Issued', 'on', '21-05-2022', 'Expires', 'on', '13-12-2014']","[5, 5, 18, 6, 6, 18, 7, 7]"
"['Blood', 'Group', 'B-', 'Organ', 'Donor', 'YES']","[13, 13, 13, 14, 14, 14]"
"['KL55', '2298481206', 'Issued', 'on', '11-09-2022', 'Expires', 'on', '24-06-2007']","[5, 5, 18, 6, 6, 18, 7, 7]"
"['Haley', 'Jackson', 'DOB', '04-11-2013']","[0, 0, 3, 3]"
"['Michael', 'Ward', 'DOB', '09-02-2014']","[0, 0, 3, 3]"
"['KL17', '7982725037', 'Issued', 'on', '29-09-2019', 'Expires', 'on', '07-01-2007']","[5, 5, 18, 6, 6, 18, 7, 7]"
"['Emergency', 'Contact', '+1-938-351-7993']","[17, 17, 17]"
"['Emergency', 'Contact', '6538912878']","[17, 17, 17]"
"['Emergency', 'Contact', '+1-999-469-8829x045']","[17, 17, 17]"
"['KL81', '9371391276', 'Issued', 'on', '05-07-2021', 'Expires', 'on', '04-10-2008']","[5, 5, 18, 6, 6, 18, 7, 7]"
"['KL53', '9148305949', 'Issued', 'on', '13-07-2014', 'Expires', 'on', '28-06-2020']","[5, 5, 18, 6, 6, 18, 7, 7]"
"['Permanent', 'Address', '3019', 'Page', 'Extensions', 'Suite', '238', 'New', 'Shannon,', 'NC', '31363', 'Present', 'Address', '18706', 'Sherry', 'Port', 'East', 'Zachary,', 'NY', '06972']","[1, 1, 1, 1, 1, 1, 1, 1, 1, 1, 1, 2, 2, 2, 2, 2, 2, 2, 2, 2]"
"['KL58', '3948595172', 'Issued', 'on', '31-05-2029', 'Expires', 'on', '13-11-2024']","[5, 5, 18, 6, 6, 18, 7, 7]"
"['Blood', 'Group', 'B-', 'Organ', 'Donor', 'NO']","[13, 13, 13, 14, 14, 14]"
"['Christy', 'Thomas', 'DOB', '21-09-2006']","[0, 0, 3, 3]"
"['Alexis', 'Hall', 'DOB', '09-04-2005']","[0, 0, 3, 3]"
"['KL79', '1565956995', 'Issued', 'on', '02-10-2005', 'Expires', 'on', '06-05-2007']","[5, 5, 18, 6, 6, 18, 7, 7]"
"['Permanent', 'Address', '6610', 'William', 'Roads', 'Suite', '610', 'Port', 'Kennethstad,', 'MS', '12682', 'Present', 'Address', '453', 'Brittany', 'Throughway', 'Port', 'Timothychester,', 'WY', '98945']","[1, 1, 1, 1, 1, 1, 1, 1, 1, 1, 1, 2, 2, 2, 2, 2, 2, 2, 2, 2]"
"['Permanent', 'Address', '54695', 'Austin', 'Flat', 'South', 'Maryfurt,', 'PW', '24405', 'Present', 'Address', '9671', 'Smith', 'Spurs', 'Apt.', '666', 'Adamsland,', 'AL', '85344']","[1, 1, 1, 1, 1, 1, 1, 1, 1, 2, 2, 2, 2, 2, 2, 2, 2, 2, 2]"
"['Permanent', 'Address', '1134', 'Lindsey', 'Plains', 'Suite', '169', 'Kelseyfort,', 'AZ', '69024', 'Present', 'Address', '366', 'Kelly', 'Divide', 'Suite', '899', 'Mooremouth,', 'WY', '02522']","[1, 1, 1, 1, 1, 1, 1, 1, 1, 1, 2, 2, 2, 2, 2, 2, 2, 2, 2, 2]"
"['KL27', '5875872347', 'Issued', 'on', '01-03-2023', 'Expires', 'on', '01-03-2013']","[5, 5, 18, 6, 6, 18, 7, 7]"
"['Kristin', 'Meyer', 'DOB', '24-10-2026']","[0, 0, 3, 3]"
"['Kaitlyn', 'Cooley', 'DOB', '02-09-2027']","[0, 0, 3, 3]"
"['KL82', '4938966574', 'Issued', 'on', '02-01-2027', 'Expires', 'on', '17-09-2021']","[5, 5, 18, 6, 6, 18, 7, 7]"
"['KL81', '4089973470', 'Issued', 'on', '07-02-2026', 'Expires', 'on', '02-09-2007']","[5, 5, 18, 6, 6, 18, 7, 7]"
"['KL28', '4122782825', 'Issued', 'on', '02-08-2017', 'Expires', 'on', '29-03-2006']","[5, 5, 18, 6, 6, 18, 7, 7]"
"['Emergency', 'Contact', '(596)425-7197x609']","[17, 17, 17]"
"['Emergency', 'Contact', '4128657898']","[17, 17, 17]"
"['Blood', 'Group', 'O-', 'Organ', 'Donor', 'NO']","[13, 13, 13, 14, 14, 14]"
"['Blood', 'Group', 'AB+', 'Organ', 'Donor', 'YES']","[13, 13, 13, 14, 14, 14]"
"['Emergency', 'Contact', '9417809521']","[17, 17, 17]"
"['KL33', '7944732371', 'Issued', 'on', '13-08-2016', 'Expires', 'on', '27-07-2022']","[5, 5, 18, 6, 6, 18, 7, 7]"
"['Permanent', 'Address', '7741', 'Tracy', 'Lights', 'Port', 'Charles,', 'ND', '88709', 'Present', 'Address', '1996', 'Ryan', 'Fall', 'East', 'Carrie,', 'NJ', '44314']","[1, 1, 1, 1, 1, 1, 1, 1, 1, 2, 2, 2, 2, 2, 2, 2, 2, 2]"
"['Permanent', 'Address', '0454', 'Daniel', 'Plaza', 'Erinstad,', 'NM', '06447', 'Present', 'Address', '92257', 'Jennifer', 'Brook', 'North', 'Crystalbury,', 'VT', '45350']","[1, 1, 1, 1, 1, 1, 1, 1, 2, 2, 2, 2, 2, 2, 2, 2, 2]"
"['Permanent', 'Address', '2324', 'Braun', 'Parkway', 'New', 'Cheryl,', 'FM', '95019', 'Present', 'Address', '01788', 'Eugene', 'Greens', 'Suite', '312', 'Jonesside,', 'WY', '49409']","[1, 1, 1, 1, 1, 1, 1, 1, 1, 2, 2, 2, 2, 2, 2, 2, 2, 2, 2]"
"['KL13', '2543015709', 'Issued', 'on', '30-05-2005', 'Expires', 'on', '31-07-2021']","[5, 5, 18, 6, 6, 18, 7, 7]"
"['Permanent', 'Address', '011', 'Villegas', 'Ridge', 'Apt.', '711', 'Jacobland,', 'WA', '06218', 'Present', 'Address', '0923', 'Antonio', 'Cliffs', 'Wheelertown,', 'AL', '63922']","[1, 1, 1, 1, 1, 1, 1, 1, 1, 1, 2, 2, 2, 2, 2, 2, 2, 2]"
"['Blood', 'Group', 'O-', 'Organ', 'Donor', 'NO']","[13, 13, 13, 14, 14, 14]"
"['KL59', '7405710077', 'Issued', 'on', '03-12-2013', 'Expires', 'on', '14-01-2029']","[5, 5, 18, 6, 6, 18, 7, 7]"
"['KL34', '1971835392', 'Issued', 'on', '10-06-2027', 'Expires', 'on', '23-02-2008']","[5, 5, 18, 6, 6, 18, 7, 7]"
"['Blood', 'Group', 'A+', 'Organ', 'Donor', 'NO']","[13, 13, 13, 14, 14, 14]"
"['Laura', 'Collins', 'DOB', '27-05-2029']","[0, 0, 3, 3]"
"['KL95', '5244473159', 'Issued', 'on', '01-05-2016', 'Expires', 'on', '26-12-2028']","[5, 5, 18, 6, 6, 18, 7, 7]"
"['Emergency', 'Contact', '432-698-7698x9365']","[17, 17, 17]"
"['KL66', '6354895816', 'Issued', 'on', '10-09-2014', 'Expires', 'on', '07-04-2021']","[5, 5, 18, 6, 6, 18, 7, 7]"
"['Blood', 'Group', 'A+', 'Organ', 'Donor', 'NO']","[13, 13, 13, 14, 14, 14]"
"['Permanent', 'Address', '198', 'Tiffany', 'Flats', 'Suite', '813', 'North', 'Jonathanton,', 'FL', '46611', 'Present', 'Address', '21743', 'Kim', 'Pine', 'Apt.', '526', 'South', 'Michelleside,', 'NE', '05602']","[1, 1, 1, 1, 1, 1, 1, 1, 1, 1, 1, 2, 2, 2, 2, 2, 2, 2, 2, 2, 2, 2]"
"['Blood', 'Group', 'A+', 'Organ', 'Donor', 'YES']","[13, 13, 13, 14, 14, 14]"
"['Blood', 'Group', 'A+', 'Organ', 'Donor', 'YES']","[13, 13, 13, 14, 14, 14]"
"['Blood', 'Group', 'O-', 'Organ', 'Donor', 'YES']","[13, 13, 13, 14, 14, 14]"
"['Permanent', 'Address', '98344', 'Amy', 'Fall', 'Suite', '364', 'Hermanside,', 'AR', '43865', 'Present', 'Address', '4065', 'Harvey', 'Knoll', 'Apt.', '562', 'New', 'Ian,', 'GU', '01776']","[1, 1, 1, 1, 1, 1, 1, 1, 1, 1, 2, 2, 2, 2, 2, 2, 2, 2, 2, 2, 2]"
"['Blood', 'Group', 'A+', 'Organ', 'Donor', 'YES']","[13, 13, 13, 14, 14, 14]"
"['KL60', '9093425963', 'Issued', 'on', '30-05-2025', 'Expires', 'on', '10-05-2006']","[5, 5, 18, 6, 6, 18, 7, 7]"
"['Emergency', 'Contact', '+1-355-510-7409']","[17, 17, 17]"
"['KL31', '7109428566', 'Issued', 'on', '04-08-2008', 'Expires', 'on', '13-01-2008']","[5, 5, 18, 6, 6, 18, 7, 7]"
"['Permanent', 'Address', 'Unit', '7861', 'Box', '9025', 'DPO', 'AA', '92796', 'Present', 'Address', 'USCGC', 'Brown', 'FPO', 'AP', '23720']","[1, 1, 1, 1, 1, 1, 1, 1, 1, 2, 2, 2, 2, 2, 2, 2]"
"['KL76', '4881257367', 'Issued', 'on', '03-12-2010', 'Expires', 'on', '07-10-2026']","[5, 5, 18, 6, 6, 18, 7, 7]"
"['Blood', 'Group', 'O-', 'Organ', 'Donor', 'YES']","[13, 13, 13, 14, 14, 14]"
"['Permanent', 'Address', '54120', 'Elizabeth', 'Falls', 'Suite', '595', 'North', 'Ericchester,', 'WV', '92203', 'Present', 'Address', 'PSC', '1515,', 'Box', '3259', 'APO', 'AA', '58192']","[1, 1, 1, 1, 1, 1, 1, 1, 1, 1, 1, 2, 2, 2, 2, 2, 2, 2, 2, 2]"
"['KL84', '5876105046', 'Issued', 'on', '05-10-2026', 'Expires', 'on', '19-03-2026']","[5, 5, 18, 6, 6, 18, 7, 7]"
"['Blood', 'Group', 'O-', 'Organ', 'Donor', 'YES']","[13, 13, 13, 14, 14, 14]"
"['KL85', '4847409832', 'Issued', 'on', '04-10-2016', 'Expires', 'on', '15-04-2006']","[5, 5, 18, 6, 6, 18, 7, 7]"
"['Emergency', 'Contact', '740.771.7327x980']","[17, 17, 17]"
"['KL51', '4420882289', 'Issued', 'on', '09-02-2027', 'Expires', 'on', '25-02-2006']","[5, 5, 18, 6, 6, 18, 7, 7]"
"['Permanent', 'Address', 'PSC', '1006,', 'Box', '4934', 'APO', 'AP', '02100', 'Present', 'Address', '45203', 'Williams', 'Ridge', 'Calebside,', 'ME', '82664']","[1, 1, 1, 1, 1, 1, 1, 1, 1, 2, 2, 2, 2, 2, 2, 2, 2]"
"['KL24', '8328187923', 'Issued', 'on', '26-01-2026', 'Expires', 'on', '22-05-2008']","[5, 5, 18, 6, 6, 18, 7, 7]"
"['Permanent', 'Address', 'USNV', 'Gilmore', 'FPO', 'AP', '23341', 'Present', 'Address', 'USNV', 'Reed', 'FPO', 'AE', '49495']","[1, 1, 1, 1, 1, 1, 1, 2, 2, 2, 2, 2, 2, 2]"
"['KL59', '5981731142', 'Issued', 'on', '16-07-2028', 'Expires', 'on', '29-06-2024']","[5, 5, 18, 6, 6, 18, 7, 7]"
"['Permanent', 'Address', '6100', 'Stuart', 'Port', 'Lake', 'Andrewshire,', 'NE', '72262', 'Present', 'Address', '774', 'Kimberly', 'Garden', 'Suite', '842', 'Lake', 'James,', 'PR', '38377']","[1, 1, 1, 1, 1, 1, 1, 1, 1, 2, 2, 2, 2, 2, 2, 2, 2, 2, 2, 2]"
"['KL31', '9213063154', 'Issued', 'on', '21-08-2015', 'Expires', 'on', '20-12-2024']","[5, 5, 18, 6, 6, 18, 7, 7]"
"['Permanent', 'Address', '00677', 'Blake', 'Vista', 'Apt.', '550', 'East', 'Cynthia,', 'MP', '01949', 'Present', 'Address', '5426', 'Justin', 'Mount', 'Isaiahton,', 'SC', '24981']","[1, 1, 1, 1, 1, 1, 1, 1, 1, 1, 1, 2, 2, 2, 2, 2, 2, 2, 2]"
"['Permanent', 'Address', '34511', 'Jo', 'Bypass', 'Lake', 'Pattychester,', 'MP', '89206', 'Present', 'Address', '88684', 'Alexis', 'Crescent', 'South', 'Philipbury,', 'WY', '18337']","[1, 1, 1, 1, 1, 1, 1, 1, 1, 2, 2, 2, 2, 2, 2, 2, 2, 2]"
"['KL28', '4058220682', 'Issued', 'on', '02-03-2026', 'Expires', 'on', '02-06-2005']","[5, 5, 18, 6, 6, 18, 7, 7]"
"['Blood', 'Group', 'AB+', 'Organ', 'Donor', 'NO']","[13, 13, 13, 14, 14, 14]"
"['KL33', '1871241447', 'Issued', 'on', '12-10-2014', 'Expires', 'on', '12-04-2028']","[5, 5, 18, 6, 6, 18, 7, 7]"
"['Permanent', 'Address', '9887', 'Vincent', 'Wall', 'Apt.', '129', 'Collinsfurt,', 'AZ', '30771', 'Present', 'Address', 'USNS', 'Barnes', 'FPO', 'AE', '01611']","[1, 1, 1, 1, 1, 1, 1, 1, 1, 1, 2, 2, 2, 2, 2, 2, 2]"
"['KL68', '4467990956', 'Issued', 'on', '26-10-2028', 'Expires', 'on', '05-01-2010']","[5, 5, 18, 6, 6, 18, 7, 7]"
"['Permanent', 'Address', '214', 'Lucero', 'Burg', 'Apt.', '071', 'Port', 'Maxburgh,', 'IN', '94046', 'Present', 'Address', '36219', 'Carlos', 'Pine', 'New', 'Ashleyfort,', 'VA', '01061']","[1, 1, 1, 1, 1, 1, 1, 1, 1, 1, 1, 2, 2, 2, 2, 2, 2, 2, 2, 2]"
"['Blood', 'Group', 'B-', 'Organ', 'Donor', 'NO']","[13, 13, 13, 14, 14, 14]"
"['Blood', 'Group', 'O-', 'Organ', 'Donor', 'YES']","[13, 13, 13, 14, 14, 14]"
"['Permanent', 'Address', '1186', 'Amanda', 'Isle', 'Lake', 'Briannamouth,', 'OK', '98755', 'Present', 'Address', '16880', 'Karen', 'Trail', 'Suite', '378', 'North', 'Amy,', 'MS', '80278']","[1, 1, 1, 1, 1, 1, 1, 1, 1, 2, 2, 2, 2, 2, 2, 2, 2, 2, 2, 2]"
"['KL80', '1891796718', 'Issued', 'on', '16-06-2010', 'Expires', 'on', '02-07-2022']","[5, 5, 18, 6, 6, 18, 7, 7]"
"['KL17', '8100770118', 'Issued', 'on', '30-12-2024', 'Expires', 'on', '08-07-2021']","[5, 5, 18, 6, 6, 18, 7, 7]"
"['KL14', '6576763981', 'Issued', 'on', '24-01-2011', 'Expires', 'on', '09-07-2022']","[5, 5, 18, 6, 6, 18, 7, 7]"
"['Tyrone', 'Collins', 'DOB', '06-01-2007']","[0, 0, 3, 3]"
"['KL63', '5268060108', 'Issued', 'on', '26-07-2027', 'Expires', 'on', '18-06-2008']","[5, 5, 18, 6, 6, 18, 7, 7]"
"['KL46', '7781608576', 'Issued', 'on', '07-09-2022', 'Expires', 'on', '24-11-2009']","[5, 5, 18, 6, 6, 18, 7, 7]"
"['Paul', 'Martin', 'DOB', '13-01-2007']","[0, 0, 3, 3]"
"['KL48', '6681476601', 'Issued', 'on', '30-03-2011', 'Expires', 'on', '15-12-2023']","[5, 5, 18, 6, 6, 18, 7, 7]"
"['Emergency', 'Contact', '694.382.3220']","[17, 17, 17]"
"['Emergency', 'Contact', '547-243-2811x659']","[17, 17, 17]"
"['Emergency', 'Contact', '+1-720-420-3042x32277']","[17, 17, 17]"
"['Emergency', 'Contact', '001-813-653-0281x650']","[17, 17, 17]"
"['KL70', '1577869770', 'Issued', 'on', '01-09-2018', 'Expires', 'on', '26-11-2011']","[5, 5, 18, 6, 6, 18, 7, 7]"
"['Permanent', 'Address', '9377', 'Kelly', 'Prairie', 'New', 'Amandaberg,', 'WI', '09812', 'Present', 'Address', '161', 'Evans', 'Way', 'Port', 'Shirleyshire,', 'WA', '70085']","[1, 1, 1, 1, 1, 1, 1, 1, 1, 2, 2, 2, 2, 2, 2, 2, 2, 2]"
"['KL77', '1249900899', 'Issued', 'on', '15-08-2012', 'Expires', 'on', '05-04-2009']","[5, 5, 18, 6, 6, 18, 7, 7]"
"['Permanent', 'Address', 'USS', 'Baker', 'FPO', 'AP', '71438', 'Present', 'Address', '662', 'Ashley', 'Unions', 'North', 'Robert,', 'AL', '66179']","[1, 1, 1, 1, 1, 1, 1, 2, 2, 2, 2, 2, 2, 2, 2, 2]"
"['Jared', 'Dyer', 'DOB', '30-05-2019']","[0, 0, 3, 3]"
"['Blood', 'Group', 'A+', 'Organ', 'Donor', 'NO']","[13, 13, 13, 14, 14, 14]"
"['Permanent', 'Address', '0636', 'Christopher', 'Passage', 'Suite', '550', 'Biancaview,', 'ME', '86487', 'Present', 'Address', '3493', 'Ashley', 'Key', 'Apt.', '496', 'South', 'James,', 'PR', '22644']","[1, 1, 1, 1, 1, 1, 1, 1, 1, 1, 2, 2, 2, 2, 2, 2, 2, 2, 2, 2, 2]"
"['Permanent', 'Address', '14243', 'Wade', 'Village', 'Suite', '854', 'North', 'Erin,', 'PR', '67772', 'Present', 'Address', '799', 'Jodi', 'Lodge', 'Lake', 'John,', 'ME', '93721']","[1, 1, 1, 1, 1, 1, 1, 1, 1, 1, 1, 2, 2, 2, 2, 2, 2, 2, 2, 2]"
"['Emergency', 'Contact', '599-464-3385']","[17, 17, 17]"
"['Permanent', 'Address', '2505', 'Jeffrey', 'Green', 'Apt.', '031', 'Lake', 'Maryhaven,', 'NM', '53672', 'Present', 'Address', '7694', 'Rivera', 'Motorway', 'Suite', '945', 'West', 'Tammy,', 'NE', '49091']","[1, 1, 1, 1, 1, 1, 1, 1, 1, 1, 1, 2, 2, 2, 2, 2, 2, 2, 2, 2, 2, 2]"
"['Blood', 'Group', 'AB+', 'Organ', 'Donor', 'NO']","[13, 13, 13, 14, 14, 14]"
"['Blood', 'Group', 'AB+', 'Organ', 'Donor', 'YES']","[13, 13, 13, 14, 14, 14]"
"['Permanent', 'Address', '6986', 'Ryan', 'Harbors', 'Apt.', '125', 'Mitchellside,', 'UT', '01539', 'Present', 'Address', '152', 'Carlson', 'Islands', 'Suite', '966', 'Meganburgh,', 'DE', '31896']","[1, 1, 1, 1, 1, 1, 1, 1, 1, 1, 2, 2, 2, 2, 2, 2, 2, 2, 2, 2]"
"['Blood', 'Group', 'O-', 'Organ', 'Donor', 'NO']","[13, 13, 13, 14, 14, 14]"
"['Emergency', 'Contact', '4748235914']","[17, 17, 17]"
"['Emergency', 'Contact', '840-348-9332']","[17, 17, 17]"
"['KL47', '5205879645', 'Issued', 'on', '10-06-2015', 'Expires', 'on', '23-12-2015']","[5, 5, 18, 6, 6, 18, 7, 7]"
"['KL13', '4421940259', 'Issued', 'on', '17-09-2015', 'Expires', 'on', '18-06-2012']","[5, 5, 18, 6, 6, 18, 7, 7]"
"['Permanent', 'Address', '9637', 'Damon', 'Springs', 'North', 'Amandaville,', 'NM', '70077', 'Present', 'Address', '11587', 'Sabrina', 'Point', 'Lucasborough,', 'MN', '86738']","[1, 1, 1, 1, 1, 1, 1, 1, 1, 2, 2, 2, 2, 2, 2, 2, 2]"
"['KL88', '9585583837', 'Issued', 'on', '14-09-2014', 'Expires', 'on', '12-03-2011']","[5, 5, 18, 6, 6, 18, 7, 7]"
"['Blood', 'Group', 'AB+', 'Organ', 'Donor', 'NO']","[13, 13, 13, 14, 14, 14]"
"['Permanent', 'Address', '4701', 'Lee', 'Estates', 'Apt.', '865', 'East', 'Rebecca,', 'NH', '59872', 'Present', 'Address', '5633', 'Smith', 'Harbors', 'Apt.', '052', 'Randolphland,', 'AK', '48668']","[1, 1, 1, 1, 1, 1, 1, 1, 1, 1, 1, 2, 2, 2, 2, 2, 2, 2, 2, 2, 2]"
"['Permanent', 'Address', '02722', 'Kyle', 'Island', 'Batesborough,', 'DE', '56261', 'Present', 'Address', '91368', 'Troy', 'Expressway', 'Apt.', '313', 'Deanstad,', 'VT', '20708']","[1, 1, 1, 1, 1, 1, 1, 1, 2, 2, 2, 2, 2, 2, 2, 2, 2, 2]"
"['KL35', '8258568023', 'Issued', 'on', '29-10-2022', 'Expires', 'on', '30-06-2018']","[5, 5, 18, 6, 6, 18, 7, 7]"
"['KL18', '6616840342', 'Issued', 'on', '10-03-2011', 'Expires', 'on', '22-09-2029']","[5, 5, 18, 6, 6, 18, 7, 7]"
"['Blood', 'Group', 'AB+', 'Organ', 'Donor', 'YES']","[13, 13, 13, 14, 14, 14]"
"['KL52', '6761104130', 'Issued', 'on', '09-02-2006', 'Expires', 'on', '24-08-2025']","[5, 5, 18, 6, 6, 18, 7, 7]"
"['Permanent', 'Address', '52595', 'Renee', 'Drive', 'Apt.', '273', 'New', 'Carrie,', 'HI', '00687', 'Present', 'Address', '353', 'Jeremy', 'Meadow', 'Apt.', '850', 'Sanderston,', 'OH', '60678']","[1, 1, 1, 1, 1, 1, 1, 1, 1, 1, 1, 2, 2, 2, 2, 2, 2, 2, 2, 2, 2]"
"['Permanent', 'Address', '9718', 'Maria', 'Flats', 'Johnsontown,', 'NM', '16843', 'Present', 'Address', '8388', 'Janice', 'Walks', 'Wadechester,', 'VT', '34860']","[1, 1, 1, 1, 1, 1, 1, 1, 2, 2, 2, 2, 2, 2, 2, 2]"
"['KL32', '6128257880', 'Issued', 'on', '16-05-2023', 'Expires', 'on', '26-12-2013']","[5, 5, 18, 6, 6, 18, 7, 7]"
"['Emergency', 'Contact', '001-267-335-7422x33222']","[17, 17, 17]"
"['Dorothy', 'Osborn', 'DOB', '22-12-2016']","[0, 0, 3, 3]"
"['Blood', 'Group', 'O-', 'Organ', 'Donor', 'YES']","[13, 13, 13, 14, 14, 14]"
"['Permanent', 'Address', '225', 'Brown', 'Falls', 'Jasonton,', 'MH', '51568', 'Present', 'Address', '11804', 'Sutton', 'Overpass', 'Suite', '130', 'Caldwellbury,', 'PR', '73755']","[1, 1, 1, 1, 1, 1, 1, 1, 2, 2, 2, 2, 2, 2, 2, 2, 2, 2]"
"['Blood', 'Group', 'O-', 'Organ', 'Donor', 'NO']","[13, 13, 13, 14, 14, 14]"
"['Blood', 'Group', 'O-', 'Organ', 'Donor', 'YES']","[13, 13, 13, 14, 14, 14]"
"['Emergency', 'Contact', '618-852-0136x2608']","[17, 17, 17]"
"['KL96', '3301610601', 'Issued', 'on', '30-12-2012', 'Expires', 'on', '16-08-2024']","[5, 5, 18, 6, 6, 18, 7, 7]"
"['KL97', '8712828384', 'Issued', 'on', '13-09-2029', 'Expires', 'on', '23-04-2021']","[5, 5, 18, 6, 6, 18, 7, 7]"
"['KL29', '5428855031', 'Issued', 'on', '20-07-2027', 'Expires', 'on', '18-08-2017']","[5, 5, 18, 6, 6, 18, 7, 7]"
"['Erik', 'Hill', 'DOB', '26-05-2021']","[0, 0, 3, 3]"
"['Permanent', 'Address', '9121', 'Miller', 'Stravenue', 'Suite', '119', 'Markview,', 'AK', '75156', 'Present', 'Address', 'USS', 'Johnston', 'FPO', 'AA', '78151']","[1, 1, 1, 1, 1, 1, 1, 1, 1, 1, 2, 2, 2, 2, 2, 2, 2]"
"['Emergency', 'Contact', '995.278.7520']","[17, 17, 17]"
"['Permanent', 'Address', '2620', 'Cindy', 'Run', 'Davisland,', 'FL', '40803', 'Present', 'Address', '369', 'Ford', 'Port', 'Sullivanshire,', 'NC', '62703']","[1, 1, 1, 1, 1, 1, 1, 1, 2, 2, 2, 2, 2, 2, 2, 2]"
"['Blood', 'Group', 'A+', 'Organ', 'Donor', 'NO']","[13, 13, 13, 14, 14, 14]"
"['Permanent', 'Address', '7731', 'David', 'Run', 'Leonardtown,', 'NH', '44949', 'Present', 'Address', '865', 'Mary', 'Fords', 'Suite', '319', 'Lake', 'Kaylamouth,', 'ME', '25191']","[1, 1, 1, 1, 1, 1, 1, 1, 2, 2, 2, 2, 2, 2, 2, 2, 2, 2, 2]"
"['KL14', '6461039810', 'Issued', 'on', '01-04-2006', 'Expires', 'on', '21-08-2022']","[5, 5, 18, 6, 6, 18, 7, 7]"
"['KL40', '6890906602', 'Issued', 'on', '25-01-2028', 'Expires', 'on', '13-11-2029']","[5, 5, 18, 6, 6, 18, 7, 7]"
"['Emergency', 'Contact', '001-352-731-2021']","[17, 17, 17]"
"['KL77', '2298447203', 'Issued', 'on', '31-12-2005', 'Expires', 'on', '28-01-2017']","[5, 5, 18, 6, 6, 18, 7, 7]"
"['KL14', '4340584292', 'Issued', 'on', '29-09-2021', 'Expires', 'on', '24-01-2018']","[5, 5, 18, 6, 6, 18, 7, 7]"
"['Douglas', 'Bowman', 'DOB', '12-11-2014']","[0, 0, 3, 3]"
"['Blood', 'Group', 'A+', 'Organ', 'Donor', 'NO']","[13, 13, 13, 14, 14, 14]"
"['Michael', 'Smith', 'DOB', '09-07-2019']","[0, 0, 3, 3]"
"['KL53', '9261957016', 'Issued', 'on', '18-04-2024', 'Expires', 'on', '29-12-2020']","[5, 5, 18, 6, 6, 18, 7, 7]"
"['Permanent', 'Address', '676', 'Armstrong', 'Ramp', 'Suite', '416', 'South', 'Pamela,', 'NE', '91022', 'Present', 'Address', 'Unit', '4500', 'Box', '6355', 'DPO', 'AP', '29414']","[1, 1, 1, 1, 1, 1, 1, 1, 1, 1, 1, 2, 2, 2, 2, 2, 2, 2, 2, 2]"
"['Blood', 'Group', 'AB+', 'Organ', 'Donor', 'YES']","[13, 13, 13, 14, 14, 14]"
"['Emergency', 'Contact', '330.796.4969x2771']","[17, 17, 17]"
"['KL76', '1570015858', 'Issued', 'on', '14-11-2009', 'Expires', 'on', '27-07-2024']","[5, 5, 18, 6, 6, 18, 7, 7]"
"['Permanent', 'Address', '3059', 'Ball', 'Fall', 'Michaelburgh,', 'NC', '21616', 'Present', 'Address', '4315', 'Hendricks', 'River', 'Cherylstad,', 'LA', '54757']","[1, 1, 1, 1, 1, 1, 1, 1, 2, 2, 2, 2, 2, 2, 2, 2]"
"['Blood', 'Group', 'A+', 'Organ', 'Donor', 'YES']","[13, 13, 13, 14, 14, 14]"
"['KL15', '5668955416', 'Issued', 'on', '27-07-2027', 'Expires', 'on', '27-12-2019']","[5, 5, 18, 6, 6, 18, 7, 7]"
"['Blood', 'Group', 'A+', 'Organ', 'Donor', 'YES']","[13, 13, 13, 14, 14, 14]"
"['Blood', 'Group', 'AB+', 'Organ', 'Donor', 'YES']","[13, 13, 13, 14, 14, 14]"
"['Permanent', 'Address', '4344', 'Latoya', 'Inlet', 'Apt.', '699', 'Port', 'Catherine,', 'MP', '92996', 'Present', 'Address', 'USNV', 'Hill', 'FPO', 'AA', '37868']","[1, 1, 1, 1, 1, 1, 1, 1, 1, 1, 1, 2, 2, 2, 2, 2, 2, 2]"
"['KL36', '2378170698', 'Issued', 'on', '25-11-2012', 'Expires', 'on', '04-10-2024']","[5, 5, 18, 6, 6, 18, 7, 7]"
"['KL45', '7581074488', 'Issued', 'on', '16-05-2014', 'Expires', 'on', '23-02-2019']","[5, 5, 18, 6, 6, 18, 7, 7]"
"['Emergency', 'Contact', '408-982-2309x586']","[17, 17, 17]"
"['Permanent', 'Address', '889', 'Garcia', 'Estate', 'North', 'Whitneyshire,', 'NV', '17420', 'Present', 'Address', '70754', 'Lee', 'Roads', 'Woodfort,', 'AS', '77257']","[1, 1, 1, 1, 1, 1, 1, 1, 1, 2, 2, 2, 2, 2, 2, 2, 2]"
"['KL30', '2175261501', 'Issued', 'on', '08-09-2009', 'Expires', 'on', '22-06-2009']","[5, 5, 18, 6, 6, 18, 7, 7]"
"['KL89', '1439698549', 'Issued', 'on', '20-06-2006', 'Expires', 'on', '07-07-2013']","[5, 5, 18, 6, 6, 18, 7, 7]"
"['Blood', 'Group', 'AB+', 'Organ', 'Donor', 'NO']","[13, 13, 13, 14, 14, 14]"
"['KL46', '3465667475', 'Issued', 'on', '18-07-2005', 'Expires', 'on', '29-08-2006']","[5, 5, 18, 6, 6, 18, 7, 7]"
"['KL49', '2905452099', 'Issued', 'on', '20-06-2015', 'Expires', 'on', '30-08-2014']","[5, 5, 18, 6, 6, 18, 7, 7]"
"['KL70', '1216706931', 'Issued', 'on', '24-06-2024', 'Expires', 'on', '05-12-2019']","[5, 5, 18, 6, 6, 18, 7, 7]"
"['Blood', 'Group', 'A+', 'Organ', 'Donor', 'NO']","[13, 13, 13, 14, 14, 14]"
"['Blood', 'Group', 'O-', 'Organ', 'Donor', 'NO']","[13, 13, 13, 14, 14, 14]"
"['KL35', '3291300350', 'Issued', 'on', '22-07-2015', 'Expires', 'on', '07-03-2018']","[5, 5, 18, 6, 6, 18, 7, 7]"
"['Brittany', 'Carr', 'DOB', '23-06-2024']","[0, 0, 3, 3]"
"['Emergency', 'Contact', '7028512137']","[17, 17, 17]"
"['Blood', 'Group', 'B-', 'Organ', 'Donor', 'YES']","[13, 13, 13, 14, 14, 14]"
"['Emergency', 'Contact', '(389)563-5957x086']","[17, 17, 17]"
"['Debbie', 'Ward', 'DOB', '08-05-2015']","[0, 0, 3, 3]"
"['Blood', 'Group', 'O-', 'Organ', 'Donor', 'NO']","[13, 13, 13, 14, 14, 14]"
"['Permanent', 'Address', '6311', 'Sarah', 'Plaza', 'Suite', '034', 'East', 'Maria,', 'GA', '88417', 'Present', 'Address', '34742', 'Russell', 'Shoal', 'North', 'Kevinmouth,', 'VT', '76450']","[1, 1, 1, 1, 1, 1, 1, 1, 1, 1, 1, 2, 2, 2, 2, 2, 2, 2, 2, 2]"
"['Permanent', 'Address', '008', 'Page', 'Divide', 'Suite', '690', 'Port', 'Desiree,', 'SD', '87357', 'Present', 'Address', 'Unit', '7417', 'Box', '4304', 'DPO', 'AE', '42252']","[1, 1, 1, 1, 1, 1, 1, 1, 1, 1, 1, 2, 2, 2, 2, 2, 2, 2, 2, 2]"
"['Blood', 'Group', 'B-', 'Organ', 'Donor', 'YES']","[13, 13, 13, 14, 14, 14]"
"['KL88', '6855970349', 'Issued', 'on', '10-03-2007', 'Expires', 'on', '24-06-2010']","[5, 5, 18, 6, 6, 18, 7, 7]"
"['KL95', '6689805567', 'Issued', 'on', '20-12-2012', 'Expires', 'on', '16-06-2023']","[5, 5, 18, 6, 6, 18, 7, 7]"
"['Blood', 'Group', 'A+', 'Organ', 'Donor', 'NO']","[13, 13, 13, 14, 14, 14]"
"['KL71', '6028554337', 'Issued', 'on', '03-09-2017', 'Expires', 'on', '18-10-2006']","[5, 5, 18, 6, 6, 18, 7, 7]"
"['Emergency', 'Contact', '(928)794-6652']","[17, 17, 17]"
"['Permanent', 'Address', '32829', 'Albert', 'Brook', 'West', 'Richard,', 'CT', '28750', 'Present', 'Address', '03346', 'Alexander', 'Street', 'Lake', 'Rachelmouth,', 'MN', '01904']","[1, 1, 1, 1, 1, 1, 1, 1, 1, 2, 2, 2, 2, 2, 2, 2, 2, 2]"
"['KL23', '5754448479', 'Issued', 'on', '01-02-2020', 'Expires', 'on', '21-09-2019']","[5, 5, 18, 6, 6, 18, 7, 7]"
"['Permanent', 'Address', '955', 'Rachel', 'Centers', 'Apt.', '453', 'North', 'Shellyburgh,', 'PW', '30756', 'Present', 'Address', '2303', 'Moran', 'Turnpike', 'Apt.', '028', 'Stephenshire,', 'AS', '97677']","[1, 1, 1, 1, 1, 1, 1, 1, 1, 1, 1, 2, 2, 2, 2, 2, 2, 2, 2, 2, 2]"
"['KL48', '7583092079', 'Issued', 'on', '03-10-2005', 'Expires', 'on', '16-04-2008']","[5, 5, 18, 6, 6, 18, 7, 7]"
"['Blood', 'Group', 'O-', 'Organ', 'Donor', 'YES']","[13, 13, 13, 14, 14, 14]"
"['Permanent', 'Address', '24050', 'Olsen', 'Stravenue', 'Hendricksview,', 'TN', '72127', 'Present', 'Address', '7546', 'Cindy', 'Village', 'West', 'Brendan,', 'MN', '84363']","[1, 1, 1, 1, 1, 1, 1, 1, 2, 2, 2, 2, 2, 2, 2, 2, 2]"
"['Blood', 'Group', 'O-', 'Organ', 'Donor', 'NO']","[13, 13, 13, 14, 14, 14]"
"['KL36', '7833164976', 'Issued', 'on', '18-08-2023', 'Expires', 'on', '07-12-2012']","[5, 5, 18, 6, 6, 18, 7, 7]"
"['Emergency', 'Contact', '+1-472-772-5812']","[17, 17, 17]"
"['Blood', 'Group', 'AB+', 'Organ', 'Donor', 'YES']","[13, 13, 13, 14, 14, 14]"
"['KL95', '9924488511', 'Issued', 'on', '28-07-2025', 'Expires', 'on', '25-07-2006']","[5, 5, 18, 6, 6, 18, 7, 7]"
"['Lauren', 'Watts', 'DOB', '23-04-2018']","[0, 0, 3, 3]"
"['Permanent', 'Address', '482', 'Todd', 'Road', 'Apt.', '791', 'North', 'David,', 'CO', '06680', 'Present', 'Address', '035', 'Aguirre', 'Summit', 'Apt.', '170', 'Carterton,', 'AS', '82981']","[1, 1, 1, 1, 1, 1, 1, 1, 1, 1, 1, 2, 2, 2, 2, 2, 2, 2, 2, 2, 2]"
"['Blood', 'Group', 'O-', 'Organ', 'Donor', 'NO']","[13, 13, 13, 14, 14, 14]"
"['Permanent', 'Address', 'USNS', 'Gomez', 'FPO', 'AP', '81690', 'Present', 'Address', '95171', 'Gregory', 'Park', 'Suite', '433', 'Whitetown,', 'MN', '38415']","[1, 1, 1, 1, 1, 1, 1, 2, 2, 2, 2, 2, 2, 2, 2, 2, 2]"
"['Emergency', 'Contact', '(821)562-6549']","[17, 17, 17]"
"['KL61', '9888897104', 'Issued', 'on', '05-11-2011', 'Expires', 'on', '01-04-2005']","[5, 5, 18, 6, 6, 18, 7, 7]"
"['KL86', '6922377726', 'Issued', 'on', '03-10-2028', 'Expires', 'on', '23-07-2023']","[5, 5, 18, 6, 6, 18, 7, 7]"
"['Blood', 'Group', 'A+', 'Organ', 'Donor', 'YES']","[13, 13, 13, 14, 14, 14]"
"['KL27', '5935846979', 'Issued', 'on', '07-11-2011', 'Expires', 'on', '31-01-2012']","[5, 5, 18, 6, 6, 18, 7, 7]"
"['Blood', 'Group', 'O-', 'Organ', 'Donor', 'NO']","[13, 13, 13, 14, 14, 14]"
"['KL97', '9063480483', 'Issued', 'on', '23-01-2015', 'Expires', 'on', '21-03-2015']","[5, 5, 18, 6, 6, 18, 7, 7]"
"['KL96', '9973421080', 'Issued', 'on', '23-06-2015', 'Expires', 'on', '07-04-2020']","[5, 5, 18, 6, 6, 18, 7, 7]"
"['KL75', '2263513519', 'Issued', 'on', '30-10-2005', 'Expires', 'on', '27-07-2015']","[5, 5, 18, 6, 6, 18, 7, 7]"
"['Blood', 'Group', 'A+', 'Organ', 'Donor', 'YES']","[13, 13, 13, 14, 14, 14]"
"['Permanent', 'Address', '995', 'Joseph', 'Brooks', 'Apt.', '059', 'Cannonstad,', 'CA', '80727', 'Present', 'Address', '77492', 'Simmons', 'Shoals', 'Apt.', '295', 'Hallburgh,', 'NV', '65775']","[1, 1, 1, 1, 1, 1, 1, 1, 1, 1, 2, 2, 2, 2, 2, 2, 2, 2, 2, 2]"
"['Emergency', 'Contact', '352.425.9206x1658']","[17, 17, 17]"
"['Blood', 'Group', 'AB+', 'Organ', 'Donor', 'YES']","[13, 13, 13, 14, 14, 14]"
"['KL99', '7829701852', 'Issued', 'on', '08-10-2025', 'Expires', 'on', '02-10-2009']","[5, 5, 18, 6, 6, 18, 7, 7]"
"['Permanent', 'Address', '229', 'Wilson', 'Islands', 'Suite', '302', 'Leslieshire,', 'MO', '30987', 'Present', 'Address', '262', 'Beck', 'Falls', 'Apt.', '661', 'Elizabethhaven,', 'AK', '85213']","[1, 1, 1, 1, 1, 1, 1, 1, 1, 1, 2, 2, 2, 2, 2, 2, 2, 2, 2, 2]"
"['Permanent', 'Address', '33138', 'Bradley', 'Ports', 'Apt.', '211', 'Port', 'Edwin,', 'MP', '23162', 'Present', 'Address', '481', 'Medina', 'Ways', 'Suite', '868', 'Esparzaport,', 'MH', '01606']","[1, 1, 1, 1, 1, 1, 1, 1, 1, 1, 1, 2, 2, 2, 2, 2, 2, 2, 2, 2, 2]"
"['Blood', 'Group', 'O-', 'Organ', 'Donor', 'YES']","[13, 13, 13, 14, 14, 14]"
"['Permanent', 'Address', '548', 'Pedro', 'Inlet', 'Port', 'Mary,', 'AL', '06082', 'Present', 'Address', '877', 'Sanchez', 'Island', 'Kimberlyfurt,', 'SC', '53156']","[1, 1, 1, 1, 1, 1, 1, 1, 1, 2, 2, 2, 2, 2, 2, 2, 2]"
"['Blood', 'Group', 'B-', 'Organ', 'Donor', 'NO']","[13, 13, 13, 14, 14, 14]"
"['Emergency', 'Contact', '864-419-6234x2192']","[17, 17, 17]"
"['Blood', 'Group', 'O-', 'Organ', 'Donor', 'YES']","[13, 13, 13, 14, 14, 14]"
"['KL95', '1539229515', 'Issued', 'on', '17-04-2011', 'Expires', 'on', '03-10-2007']","[5, 5, 18, 6, 6, 18, 7, 7]"
"['KL92', '1067464491', 'Issued', 'on', '11-10-2011', 'Expires', 'on', '05-06-2011']","[5, 5, 18, 6, 6, 18, 7, 7]"
"['Permanent', 'Address', '42948', 'Laura', 'Creek', 'Jessicahaven,', 'PW', '74996', 'Present', 'Address', '79726', 'Johnston', 'Pine', 'Lake', 'Eugeneborough,', 'DE', '96885']","[1, 1, 1, 1, 1, 1, 1, 1, 2, 2, 2, 2, 2, 2, 2, 2, 2]"
"['Blood', 'Group', 'O-', 'Organ', 'Donor', 'YES']","[13, 13, 13, 14, 14, 14]"
"['KL92', '8756460189', 'Issued', 'on', '24-11-2023', 'Expires', 'on', '16-11-2005']","[5, 5, 18, 6, 6, 18, 7, 7]"
"['Emergency', 'Contact', '2367660200']","[17, 17, 17]"
"['Emergency', 'Contact', '228.753.8631']","[17, 17, 17]"
"['Permanent', 'Address', '43838', 'Savannah', 'Plaza', 'Apt.', '692', 'North', 'Shannonside,', 'UT', '57149', 'Present', 'Address', '3328', 'Nicole', 'Parkway', 'Suite', '337', 'Mcculloughland,', 'NY', '44570']","[1, 1, 1, 1, 1, 1, 1, 1, 1, 1, 1, 2, 2, 2, 2, 2, 2, 2, 2, 2, 2]"
"['Sophia', 'Richmond', 'DOB', '22-11-2018']","[0, 0, 3, 3]"
"['Permanent', 'Address', '36841', 'Teresa', 'Field', 'Apt.', '823', 'Lake', 'Chelsea,', 'CT', '88715', 'Present', 'Address', '2791', 'Nguyen', 'Track', 'South', 'Stephaniefort,', 'NM', '51047']","[1, 1, 1, 1, 1, 1, 1, 1, 1, 1, 1, 2, 2, 2, 2, 2, 2, 2, 2, 2]"
"['Blood', 'Group', 'O-', 'Organ', 'Donor', 'NO']","[13, 13, 13, 14, 14, 14]"
"['Blood', 'Group', 'B-', 'Organ', 'Donor', 'YES']","[13, 13, 13, 14, 14, 14]"
"['Blood', 'Group', 'A+', 'Organ', 'Donor', 'NO']","[13, 13, 13, 14, 14, 14]"
"['Emergency', 'Contact', '306-659-2088']","[17, 17, 17]"
"['KL74', '6451389154', 'Issued', 'on', '13-08-2013', 'Expires', 'on', '02-10-2007']","[5, 5, 18, 6, 6, 18, 7, 7]"
"['Julie', 'Wallace', 'DOB', '21-02-2019']","[0, 0, 3, 3]"
"['Permanent', 'Address', '9698', 'Amber', 'Hills', 'Donnaburgh,', 'WA', '89047', 'Present', 'Address', '665', 'Ferguson', 'Track', 'New', 'Molly,', 'OK', '12848']","[1, 1, 1, 1, 1, 1, 1, 1, 2, 2, 2, 2, 2, 2, 2, 2, 2]"
"['KL14', '7735151139', 'Issued', 'on', '27-11-2009', 'Expires', 'on', '18-03-2016']","[5, 5, 18, 6, 6, 18, 7, 7]"
"['Permanent', 'Address', '899', 'Matthew', 'Fork', 'Suite', '607', 'Oliviashire,', 'VI', '80170', 'Present', 'Address', '729', 'Henderson', 'Hollow', 'Apt.', '799', 'Washingtonside,', 'AL', '73016']","[1, 1, 1, 1, 1, 1, 1, 1, 1, 1, 2, 2, 2, 2, 2, 2, 2, 2, 2, 2]"
"['KL71', '1343868435', 'Issued', 'on', '14-06-2025', 'Expires', 'on', '03-10-2020']","[5, 5, 18, 6, 6, 18, 7, 7]"
"['Permanent', 'Address', '8599', 'Sullivan', 'Club', 'Apt.', '984', 'South', 'Stevenport,', 'MP', '60575', 'Present', 'Address', '69881', 'Carter', 'Prairie', 'Apt.', '445', 'Port', 'Cassidyhaven,', 'AS', '52208']","[1, 1, 1, 1, 1, 1, 1, 1, 1, 1, 1, 2, 2, 2, 2, 2, 2, 2, 2, 2, 2, 2]"
"['Blood', 'Group', 'AB+', 'Organ', 'Donor', 'NO']","[13, 13, 13, 14, 14, 14]"
"['Blood', 'Group', 'A+', 'Organ', 'Donor', 'YES']","[13, 13, 13, 14, 14, 14]"
"['Blood', 'Group', 'A+', 'Organ', 'Donor', 'NO']","[13, 13, 13, 14, 14, 14]"
"['Permanent', 'Address', '10262', 'Williams', 'Locks', 'Suite', '890', 'Port', 'Amyview,', 'ND', '33618', 'Present', 'Address', '08898', 'Nancy', 'Unions', 'West', 'Timothyside,', 'OH', '31559']","[1, 1, 1, 1, 1, 1, 1, 1, 1, 1, 1, 2, 2, 2, 2, 2, 2, 2, 2, 2]"
"['Nancy', 'Green', 'DOB', '21-10-2008']","[0, 0, 3, 3]"
"['Blood', 'Group', 'A+', 'Organ', 'Donor', 'NO']","[13, 13, 13, 14, 14, 14]"
"['Blood', 'Group', 'O-', 'Organ', 'Donor', 'NO']","[13, 13, 13, 14, 14, 14]"
"['Blood', 'Group', 'AB+', 'Organ', 'Donor', 'NO']","[13, 13, 13, 14, 14, 14]"
"['KL98', '8513724361', 'Issued', 'on', '10-01-2024', 'Expires', 'on', '10-01-2017']","[5, 5, 18, 6, 6, 18, 7, 7]"
"['Permanent', 'Address', '27500', 'Jason', 'Springs', 'Jenniferfurt,', 'CT', '78118', 'Present', 'Address', '305', 'Carter', 'Point', 'Suite', '937', 'Ryanshire,', 'AR', '66384']","[1, 1, 1, 1, 1, 1, 1, 1, 2, 2, 2, 2, 2, 2, 2, 2, 2, 2]"
"['Permanent', 'Address', '187', 'Robert', 'Row', 'North', 'Danielborough,', 'NE', '49307', 'Present', 'Address', '34444', 'Carolyn', 'Cape', 'Webbmouth,', 'NE', '73721']","[1, 1, 1, 1, 1, 1, 1, 1, 1, 2, 2, 2, 2, 2, 2, 2, 2]"
"['KL70', '3483097086', 'Issued', 'on', '02-11-2018', 'Expires', 'on', '06-12-2017']","[5, 5, 18, 6, 6, 18, 7, 7]"
"['Permanent', 'Address', '2215', 'Carr', 'Mews', 'Taylorchester,', 'WI', '23865', 'Present', 'Address', '90533', 'Gonzales', 'Burgs', 'Victorfort,', 'MH', '51461']","[1, 1, 1, 1, 1, 1, 1, 1, 2, 2, 2, 2, 2, 2, 2, 2]"
"['Permanent', 'Address', '559', 'Carolyn', 'Islands', 'Apt.', '138', 'West', 'Adam,', 'MP', '11227', 'Present', 'Address', 'Unit', '4553', 'Box', '1290', 'DPO', 'AE', '97628']","[1, 1, 1, 1, 1, 1, 1, 1, 1, 1, 1, 2, 2, 2, 2, 2, 2, 2, 2, 2]"
"['KL89', '5412211686', 'Issued', 'on', '04-09-2013', 'Expires', 'on', '14-08-2018']","[5, 5, 18, 6, 6, 18, 7, 7]"
"['Blood', 'Group', 'B-', 'Organ', 'Donor', 'YES']","[13, 13, 13, 14, 14, 14]"
"['Emergency', 'Contact', '(421)817-3277']","[17, 17, 17]"
"['KL26', '7939798543', 'Issued', 'on', '30-05-2014', 'Expires', 'on', '10-06-2023']","[5, 5, 18, 6, 6, 18, 7, 7]"
"['KL42', '9650936041', 'Issued', 'on', '23-01-2027', 'Expires', 'on', '06-10-2023']","[5, 5, 18, 6, 6, 18, 7, 7]"
"['KL32', '4173840107', 'Issued', 'on', '01-02-2030', 'Expires', 'on', '31-07-2013']","[5, 5, 18, 6, 6, 18, 7, 7]"
"['Permanent', 'Address', '585', 'Henry', 'Skyway', 'Suite', '252', 'Craigville,', 'NY', '43452', 'Present', 'Address', '1050', 'Michael', 'Rapid', 'West', 'Shaneport,', 'KY', '62316']","[1, 1, 1, 1, 1, 1, 1, 1, 1, 1, 2, 2, 2, 2, 2, 2, 2, 2, 2]"
"['Blood', 'Group', 'B-', 'Organ', 'Donor', 'NO']","[13, 13, 13, 14, 14, 14]"
"['Emergency', 'Contact', '353.952.4784']","[17, 17, 17]"
"['KL33', '4702323796', 'Issued', 'on', '01-04-2009', 'Expires', 'on', '29-04-2017']","[5, 5, 18, 6, 6, 18, 7, 7]"
"['KL20', '5154717862', 'Issued', 'on', '14-12-2024', 'Expires', 'on', '01-06-2015']","[5, 5, 18, 6, 6, 18, 7, 7]"
"['Permanent', 'Address', '44930', 'Hall', 'Pass', 'Apt.', '331', 'South', 'Christopher,', 'WY', '09498', 'Present', 'Address', '892', 'Mayer', 'Passage', 'Hunterburgh,', 'AS', '73484']","[1, 1, 1, 1, 1, 1, 1, 1, 1, 1, 1, 2, 2, 2, 2, 2, 2, 2, 2]"
"['Emergency', 'Contact', '852-478-7304']","[17, 17, 17]"
"['Emergency', 'Contact', '215-321-7465x35378']","[17, 17, 17]"
"['Emergency', 'Contact', '891.456.7344x67177']","[17, 17, 17]"
"['Blood', 'Group', 'O-', 'Organ', 'Donor', 'YES']","[13, 13, 13, 14, 14, 14]"
"['Permanent', 'Address', '143', 'Lisa', 'Dale', 'Suite', '664', 'Brianshire,', 'OK', '77287', 'Present', 'Address', '08985', 'Perez', 'Brook', 'Port', 'Sarah,', 'VT', '45115']","[1, 1, 1, 1, 1, 1, 1, 1, 1, 1, 2, 2, 2, 2, 2, 2, 2, 2, 2]"
"['Permanent', 'Address', '968', 'Conway', 'Extension', 'Peterhaven,', 'WI', '68226', 'Present', 'Address', '572', 'Colon', 'Overpass', 'Suite', '958', 'New', 'Judy,', 'MP', '78139']","[1, 1, 1, 1, 1, 1, 1, 1, 2, 2, 2, 2, 2, 2, 2, 2, 2, 2, 2]"
"['KL83', '2482088956', 'Issued', 'on', '12-12-2006', 'Expires', 'on', '18-04-2011']","[5, 5, 18, 6, 6, 18, 7, 7]"
"['Permanent', 'Address', '978', 'Lori', 'Hills', 'Apt.', '971', 'Smithmouth,', 'WV', '76601', 'Present', 'Address', '1436', 'Hodges', 'Estate', 'Suite', '811', 'Lake', 'Jeff,', 'AK', '28015']","[1, 1, 1, 1, 1, 1, 1, 1, 1, 1, 2, 2, 2, 2, 2, 2, 2, 2, 2, 2, 2]"
"['Emergency', 'Contact', '785.268.1193x97814']","[17, 17, 17]"
"['KL31', '7287896242', 'Issued', 'on', '20-12-2005', 'Expires', 'on', '14-03-2026']","[5, 5, 18, 6, 6, 18, 7, 7]"
"['Blood', 'Group', 'O-', 'Organ', 'Donor', 'YES']","[13, 13, 13, 14, 14, 14]"
"['Blood', 'Group', 'O-', 'Organ', 'Donor', 'NO']","[13, 13, 13, 14, 14, 14]"
"['KL77', '9032781720', 'Issued', 'on', '18-07-2027', 'Expires', 'on', '13-09-2029']","[5, 5, 18, 6, 6, 18, 7, 7]"
"['KL67', '5105433614', 'Issued', 'on', '09-09-2024', 'Expires', 'on', '23-08-2026']","[5, 5, 18, 6, 6, 18, 7, 7]"
"['KL78', '8032683189', 'Issued', 'on', '17-11-2010', 'Expires', 'on', '13-10-2008']","[5, 5, 18, 6, 6, 18, 7, 7]"
"['Kenneth', 'Wood', 'DOB', '24-03-2010']","[0, 0, 3, 3]"
"['Blood', 'Group', 'AB+', 'Organ', 'Donor', 'NO']","[13, 13, 13, 14, 14, 14]"
"['KL22', '7803987709', 'Issued', 'on', '05-04-2024', 'Expires', 'on', '01-09-2019']","[5, 5, 18, 6, 6, 18, 7, 7]"
"['Blood', 'Group', 'B-', 'Organ', 'Donor', 'YES']","[13, 13, 13, 14, 14, 14]"
"['Blood', 'Group', 'B-', 'Organ', 'Donor', 'NO']","[13, 13, 13, 14, 14, 14]"
"['Blood', 'Group', 'A+', 'Organ', 'Donor', 'YES']","[13, 13, 13, 14, 14, 14]"
"['KL22', '3255992861', 'Issued', 'on', '04-08-2019', 'Expires', 'on', '09-02-2025']","[5, 5, 18, 6, 6, 18, 7, 7]"
"['Permanent', 'Address', '58807', 'Kayla', 'Skyway', 'Suite', '326', 'Lake', 'Julieville,', 'OK', '32106', 'Present', 'Address', '38297', 'Taylor', 'Way', 'Michaelbury,', 'VA', '56415']","[1, 1, 1, 1, 1, 1, 1, 1, 1, 1, 1, 2, 2, 2, 2, 2, 2, 2, 2]"
"['Blood', 'Group', 'AB+', 'Organ', 'Donor', 'NO']","[13, 13, 13, 14, 14, 14]"
"['KL13', '3660290823', 'Issued', 'on', '21-08-2006', 'Expires', 'on', '23-09-2024']","[5, 5, 18, 6, 6, 18, 7, 7]"
"['KL86', '4588269668', 'Issued', 'on', '18-03-2007', 'Expires', 'on', '05-09-2028']","[5, 5, 18, 6, 6, 18, 7, 7]"
"['Samantha', 'Salinas', 'DOB', '16-04-2022']","[0, 0, 3, 3]"
"['Permanent', 'Address', '5024', 'Jennifer', 'Ford', 'Jonesmouth,', 'UT', '70091', 'Present', 'Address', '2713', 'Hicks', 'Rapid', 'Suite', '933', 'Johnton,', 'VT', '01433']","[1, 1, 1, 1, 1, 1, 1, 1, 2, 2, 2, 2, 2, 2, 2, 2, 2, 2]"
"['Permanent', 'Address', '1547', 'Christopher', 'Isle', 'Suite', '639', 'Carrollstad,', 'MI', '15664', 'Present', 'Address', '69028', 'Thomas', 'Falls', 'Suite', '028', 'Barajasfurt,', 'MT', '01115']","[1, 1, 1, 1, 1, 1, 1, 1, 1, 1, 2, 2, 2, 2, 2, 2, 2, 2, 2, 2]"
"['KL87', '5852914708', 'Issued', 'on', '15-11-2016', 'Expires', 'on', '07-09-2013']","[5, 5, 18, 6, 6, 18, 7, 7]"
"['Permanent', 'Address', '4416', 'Austin', 'Cove', 'Haleymouth,', 'SC', '27336', 'Present', 'Address', '4051', 'Jacob', 'Points', 'Apt.', '273', 'West', 'Douglaschester,', 'IL', '55842']","[1, 1, 1, 1, 1, 1, 1, 1, 2, 2, 2, 2, 2, 2, 2, 2, 2, 2, 2]"
"['Emergency', 'Contact', '(581)744-4718']","[17, 17, 17]"
"['Permanent', 'Address', '690', 'Simpson', 'Green', 'New', 'Glennhaven,', 'ND', '36967', 'Present', 'Address', 'USCGC', 'Hubbard', 'FPO', 'AA', '99381']","[1, 1, 1, 1, 1, 1, 1, 1, 1, 2, 2, 2, 2, 2, 2, 2]"
"['Ashley', 'Mann', 'DOB', '19-05-2016']","[0, 0, 3, 3]"
"['Emergency', 'Contact', '+1-872-371-7430']","[17, 17, 17]"
"['Permanent', 'Address', '0343', 'William', 'Ford', 'Suite', '758', 'Lake', 'Jim,', 'MO', '37720', 'Present', 'Address', '41309', 'Cindy', 'Creek', 'Suite', '386', 'East', 'Amyfurt,', 'DC', '46203']","[1, 1, 1, 1, 1, 1, 1, 1, 1, 1, 1, 2, 2, 2, 2, 2, 2, 2, 2, 2, 2, 2]"
"['KL69', '9915124505', 'Issued', 'on', '14-03-2014', 'Expires', 'on', '16-11-2010']","[5, 5, 18, 6, 6, 18, 7, 7]"
"['Blood', 'Group', 'AB+', 'Organ', 'Donor', 'NO']","[13, 13, 13, 14, 14, 14]"
"['Permanent', 'Address', 'Unit', '4123', 'Box', '1905', 'DPO', 'AA', '61033', 'Present', 'Address', '1007', 'Garcia', 'Forge', 'Apt.', '453', 'North', 'Christineport,', 'CT', '83638']","[1, 1, 1, 1, 1, 1, 1, 1, 1, 2, 2, 2, 2, 2, 2, 2, 2, 2, 2, 2]"
"['Permanent', 'Address', 'PSC', '2487,', 'Box', '0987', 'APO', 'AE', '98072', 'Present', 'Address', '632', 'Nathaniel', 'Park', 'Suite', '224', 'West', 'Marisaborough,', 'HI', '55448']","[1, 1, 1, 1, 1, 1, 1, 1, 1, 2, 2, 2, 2, 2, 2, 2, 2, 2, 2, 2]"
"['Emergency', 'Contact', '818-390-0346']","[17, 17, 17]"
"['KL19', '5562919050', 'Issued', 'on', '04-08-2028', 'Expires', 'on', '06-03-2018']","[5, 5, 18, 6, 6, 18, 7, 7]"
"['Blood', 'Group', 'A+', 'Organ', 'Donor', 'NO']","[13, 13, 13, 14, 14, 14]"
"['John', 'Hernandez', 'DOB', '15-10-2018']","[0, 0, 3, 3]"
"['KL66', '5593031498', 'Issued', 'on', '18-06-2020', 'Expires', 'on', '29-10-2028']","[5, 5, 18, 6, 6, 18, 7, 7]"
"['Amy', 'Conrad', 'DOB', '24-05-2006']","[0, 0, 3, 3]"
"['KL60', '3113370001', 'Issued', 'on', '13-04-2006', 'Expires', 'on', '05-06-2025']","[5, 5, 18, 6, 6, 18, 7, 7]"
"['KL65', '3763116394', 'Issued', 'on', '08-08-2016', 'Expires', 'on', '30-03-2013']","[5, 5, 18, 6, 6, 18, 7, 7]"
"['Robert', 'Griffith', 'DOB', '01-08-2007']","[0, 0, 3, 3]"
"['Permanent', 'Address', '8900', 'Marshall', 'Rapids', 'Anthonyville,', 'NM', '32403', 'Present', 'Address', '73971', 'Karen', 'Bypass', 'Jacksonland,', 'CT', '27265']","[1, 1, 1, 1, 1, 1, 1, 1, 2, 2, 2, 2, 2, 2, 2, 2]"
"['KL19', '9892353238', 'Issued', 'on', '04-08-2023', 'Expires', 'on', '24-02-2018']","[5, 5, 18, 6, 6, 18, 7, 7]"
"['Permanent', 'Address', '67221', 'Linda', 'Glen', 'Suite', '461', 'Rodriguezburgh,', 'OH', '09466', 'Present', 'Address', '4436', 'Tonya', 'Drive', 'Port', 'Kevin,', 'PR', '17769']","[1, 1, 1, 1, 1, 1, 1, 1, 1, 1, 2, 2, 2, 2, 2, 2, 2, 2, 2]"
"['Emergency', 'Contact', '(552)616-0252']","[17, 17, 17]"
"['KL73', '3750219066', 'Issued', 'on', '31-12-2007', 'Expires', 'on', '10-01-2010']","[5, 5, 18, 6, 6, 18, 7, 7]"
"['Suzanne', 'Beck', 'DOB', '11-10-2005']","[0, 0, 3, 3]"
"['Permanent', 'Address', '772', 'Jensen', 'Fords', 'Apt.', '655', 'East', 'Sandrafort,', 'MT', '10842', 'Present', 'Address', '802', 'Gould', 'Views', 'Suite', '985', 'South', 'Benjaminville,', 'CT', '75863']","[1, 1, 1, 1, 1, 1, 1, 1, 1, 1, 1, 2, 2, 2, 2, 2, 2, 2, 2, 2, 2, 2]"
"['KL99', '9605842084', 'Issued', 'on', '28-11-2027', 'Expires', 'on', '15-12-2008']","[5, 5, 18, 6, 6, 18, 7, 7]"
"['Permanent', 'Address', '68649', 'Scott', 'Point', 'Moodyhaven,', 'TX', '55721', 'Present', 'Address', '0088', 'Collins', 'Green', 'Apt.', '837', 'New', 'Danielton,', 'NM', '38718']","[1, 1, 1, 1, 1, 1, 1, 1, 2, 2, 2, 2, 2, 2, 2, 2, 2, 2, 2]"
"['Emergency', 'Contact', '+1-892-416-4006x983']","[17, 17, 17]"
"['Blood', 'Group', 'O-', 'Organ', 'Donor', 'YES']","[13, 13, 13, 14, 14, 14]"
"['Blood', 'Group', 'A+', 'Organ', 'Donor', 'NO']","[13, 13, 13, 14, 14, 14]"
"['Rachel', 'Petty', 'DOB', '05-09-2014']","[0, 0, 3, 3]"
"['Emergency', 'Contact', '+1-348-564-7082']","[17, 17, 17]"
"['Blood', 'Group', 'AB+', 'Organ', 'Donor', 'NO']","[13, 13, 13, 14, 14, 14]"
"['Permanent', 'Address', '4622', 'Gary', 'Expressway', 'Apt.', '720', 'Raventown,', 'FM', '27781', 'Present', 'Address', '00886', 'Laura', 'Summit', 'Chavezshire,', 'DE', '80741']","[1, 1, 1, 1, 1, 1, 1, 1, 1, 1, 2, 2, 2, 2, 2, 2, 2, 2]"
"['Blood', 'Group', 'A+', 'Organ', 'Donor', 'NO']","[13, 13, 13, 14, 14, 14]"
"['Blood', 'Group', 'AB+', 'Organ', 'Donor', 'YES']","[13, 13, 13, 14, 14, 14]"
"['Emergency', 'Contact', '3088899114']","[17, 17, 17]"
"['Emergency', 'Contact', '9095169232']","[17, 17, 17]"
"['KL35', '6115319619', 'Issued', 'on', '27-09-2020', 'Expires', 'on', '31-12-2024']","[5, 5, 18, 6, 6, 18, 7, 7]"
"['Permanent', 'Address', '906', 'Amber', 'Street', 'Suite', '481', 'Castilloview,', 'MS', '32606', 'Present', 'Address', '984', 'John', 'Crest', 'Lake', 'Marymouth,', 'CO', '13099']","[1, 1, 1, 1, 1, 1, 1, 1, 1, 1, 2, 2, 2, 2, 2, 2, 2, 2, 2]"
"['Emergency', 'Contact', '215.519.8545x82942']","[17, 17, 17]"
"['Permanent', 'Address', '53534', 'Jenkins', 'Mission', 'Nicholasshire,', 'PA', '78781', 'Present', 'Address', '6720', 'Brian', 'Dam', 'Suite', '028', 'Lake', 'Williamberg,', 'SD', '29663']","[1, 1, 1, 1, 1, 1, 1, 1, 2, 2, 2, 2, 2, 2, 2, 2, 2, 2, 2]"
"['Blood', 'Group', 'A+', 'Organ', 'Donor', 'NO']","[13, 13, 13, 14, 14, 14]"
"['Permanent', 'Address', '26208', 'Mason', 'Cliff', 'Suite', '452', 'Perezstad,', 'SC', '25752', 'Present', 'Address', '57004', 'Erik', 'Court', 'New', 'Jacqueline,', 'CT', '72453']","[1, 1, 1, 1, 1, 1, 1, 1, 1, 1, 2, 2, 2, 2, 2, 2, 2, 2, 2]"
"['KL34', '9698874738', 'Issued', 'on', '25-02-2009', 'Expires', 'on', '23-07-2028']","[5, 5, 18, 6, 6, 18, 7, 7]"
"['Benjamin', 'Thompson', 'DOB', '08-09-2026']","[0, 0, 3, 3]"
"['KL59', '6616661361', 'Issued', 'on', '03-05-2016', 'Expires', 'on', '20-12-2016']","[5, 5, 18, 6, 6, 18, 7, 7]"
"['Blood', 'Group', 'O-', 'Organ', 'Donor', 'YES']","[13, 13, 13, 14, 14, 14]"
"['KL17', '4096722936', 'Issued', 'on', '27-05-2024', 'Expires', 'on', '22-10-2005']","[5, 5, 18, 6, 6, 18, 7, 7]"
"['Blood', 'Group', 'B-', 'Organ', 'Donor', 'NO']","[13, 13, 13, 14, 14, 14]"
"['Sean', 'Sanders', 'DOB', '12-04-2006']","[0, 0, 3, 3]"
"['Emergency', 'Contact', '2792230466']","[17, 17, 17]"
"['Blood', 'Group', 'B-', 'Organ', 'Donor', 'YES']","[13, 13, 13, 14, 14, 14]"
"['KL28', '5376842282', 'Issued', 'on', '06-02-2008', 'Expires', 'on', '19-07-2009']","[5, 5, 18, 6, 6, 18, 7, 7]"
"['Kelly', 'Ellis', 'DOB', '17-03-2006']","[0, 0, 3, 3]"
"['Permanent', 'Address', '29615', 'David', 'Shoal', 'Staceystad,', 'AL', '65743', 'Present', 'Address', '3446', 'Tara', 'Inlet', 'Apt.', '276', 'Port', 'Cynthia,', 'MS', '03797']","[1, 1, 1, 1, 1, 1, 1, 1, 2, 2, 2, 2, 2, 2, 2, 2, 2, 2, 2]"
"['KL93', '1560655311', 'Issued', 'on', '03-11-2008', 'Expires', 'on', '13-05-2026']","[5, 5, 18, 6, 6, 18, 7, 7]"
"['KL16', '9180462510', 'Issued', 'on', '13-03-2008', 'Expires', 'on', '11-07-2016']","[5, 5, 18, 6, 6, 18, 7, 7]"
"['Emergency', 'Contact', '505.773.4724']","[17, 17, 17]"
"['KL88', '3538508163', 'Issued', 'on', '12-03-2024', 'Expires', 'on', '21-07-2019']","[5, 5, 18, 6, 6, 18, 7, 7]"
"['Emergency', 'Contact', '976-482-2512']","[17, 17, 17]"
"['KL73', '3644104389', 'Issued', 'on', '12-08-2018', 'Expires', 'on', '12-08-2020']","[5, 5, 18, 6, 6, 18, 7, 7]"
"['KL35', '7125531606', 'Issued', 'on', '30-04-2005', 'Expires', 'on', '13-07-2022']","[5, 5, 18, 6, 6, 18, 7, 7]"
"['Emergency', 'Contact', '(966)656-2241x9768']","[17, 17, 17]"
"['Elaine', 'Mcdonald', 'DOB', '09-12-2007']","[0, 0, 3, 3]"
"['Permanent', 'Address', '350', 'Robert', 'Coves', 'Vincentfort,', 'ME', '19581', 'Present', 'Address', '3404', 'Koch', 'Terrace', 'Suite', '821', 'North', 'Matthew,', 'SC', '57232']","[1, 1, 1, 1, 1, 1, 1, 1, 2, 2, 2, 2, 2, 2, 2, 2, 2, 2, 2]"
"['KL97', '5884792606', 'Issued', 'on', '19-10-2013', 'Expires', 'on', '08-10-2025']","[5, 5, 18, 6, 6, 18, 7, 7]"
"['Emergency', 'Contact', '001-352-954-9206x4411']","[17, 17, 17]"
"['Emergency', 'Contact', '001-738-681-8273x06343']","[17, 17, 17]"
"['Emergency', 'Contact', '282.718.8496x80664']","[17, 17, 17]"
"['Permanent', 'Address', '21254', 'Diana', 'Harbors', 'Port', 'Jessicabury,', 'VI', '04342', 'Present', 'Address', '49860', 'Tyler', 'Courts', 'Suite', '003', 'North', 'Yvonne,', 'ID', '14268']","[1, 1, 1, 1, 1, 1, 1, 1, 1, 2, 2, 2, 2, 2, 2, 2, 2, 2, 2, 2]"
"['KL25', '2176363031', 'Issued', 'on', '07-06-2025', 'Expires', 'on', '25-05-2020']","[5, 5, 18, 6, 6, 18, 7, 7]"
"['Emergency', 'Contact', '+1-299-590-1140']","[17, 17, 17]"
"['KL57', '3376868109', 'Issued', 'on', '02-05-2015', 'Expires', 'on', '10-05-2021']","[5, 5, 18, 6, 6, 18, 7, 7]"
"['Blood', 'Group', 'A+', 'Organ', 'Donor', 'YES']","[13, 13, 13, 14, 14, 14]"
"['KL90', '7925383538', 'Issued', 'on', '04-03-2009', 'Expires', 'on', '22-05-2013']","[5, 5, 18, 6, 6, 18, 7, 7]"
"['Emergency', 'Contact', '871-497-8601']","[17, 17, 17]"
"['KL72', '1346700963', 'Issued', 'on', '09-04-2017', 'Expires', 'on', '18-06-2028']","[5, 5, 18, 6, 6, 18, 7, 7]"
"['KL21', '6513585010', 'Issued', 'on', '15-07-2029', 'Expires', 'on', '09-03-2026']","[5, 5, 18, 6, 6, 18, 7, 7]"
"['Permanent', 'Address', 'Unit', '0841', 'Box', '9478', 'DPO', 'AA', '48297', 'Present', 'Address', 'PSC', '1137,', 'Box', '5358', 'APO', 'AE', '93059']","[1, 1, 1, 1, 1, 1, 1, 1, 1, 2, 2, 2, 2, 2, 2, 2, 2, 2]"
"['Emergency', 'Contact', '907-428-8780']","[17, 17, 17]"
"['Blood', 'Group', 'B-', 'Organ', 'Donor', 'YES']","[13, 13, 13, 14, 14, 14]"
"['KL44', '7541608271', 'Issued', 'on', '13-02-2021', 'Expires', 'on', '27-07-2025']","[5, 5, 18, 6, 6, 18, 7, 7]"
"['Blood', 'Group', 'B-', 'Organ', 'Donor', 'YES']","[13, 13, 13, 14, 14, 14]"
"['Permanent', 'Address', '1616', 'Angela', 'Passage', 'Port', 'Christinaberg,', 'DC', '27082', 'Present', 'Address', '7718', 'Todd', 'Villages', 'Apt.', '076', 'North', 'Ianport,', 'OH', '02457']","[1, 1, 1, 1, 1, 1, 1, 1, 1, 2, 2, 2, 2, 2, 2, 2, 2, 2, 2, 2]"
"['Permanent', 'Address', '7800', 'Denise', 'Skyway', 'Suite', '323', 'Maynardburgh,', 'GU', '16431', 'Present', 'Address', '9685', 'Green', 'Shores', 'Smithmouth,', 'TX', '89975']","[1, 1, 1, 1, 1, 1, 1, 1, 1, 1, 2, 2, 2, 2, 2, 2, 2, 2]"
"['Permanent', 'Address', '139', 'Terry', 'Wells', 'Apt.', '150', 'Port', 'Richardport,', 'GU', '19531', 'Present', 'Address', '0335', 'Tiffany', 'Via', 'Patriciaburgh,', 'LA', '28272']","[1, 1, 1, 1, 1, 1, 1, 1, 1, 1, 1, 2, 2, 2, 2, 2, 2, 2, 2]"
"['KL48', '6788986983', 'Issued', 'on', '10-02-2029', 'Expires', 'on', '03-11-2028']","[5, 5, 18, 6, 6, 18, 7, 7]"
"['KL40', '1824216542', 'Issued', 'on', '10-01-2009', 'Expires', 'on', '18-04-2026']","[5, 5, 18, 6, 6, 18, 7, 7]"
"['Courtney', 'Taylor', 'DOB', '20-08-2023']","[0, 0, 3, 3]"
"['Kathy', 'Robinson', 'DOB', '18-07-2005']","[0, 0, 3, 3]"
"['Permanent', 'Address', '691', 'Leslie', 'Forks', 'East', 'Craigland,', 'MS', '62926', 'Present', 'Address', '463', 'Elizabeth', 'Ridges', 'Suite', '348', 'North', 'Aarontown,', 'GU', '16031']","[1, 1, 1, 1, 1, 1, 1, 1, 1, 2, 2, 2, 2, 2, 2, 2, 2, 2, 2, 2]"
"['Emergency', 'Contact', '001-747-764-2789x61573']","[17, 17, 17]"
"['Suzanne', 'Rodriguez', 'DOB', '11-10-2023']","[0, 0, 3, 3]"
"['Blood', 'Group', 'O-', 'Organ', 'Donor', 'YES']","[13, 13, 13, 14, 14, 14]"
"['KL34', '9209762858', 'Issued', 'on', '18-10-2007', 'Expires', 'on', '23-06-2020']","[5, 5, 18, 6, 6, 18, 7, 7]"
"['Blood', 'Group', 'B-', 'Organ', 'Donor', 'YES']","[13, 13, 13, 14, 14, 14]"
"['KL56', '2224342797', 'Issued', 'on', '17-12-2021', 'Expires', 'on', '30-05-2016']","[5, 5, 18, 6, 6, 18, 7, 7]"
"['Blood', 'Group', 'AB+', 'Organ', 'Donor', 'NO']","[13, 13, 13, 14, 14, 14]"
"['KL16', '1755431522', 'Issued', 'on', '19-07-2008', 'Expires', 'on', '04-10-2009']","[5, 5, 18, 6, 6, 18, 7, 7]"
"['Emergency', 'Contact', '695.497.8155']","[17, 17, 17]"
"['Blood', 'Group', 'A+', 'Organ', 'Donor', 'YES']","[13, 13, 13, 14, 14, 14]"
"['Emergency', 'Contact', '(609)872-3602x4465']","[17, 17, 17]"
"['Permanent', 'Address', '05171', 'Steven', 'Circle', 'Suite', '156', 'Karenfort,', 'ND', '84546', 'Present', 'Address', '031', 'Stewart', 'Forks', 'Apt.', '274', 'Port', 'Kevinmouth,', 'VT', '60665']","[1, 1, 1, 1, 1, 1, 1, 1, 1, 1, 2, 2, 2, 2, 2, 2, 2, 2, 2, 2, 2]"
"['Permanent', 'Address', '29254', 'Jennings', 'Lodge', 'Apt.', '728', 'Wendymouth,', 'MT', '56679', 'Present', 'Address', '6327', 'Michele', 'Squares', 'West', 'Jared,', 'OH', '53046']","[1, 1, 1, 1, 1, 1, 1, 1, 1, 1, 2, 2, 2, 2, 2, 2, 2, 2, 2]"
"['KL35', '9153448896', 'Issued', 'on', '23-05-2021', 'Expires', 'on', '29-05-2019']","[5, 5, 18, 6, 6, 18, 7, 7]"
"['KL24', '2400727238', 'Issued', 'on', '24-09-2028', 'Expires', 'on', '27-11-2009']","[5, 5, 18, 6, 6, 18, 7, 7]"
"['KL62', '4736133245', 'Issued', 'on', '20-05-2017', 'Expires', 'on', '28-09-2025']","[5, 5, 18, 6, 6, 18, 7, 7]"
"['Blood', 'Group', 'B-', 'Organ', 'Donor', 'YES']","[13, 13, 13, 14, 14, 14]"
"['Blood', 'Group', 'O-', 'Organ', 'Donor', 'YES']","[13, 13, 13, 14, 14, 14]"
"['Emergency', 'Contact', '(238)668-7906']","[17, 17, 17]"
"['KL88', '2954170921', 'Issued', 'on', '16-10-2022', 'Expires', 'on', '02-01-2023']","[5, 5, 18, 6, 6, 18, 7, 7]"
"['Blood', 'Group', 'B-', 'Organ', 'Donor', 'NO']","[13, 13, 13, 14, 14, 14]"
"['Permanent', 'Address', 'Unit', '9320', 'Box', '5534', 'DPO', 'AE', '45963', 'Present', 'Address', '3961', 'Carlson', 'Mission', 'Lynntown,', 'MD', '25647']","[1, 1, 1, 1, 1, 1, 1, 1, 1, 2, 2, 2, 2, 2, 2, 2, 2]"
"['Permanent', 'Address', '7078', 'Porter', 'Junction', 'Suite', '426', 'New', 'Janettown,', 'IA', '69571', 'Present', 'Address', '3627', 'Henry', 'Squares', 'East', 'Sherry,', 'FL', '63696']","[1, 1, 1, 1, 1, 1, 1, 1, 1, 1, 1, 2, 2, 2, 2, 2, 2, 2, 2, 2]"
"['Philip', 'Huff', 'DOB', '27-10-2017']","[0, 0, 3, 3]"
"['KL26', '9727779832', 'Issued', 'on', '11-05-2027', 'Expires', 'on', '15-11-2021']","[5, 5, 18, 6, 6, 18, 7, 7]"
"['Permanent', 'Address', '1620', 'Moore', 'Plains', 'Danielview,', 'MP', '72916', 'Present', 'Address', '52169', 'Jared', 'Walks', 'East', 'Anthony,', 'HI', '98395']","[1, 1, 1, 1, 1, 1, 1, 1, 2, 2, 2, 2, 2, 2, 2, 2, 2]"
"['KL24', '8952782076', 'Issued', 'on', '05-04-2019', 'Expires', 'on', '18-07-2024']","[5, 5, 18, 6, 6, 18, 7, 7]"
"['Blood', 'Group', 'B-', 'Organ', 'Donor', 'NO']","[13, 13, 13, 14, 14, 14]"
"['KL47', '3592596823', 'Issued', 'on', '25-11-2023', 'Expires', 'on', '02-09-2005']","[5, 5, 18, 6, 6, 18, 7, 7]"
"['Emergency', 'Contact', '242-364-7106']","[17, 17, 17]"
"['Permanent', 'Address', '16370', 'Jennings', 'Bypass', 'Brandyborough,', 'HI', '54668', 'Present', 'Address', '4693', 'Michelle', 'Mill', 'New', 'Joshua,', 'NV', '57285']","[1, 1, 1, 1, 1, 1, 1, 1, 2, 2, 2, 2, 2, 2, 2, 2, 2]"
"['Permanent', 'Address', 'Unit', '8083', 'Box', '9065', 'DPO', 'AA', '08478', 'Present', 'Address', '985', 'Holly', 'Forges', 'Apt.', '272', 'Whiteland,', 'GA', '75551']","[1, 1, 1, 1, 1, 1, 1, 1, 1, 2, 2, 2, 2, 2, 2, 2, 2, 2, 2]"
"['KL80', '4672214312', 'Issued', 'on', '17-03-2009', 'Expires', 'on', '22-05-2018']","[5, 5, 18, 6, 6, 18, 7, 7]"
"['KL76', '5276345770', 'Issued', 'on', '04-10-2012', 'Expires', 'on', '15-01-2017']","[5, 5, 18, 6, 6, 18, 7, 7]"
"['Permanent', 'Address', '602', 'Higgins', 'Mission', 'Suite', '527', 'New', 'Deanna,', 'MI', '27424', 'Present', 'Address', '950', 'Sharp', 'Parkways', 'Suite', '406', 'Chaneychester,', 'PR', '03345']","[1, 1, 1, 1, 1, 1, 1, 1, 1, 1, 1, 2, 2, 2, 2, 2, 2, 2, 2, 2, 2]"
"['Emergency', 'Contact', '(408)401-9290']","[17, 17, 17]"
"['KL64', '2059371626', 'Issued', 'on', '05-11-2007', 'Expires', 'on', '01-11-2017']","[5, 5, 18, 6, 6, 18, 7, 7]"
"['KL84', '5064122912', 'Issued', 'on', '20-05-2015', 'Expires', 'on', '21-04-2013']","[5, 5, 18, 6, 6, 18, 7, 7]"
"['Diana', 'Daniels', 'DOB', '17-05-2006']","[0, 0, 3, 3]"
"['Emergency', 'Contact', '001-232-425-3332']","[17, 17, 17]"
"['Blood', 'Group', 'A+', 'Organ', 'Donor', 'YES']","[13, 13, 13, 14, 14, 14]"
"['Austin', 'Moore', 'DOB', '06-12-2017']","[0, 0, 3, 3]"
"['Permanent', 'Address', 'PSC', '5501,', 'Box', '9354', 'APO', 'AA', '94599', 'Present', 'Address', '69888', 'Neal', 'Fords', 'Port', 'Kimberly,', 'ID', '21761']","[1, 1, 1, 1, 1, 1, 1, 1, 1, 2, 2, 2, 2, 2, 2, 2, 2, 2]"
"['Blood', 'Group', 'O-', 'Organ', 'Donor', 'NO']","[13, 13, 13, 14, 14, 14]"
"['Blood', 'Group', 'A+', 'Organ', 'Donor', 'NO']","[13, 13, 13, 14, 14, 14]"
"['Blood', 'Group', 'A+', 'Organ', 'Donor', 'YES']","[13, 13, 13, 14, 14, 14]"
"['Permanent', 'Address', '2962', 'Lisa', 'Burg', 'Anneside,', 'SD', '30711', 'Present', 'Address', '1290', 'Deleon', 'Terrace', 'Suite', '599', 'North', 'David,', 'IA', '65566']","[1, 1, 1, 1, 1, 1, 1, 1, 2, 2, 2, 2, 2, 2, 2, 2, 2, 2, 2]"
"['Blood', 'Group', 'B-', 'Organ', 'Donor', 'YES']","[13, 13, 13, 14, 14, 14]"
"['Blood', 'Group', 'B-', 'Organ', 'Donor', 'YES']","[13, 13, 13, 14, 14, 14]"
"['KL95', '2309263254', 'Issued', 'on', '10-11-2018', 'Expires', 'on', '09-12-2011']","[5, 5, 18, 6, 6, 18, 7, 7]"
"['Permanent', 'Address', '9542', 'Rebecca', 'Lights', 'Apt.', '941', 'South', 'Matthew,', 'WY', '13318', 'Present', 'Address', '7131', 'Watson', 'Stravenue', 'Andersonchester,', 'PR', '36423']","[1, 1, 1, 1, 1, 1, 1, 1, 1, 1, 1, 2, 2, 2, 2, 2, 2, 2, 2]"
"['Emergency', 'Contact', '952.586.4612x0961']","[17, 17, 17]"
"['Permanent', 'Address', '845', 'Joseph', 'Field', 'Lake', 'Daniel,', 'MI', '91082', 'Present', 'Address', '0514', 'Jennifer', 'Dam', 'Apt.', '914', 'Lake', 'Maureen,', 'NC', '58384']","[1, 1, 1, 1, 1, 1, 1, 1, 1, 2, 2, 2, 2, 2, 2, 2, 2, 2, 2, 2]"
"['KL68', '8314908641', 'Issued', 'on', '14-09-2021', 'Expires', 'on', '26-04-2025']","[5, 5, 18, 6, 6, 18, 7, 7]"
"['KL57', '7987099862', 'Issued', 'on', '19-11-2020', 'Expires', 'on', '24-11-2026']","[5, 5, 18, 6, 6, 18, 7, 7]"
"['Permanent', 'Address', '254', 'Eric', 'Course', 'Apt.', '458', 'New', 'Henrytown,', 'ME', '71637', 'Present', 'Address', '7693', 'Nicole', 'Throughway', 'New', 'Brittany,', 'OH', '56861']","[1, 1, 1, 1, 1, 1, 1, 1, 1, 1, 1, 2, 2, 2, 2, 2, 2, 2, 2, 2]"
"['KL90', '5598615444', 'Issued', 'on', '02-04-2017', 'Expires', 'on', '10-06-2008']","[5, 5, 18, 6, 6, 18, 7, 7]"
"['Emergency', 'Contact', '(790)725-7846x408']","[17, 17, 17]"
"['KL14', '6568811580', 'Issued', 'on', '20-02-2023', 'Expires', 'on', '31-03-2023']","[5, 5, 18, 6, 6, 18, 7, 7]"
"['Emergency', 'Contact', '282.656.7262']","[17, 17, 17]"
"['Permanent', 'Address', '925', 'Bradshaw', 'Wall', 'Jillianland,', 'WY', '77257', 'Present', 'Address', '25018', 'Michael', 'Underpass', 'Jacksonport,', 'NV', '23058']","[1, 1, 1, 1, 1, 1, 1, 1, 2, 2, 2, 2, 2, 2, 2, 2]"
"['Permanent', 'Address', '420', 'Melissa', 'Extension', 'East', 'Sandra,', 'CO', '38180', 'Present', 'Address', '009', 'Foster', 'Village', 'Williamschester,', 'MO', '00533']","[1, 1, 1, 1, 1, 1, 1, 1, 1, 2, 2, 2, 2, 2, 2, 2, 2]"
"['Permanent', 'Address', '95632', 'Thomas', 'Haven', 'Apt.', '039', 'North', 'Joland,', 'OK', '29285', 'Present', 'Address', '922', 'Kenneth', 'Mountain', 'North', 'Stefaniebury,', 'MS', '01259']","[1, 1, 1, 1, 1, 1, 1, 1, 1, 1, 1, 2, 2, 2, 2, 2, 2, 2, 2, 2]"
"['KL97', '9937651021', 'Issued', 'on', '03-11-2028', 'Expires', 'on', '16-10-2006']","[5, 5, 18, 6, 6, 18, 7, 7]"
"['Emergency', 'Contact', '(908)827-7056x46160']","[17, 17, 17]"
"['Permanent', 'Address', '3850', 'Ashley', 'Forks', 'Suite', '234', 'Davischester,', 'TN', '19717', 'Present', 'Address', '36109', 'Campbell', 'Course', 'Evansborough,', 'VT', '13495']","[1, 1, 1, 1, 1, 1, 1, 1, 1, 1, 2, 2, 2, 2, 2, 2, 2, 2]"
"['KL96', '1221459606', 'Issued', 'on', '09-06-2018', 'Expires', 'on', '26-01-2017']","[5, 5, 18, 6, 6, 18, 7, 7]"
"['Blood', 'Group', 'O-', 'Organ', 'Donor', 'YES']","[13, 13, 13, 14, 14, 14]"
"['Blood', 'Group', 'B-', 'Organ', 'Donor', 'YES']","[13, 13, 13, 14, 14, 14]"
"['Permanent', 'Address', '37277', 'Mills', 'Neck', 'Suite', '063', 'Cassandraburgh,', 'RI', '06399', 'Present', 'Address', '75518', 'Smith', 'Corners', 'Suite', '999', 'East', 'Kevin,', 'HI', '05898']","[1, 1, 1, 1, 1, 1, 1, 1, 1, 1, 2, 2, 2, 2, 2, 2, 2, 2, 2, 2, 2]"
"['Emergency', 'Contact', '(948)437-4441']","[17, 17, 17]"
"['KL52', '6263212814', 'Issued', 'on', '25-08-2012', 'Expires', 'on', '04-05-2014']","[5, 5, 18, 6, 6, 18, 7, 7]"
"['Blood', 'Group', 'AB+', 'Organ', 'Donor', 'NO']","[13, 13, 13, 14, 14, 14]"
"['KL18', '6896190289', 'Issued', 'on', '12-12-2016', 'Expires', 'on', '10-10-2019']","[5, 5, 18, 6, 6, 18, 7, 7]"
"['Blood', 'Group', 'A+', 'Organ', 'Donor', 'NO']","[13, 13, 13, 14, 14, 14]"
"['Permanent', 'Address', '694', 'Hudson', 'Branch', 'West', 'Morgan,', 'WI', '70764', 'Present', 'Address', '2689', 'Juan', 'Mountain', 'East', 'Zachary,', 'VA', '93050']","[1, 1, 1, 1, 1, 1, 1, 1, 1, 2, 2, 2, 2, 2, 2, 2, 2, 2]"
"['Permanent', 'Address', '95385', 'Olson', 'Grove', 'North', 'Peter,', 'KY', '31231', 'Present', 'Address', '93781', 'Powers', 'Causeway', 'Tracychester,', 'WA', '12803']","[1, 1, 1, 1, 1, 1, 1, 1, 1, 2, 2, 2, 2, 2, 2, 2, 2]"
"['Blood', 'Group', 'AB+', 'Organ', 'Donor', 'NO']","[13, 13, 13, 14, 14, 14]"
"['Permanent', 'Address', '844', 'Stephen', 'Locks', 'Suite', '187', 'Natalieview,', 'MH', '54777', 'Present', 'Address', '636', 'Michael', 'Hills', 'New', 'Nathanhaven,', 'WA', '80314']","[1, 1, 1, 1, 1, 1, 1, 1, 1, 1, 2, 2, 2, 2, 2, 2, 2, 2, 2]"
"['Emergency', 'Contact', '001-200-627-7291']","[17, 17, 17]"
"['Michael', 'Santos', 'DOB', '28-04-2024']","[0, 0, 3, 3]"
"['Emergency', 'Contact', '(604)835-6605x0337']","[17, 17, 17]"
"['Danielle', 'Johnson', 'DOB', '20-08-2021']","[0, 0, 3, 3]"
"['KL68', '1374988236', 'Issued', 'on', '17-02-2027', 'Expires', 'on', '03-03-2020']","[5, 5, 18, 6, 6, 18, 7, 7]"
"['Blood', 'Group', 'B-', 'Organ', 'Donor', 'NO']","[13, 13, 13, 14, 14, 14]"
"['Alison', 'Sullivan', 'DOB', '16-01-2029']","[0, 0, 3, 3]"
"['KL31', '2185165025', 'Issued', 'on', '16-04-2009', 'Expires', 'on', '05-11-2023']","[5, 5, 18, 6, 6, 18, 7, 7]"
"['Permanent', 'Address', 'USNS', 'Moss', 'FPO', 'AA', '54281', 'Present', 'Address', '419', 'Kellie', 'Mission', 'Suite', '538', 'Ericaton,', 'MS', '62200']","[1, 1, 1, 1, 1, 1, 1, 2, 2, 2, 2, 2, 2, 2, 2, 2, 2]"
"['Blood', 'Group', 'B-', 'Organ', 'Donor', 'YES']","[13, 13, 13, 14, 14, 14]"
"['KL97', '5862020519', 'Issued', 'on', '07-03-2012', 'Expires', 'on', '06-09-2024']","[5, 5, 18, 6, 6, 18, 7, 7]"
"['KL66', '5387233056', 'Issued', 'on', '23-04-2019', 'Expires', 'on', '25-02-2012']","[5, 5, 18, 6, 6, 18, 7, 7]"
"['KL12', '8063812593', 'Issued', 'on', '26-07-2015', 'Expires', 'on', '29-04-2028']","[5, 5, 18, 6, 6, 18, 7, 7]"
"['Blood', 'Group', 'AB+', 'Organ', 'Donor', 'NO']","[13, 13, 13, 14, 14, 14]"
