text,entity_type,entity_value
Mary works at Amazon in London since 1992-09-21,PERSON,Mary
Mary works at Amazon in London since 1992-09-21,ORG,Amazon
Mary works at Amazon in London since 1992-09-21,GPE,London
Tokyo will host the event in 1997-05-25,GPE,Tokyo
The meeting with Mary from Google is scheduled for 1989-07-27,PERSON,Mary
The meeting with Mary from Google is scheduled for 1989-07-27,ORG,Google
Mary attended a conference on 1978-05-18,PERSON,Mary
Microsoft announced new projects starting 1992-06-06,ORG,Microsoft
Mary attended a conference on 1987-09-04,PERSON,Mary
Alex works at Meta in London since 1991-08-29,PERSON,Alex
Alex works at Meta in London since 1991-08-29,ORG,Meta
Alex works at Meta in London since 1991-08-29,GPE,London
The meeting with John from Amazon is scheduled for 1972-10-03,PERSON,John
The meeting with John from Amazon is scheduled for 1972-10-03,ORG,Amazon
Meta announced new projects starting 2003-01-10,ORG,Meta
Paris will host the event in 1993-04-06,GPE,Paris
The meeting with Mary from Microsoft is scheduled for 2006-10-27,PERSON,Mary
The meeting with Mary from Microsoft is scheduled for 2006-10-27,ORG,Microsoft
Google announced new projects starting 2012-09-10,ORG,Google
Tokyo will host the event in 1980-04-03,GPE,Tokyo
London will host the event in 1978-10-08,GPE,London
Meta announced new projects starting 1984-08-09,ORG,Meta
Amazon announced new projects starting 2019-11-16,ORG,Amazon
Tokyo will host the event in 2016-06-05,GPE,Tokyo
Sara works at Microsoft in Tokyo since 2023-02-28,PERSON,Sara
Sara works at Microsoft in Tokyo since 2023-02-28,ORG,Microsoft
Sara works at Microsoft in Tokyo since 2023-02-28,GPE,Tokyo
John works at Microsoft in New York since 1989-05-08,PERSON,John
John works at Microsoft in New York since 1989-05-08,ORG,Microsoft
Mary attended a conference on 2006-05-01,PERSON,Mary
Paris will host the event in 2014-01-15,GPE,Paris
London will host the event in 2009-06-10,GPE,London
The meeting with Alex from Amazon is scheduled for 1993-12-07,PERSON,Alex
The meeting with Alex from Amazon is scheduled for 1993-12-07,ORG,Amazon
Alex attended a conference on 2024-12-18,PERSON,Alex
The meeting with John from Amazon is scheduled for 1991-06-19,PERSON,John
The meeting with John from Amazon is scheduled for 1991-06-19,ORG,Amazon
The meeting with John from Microsoft is scheduled for 2004-11-11,PERSON,John
The meeting with John from Microsoft is scheduled for 2004-11-11,ORG,Microsoft
Sara works at Meta in London since 2009-03-02,PERSON,Sara
Sara works at Meta in London since 2009-03-02,ORG,Meta
Sara works at Meta in London since 2009-03-02,GPE,London
Sara works at Google in Paris since 1996-02-10,PERSON,Sara
Sara works at Google in Paris since 1996-02-10,ORG,Google
Sara works at Google in Paris since 1996-02-10,GPE,Paris
The meeting with Alex from Microsoft is scheduled for 2015-02-13,PERSON,Alex
The meeting with Alex from Microsoft is scheduled for 2015-02-13,ORG,Microsoft
Microsoft announced new projects starting 2019-01-14,ORG,Microsoft
Alex attended a conference on 1994-11-02,PERSON,Alex
Paris will host the event in 1991-11-19,GPE,Paris
Microsoft announced new projects starting 2019-10-01,ORG,Microsoft
Meta announced new projects starting 2015-12-29,ORG,Meta
Alex attended a conference on 1981-09-30,PERSON,Alex
John attended a conference on 1988-04-12,PERSON,John
Paris will host the event in 2018-06-12,GPE,Paris
Amazon announced new projects starting 2020-10-09,ORG,Amazon
Tokyo will host the event in 2022-08-23,GPE,Tokyo
Amazon announced new projects starting 2009-03-18,ORG,Amazon
London will host the event in 1992-10-24,GPE,London
The meeting with Mary from Meta is scheduled for 2013-03-29,PERSON,Mary
The meeting with Mary from Meta is scheduled for 2013-03-29,ORG,Meta
Meta announced new projects starting 1994-07-12,ORG,Meta
Alex works at Meta in Paris since 2011-06-21,PERSON,Alex
Alex works at Meta in Paris since 2011-06-21,ORG,Meta
Alex works at Meta in Paris since 2011-06-21,GPE,Paris
Meta announced new projects starting 2002-02-26,ORG,Meta
The meeting with Mary from Amazon is scheduled for 1993-10-21,PERSON,Mary
The meeting with Mary from Amazon is scheduled for 1993-10-21,ORG,Amazon
London will host the event in 2014-05-05,GPE,London
John works at Microsoft in London since 1979-05-29,PERSON,John
John works at Microsoft in London since 1979-05-29,ORG,Microsoft
John works at Microsoft in London since 1979-05-29,GPE,London
Tokyo will host the event in 2012-03-27,GPE,Tokyo
The meeting with Sara from Microsoft is scheduled for 1978-09-08,PERSON,Sara
The meeting with Sara from Microsoft is scheduled for 1978-09-08,ORG,Microsoft
Microsoft announced new projects starting 1996-08-27,ORG,Microsoft
Amazon announced new projects starting 1991-11-22,ORG,Amazon
Sara works at Meta in Tokyo since 1997-10-16,PERSON,Sara
Sara works at Meta in Tokyo since 1997-10-16,ORG,Meta
Sara works at Meta in Tokyo since 1997-10-16,GPE,Tokyo
Mary works at Google in Paris since 1984-02-23,PERSON,Mary
Mary works at Google in Paris since 1984-02-23,ORG,Google
Mary works at Google in Paris since 1984-02-23,GPE,Paris
Sara works at Microsoft in Paris since 2022-02-08,PERSON,Sara
Sara works at Microsoft in Paris since 2022-02-08,ORG,Microsoft
Sara works at Microsoft in Paris since 2022-02-08,GPE,Paris
Meta announced new projects starting 2022-08-05,ORG,Meta
Tokyo will host the event in 1983-04-08,GPE,Tokyo
Meta announced new projects starting 2022-12-16,ORG,Meta
Amazon announced new projects starting 2003-01-01,ORG,Amazon
Mary attended a conference on 1979-05-16,PERSON,Mary
Paris will host the event in 2022-02-04,GPE,Paris
Tokyo will host the event in 1999-03-26,GPE,Tokyo
Alex attended a conference on 2005-05-05,PERSON,Alex
Meta announced new projects starting 2005-11-13,ORG,Meta
Sara works at Amazon in New York since 1994-08-21,PERSON,Sara
Sara works at Amazon in New York since 1994-08-21,ORG,Amazon
John attended a conference on 1997-08-08,PERSON,John
Microsoft announced new projects starting 2012-05-15,ORG,Microsoft
Mary works at Meta in London since 1990-03-02,PERSON,Mary
Mary works at Meta in London since 1990-03-02,ORG,Meta
Mary works at Meta in London since 1990-03-02,GPE,London
Meta announced new projects starting 1977-12-23,ORG,Meta
Paris will host the event in 2014-09-30,GPE,Paris
Sara works at Google in Paris since 2003-09-23,PERSON,Sara
Sara works at Google in Paris since 2003-09-23,ORG,Google
Sara works at Google in Paris since 2003-09-23,GPE,Paris
Meta announced new projects starting 2002-02-15,ORG,Meta
Sara works at Google in London since 1994-05-11,PERSON,Sara
Sara works at Google in London since 1994-05-11,ORG,Google
Sara works at Google in London since 1994-05-11,GPE,London
The meeting with Sara from Microsoft is scheduled for 2017-06-06,PERSON,Sara
The meeting with Sara from Microsoft is scheduled for 2017-06-06,ORG,Microsoft
Alex attended a conference on 1971-11-19,PERSON,Alex
The meeting with Mary from Amazon is scheduled for 2023-02-03,PERSON,Mary
The meeting with Mary from Amazon is scheduled for 2023-02-03,ORG,Amazon
Mary attended a conference on 1990-11-03,PERSON,Mary
John attended a conference on 2009-11-20,PERSON,John
Alex works at Amazon in Paris since 2006-04-07,PERSON,Alex
Alex works at Amazon in Paris since 2006-04-07,ORG,Amazon
Alex works at Amazon in Paris since 2006-04-07,GPE,Paris
Google announced new projects starting 1989-02-12,ORG,Google
John works at Google in New York since 1993-10-21,PERSON,John
John works at Google in New York since 1993-10-21,ORG,Google
Paris will host the event in 2003-03-29,GPE,Paris
Alex attended a conference on 1976-09-25,PERSON,Alex
John works at Meta in New York since 1981-01-28,PERSON,John
John works at Meta in New York since 1981-01-28,ORG,Meta
Google announced new projects starting 2004-04-28,ORG,Google
Alex works at Microsoft in New York since 2002-02-28,PERSON,Alex
Alex works at Microsoft in New York since 2002-02-28,ORG,Microsoft
Google announced new projects starting 1992-07-29,ORG,Google
Mary works at Microsoft in Tokyo since 1991-08-29,PERSON,Mary
Mary works at Microsoft in Tokyo since 1991-08-29,ORG,Microsoft
Mary works at Microsoft in Tokyo since 1991-08-29,GPE,Tokyo
London will host the event in 2018-05-07,GPE,London
Mary attended a conference on 1992-07-18,PERSON,Mary
Sara works at Meta in New York since 1980-12-14,PERSON,Sara
Sara works at Meta in New York since 1980-12-14,ORG,Meta
The meeting with Alex from Meta is scheduled for 1991-06-18,PERSON,Alex
The meeting with Alex from Meta is scheduled for 1991-06-18,ORG,Meta
Google announced new projects starting 2024-03-17,ORG,Google
John works at Amazon in London since 1989-02-10,PERSON,John
John works at Amazon in London since 1989-02-10,ORG,Amazon
John works at Amazon in London since 1989-02-10,GPE,London
Google announced new projects starting 1992-09-30,ORG,Google
Sara works at Amazon in Tokyo since 1982-03-01,PERSON,Sara
Sara works at Amazon in Tokyo since 1982-03-01,ORG,Amazon
Sara works at Amazon in Tokyo since 1982-03-01,GPE,Tokyo
Sara works at Google in New York since 2007-06-13,PERSON,Sara
Sara works at Google in New York since 2007-06-13,ORG,Google
The meeting with Alex from Microsoft is scheduled for 1993-01-25,PERSON,Alex
The meeting with Alex from Microsoft is scheduled for 1993-01-25,ORG,Microsoft
Meta announced new projects starting 1980-03-25,ORG,Meta
Tokyo will host the event in 2014-11-19,GPE,Tokyo
Alex works at Google in Paris since 1988-11-01,PERSON,Alex
Alex works at Google in Paris since 1988-11-01,ORG,Google
Alex works at Google in Paris since 1988-11-01,GPE,Paris
Paris will host the event in 2012-07-26,GPE,Paris
The meeting with John from Microsoft is scheduled for 1974-05-22,PERSON,John
The meeting with John from Microsoft is scheduled for 1974-05-22,ORG,Microsoft
Amazon announced new projects starting 2005-12-05,ORG,Amazon
Google announced new projects starting 2003-09-23,ORG,Google
Amazon announced new projects starting 1989-07-25,ORG,Amazon
Tokyo will host the event in 2019-06-14,GPE,Tokyo
Tokyo will host the event in 1999-12-03,GPE,Tokyo
Sara works at Meta in Paris since 2017-04-04,PERSON,Sara
Sara works at Meta in Paris since 2017-04-04,ORG,Meta
Sara works at Meta in Paris since 2017-04-04,GPE,Paris
The meeting with John from Microsoft is scheduled for 1995-07-03,PERSON,John
The meeting with John from Microsoft is scheduled for 1995-07-03,ORG,Microsoft
The meeting with Mary from Microsoft is scheduled for 2015-12-07,PERSON,Mary
The meeting with Mary from Microsoft is scheduled for 2015-12-07,ORG,Microsoft
Microsoft announced new projects starting 2020-09-27,ORG,Microsoft
Microsoft announced new projects starting 2004-11-21,ORG,Microsoft
Mary works at Meta in New York since 1995-03-04,PERSON,Mary
Mary works at Meta in New York since 1995-03-04,ORG,Meta
Alex attended a conference on 1990-01-03,PERSON,Alex
John works at Microsoft in London since 2001-09-13,PERSON,John
John works at Microsoft in London since 2001-09-13,ORG,Microsoft
John works at Microsoft in London since 2001-09-13,GPE,London
Sara attended a conference on 2000-07-18,PERSON,Sara
Meta announced new projects starting 2006-06-10,ORG,Meta
Meta announced new projects starting 1971-02-10,ORG,Meta
Microsoft announced new projects starting 1984-06-20,ORG,Microsoft
London will host the event in 1975-09-02,GPE,London
The meeting with John from Amazon is scheduled for 1981-06-09,PERSON,John
The meeting with John from Amazon is scheduled for 1981-06-09,ORG,Amazon
Google announced new projects starting 1980-02-04,ORG,Google
Tokyo will host the event in 1997-10-20,GPE,Tokyo
Alex attended a conference on 1976-10-12,PERSON,Alex
The meeting with Mary from Google is scheduled for 2023-08-29,PERSON,Mary
The meeting with Mary from Google is scheduled for 2023-08-29,ORG,Google
Paris will host the event in 1975-04-24,GPE,Paris
Sara works at Microsoft in New York since 1972-07-28,PERSON,Sara
Sara works at Microsoft in New York since 1972-07-28,ORG,Microsoft
The meeting with John from Meta is scheduled for 1992-10-07,PERSON,John
The meeting with John from Meta is scheduled for 1992-10-07,ORG,Meta
Meta announced new projects starting 1970-10-21,ORG,Meta
John attended a conference on 2008-11-03,PERSON,John
London will host the event in 2003-07-21,GPE,London
The meeting with Mary from Google is scheduled for 2010-08-18,PERSON,Mary
The meeting with Mary from Google is scheduled for 2010-08-18,ORG,Google
The meeting with Alex from Microsoft is scheduled for 2023-10-15,PERSON,Alex
The meeting with Alex from Microsoft is scheduled for 2023-10-15,ORG,Microsoft
Google announced new projects starting 1974-08-30,ORG,Google
Alex works at Microsoft in New York since 1972-03-07,PERSON,Alex
Alex works at Microsoft in New York since 1972-03-07,ORG,Microsoft
John works at Meta in Tokyo since 1998-08-15,PERSON,John
John works at Meta in Tokyo since 1998-08-15,ORG,Meta
John works at Meta in Tokyo since 1998-08-15,GPE,Tokyo
Tokyo will host the event in 2006-01-14,GPE,Tokyo
Amazon announced new projects starting 2018-06-03,ORG,Amazon
Alex attended a conference on 2023-07-05,PERSON,Alex
Sara attended a conference on 2016-11-06,PERSON,Sara
London will host the event in 2001-04-15,GPE,London
Mary attended a conference on 1982-08-17,PERSON,Mary
Amazon announced new projects starting 1978-02-23,ORG,Amazon
Alex attended a conference on 1974-03-27,PERSON,Alex
Amazon announced new projects starting 2007-08-19,ORG,Amazon
London will host the event in 2009-08-09,GPE,London
Mary attended a conference on 1983-01-23,PERSON,Mary
London will host the event in 2021-05-23,GPE,London
Amazon announced new projects starting 1972-01-07,ORG,Amazon
Google announced new projects starting 1999-07-09,ORG,Google
John attended a conference on 2003-12-16,PERSON,John
The meeting with Alex from Meta is scheduled for 2020-09-30,PERSON,Alex
The meeting with Alex from Meta is scheduled for 2020-09-30,ORG,Meta
The meeting with Alex from Meta is scheduled for 1987-05-11,PERSON,Alex
The meeting with Alex from Meta is scheduled for 1987-05-11,ORG,Meta
Mary works at Google in London since 1986-03-26,PERSON,Mary
Mary works at Google in London since 1986-03-26,ORG,Google
Mary works at Google in London since 1986-03-26,GPE,London
Meta announced new projects starting 2024-12-17,ORG,Meta
Alex works at Google in Paris since 2023-01-28,PERSON,Alex
Alex works at Google in Paris since 2023-01-28,ORG,Google
Alex works at Google in Paris since 2023-01-28,GPE,Paris
The meeting with Sara from Amazon is scheduled for 2002-11-14,PERSON,Sara
The meeting with Sara from Amazon is scheduled for 2002-11-14,ORG,Amazon
Tokyo will host the event in 2018-09-13,GPE,Tokyo
London will host the event in 2011-09-22,GPE,London
Mary works at Microsoft in Tokyo since 2005-08-23,PERSON,Mary
Mary works at Microsoft in Tokyo since 2005-08-23,ORG,Microsoft
Mary works at Microsoft in Tokyo since 2005-08-23,GPE,Tokyo
Meta announced new projects starting 1999-08-27,ORG,Meta
Meta announced new projects starting 1997-03-20,ORG,Meta
The meeting with Sara from Meta is scheduled for 2021-11-07,PERSON,Sara
The meeting with Sara from Meta is scheduled for 2021-11-07,ORG,Meta
Paris will host the event in 1975-01-18,GPE,Paris
Sara works at Meta in New York since 1984-09-05,PERSON,Sara
Sara works at Meta in New York since 1984-09-05,ORG,Meta
Microsoft announced new projects starting 1977-03-14,ORG,Microsoft
The meeting with Alex from Google is scheduled for 2019-03-13,PERSON,Alex
The meeting with Alex from Google is scheduled for 2019-03-13,ORG,Google
The meeting with Alex from Amazon is scheduled for 1992-07-04,PERSON,Alex
The meeting with Alex from Amazon is scheduled for 1992-07-04,ORG,Amazon
Google announced new projects starting 2006-09-13,ORG,Google
Microsoft announced new projects starting 2010-09-08,ORG,Microsoft
Sara works at Meta in Paris since 1974-08-23,PERSON,Sara
Sara works at Meta in Paris since 1974-08-23,ORG,Meta
Sara works at Meta in Paris since 1974-08-23,GPE,Paris
Mary works at Google in London since 2020-02-28,PERSON,Mary
Mary works at Google in London since 2020-02-28,ORG,Google
Mary works at Google in London since 2020-02-28,GPE,London
Sara attended a conference on 1983-03-26,PERSON,Sara
Meta announced new projects starting 2008-06-25,ORG,Meta
Mary attended a conference on 1972-07-13,PERSON,Mary
John works at Meta in Paris since 1976-10-03,PERSON,John
John works at Meta in Paris since 1976-10-03,ORG,Meta
John works at Meta in Paris since 1976-10-03,GPE,Paris
Meta announced new projects starting 1995-02-11,ORG,Meta
Sara works at Amazon in London since 1987-07-10,PERSON,Sara
Sara works at Amazon in London since 1987-07-10,ORG,Amazon
Sara works at Amazon in London since 1987-07-10,GPE,London
John attended a conference on 1982-03-03,PERSON,John
The meeting with Sara from Google is scheduled for 2009-04-14,PERSON,Sara
The meeting with Sara from Google is scheduled for 2009-04-14,ORG,Google
Meta announced new projects starting 1991-04-06,ORG,Meta
Tokyo will host the event in 1980-04-18,GPE,Tokyo
London will host the event in 2000-05-13,GPE,London
Google announced new projects starting 1974-10-06,ORG,Google
London will host the event in 2020-04-01,GPE,London
The meeting with Sara from Meta is scheduled for 1997-11-17,PERSON,Sara
The meeting with Sara from Meta is scheduled for 1997-11-17,ORG,Meta
The meeting with John from Microsoft is scheduled for 2013-09-07,PERSON,John
The meeting with John from Microsoft is scheduled for 2013-09-07,ORG,Microsoft
Alex works at Meta in London since 2014-03-23,PERSON,Alex
Alex works at Meta in London since 2014-03-23,ORG,Meta
Alex works at Meta in London since 2014-03-23,GPE,London
The meeting with Sara from Microsoft is scheduled for 1992-05-01,PERSON,Sara
The meeting with Sara from Microsoft is scheduled for 1992-05-01,ORG,Microsoft
The meeting with Sara from Google is scheduled for 1971-10-29,PERSON,Sara
The meeting with Sara from Google is scheduled for 1971-10-29,ORG,Google
Paris will host the event in 2014-11-13,GPE,Paris
The meeting with Alex from Amazon is scheduled for 2019-04-18,PERSON,Alex
The meeting with Alex from Amazon is scheduled for 2019-04-18,ORG,Amazon
Paris will host the event in 1978-10-12,GPE,Paris
Amazon announced new projects starting 2017-04-03,ORG,Amazon
Paris will host the event in 1979-01-08,GPE,Paris
The meeting with John from Meta is scheduled for 2005-07-30,PERSON,John
The meeting with John from Meta is scheduled for 2005-07-30,ORG,Meta
Alex works at Meta in Tokyo since 1999-06-09,PERSON,Alex
Alex works at Meta in Tokyo since 1999-06-09,ORG,Meta
Alex works at Meta in Tokyo since 1999-06-09,GPE,Tokyo
The meeting with Alex from Google is scheduled for 1992-01-03,PERSON,Alex
The meeting with Alex from Google is scheduled for 1992-01-03,ORG,Google
Paris will host the event in 2018-10-29,GPE,Paris
John works at Microsoft in Tokyo since 1970-04-03,PERSON,John
John works at Microsoft in Tokyo since 1970-04-03,ORG,Microsoft
John works at Microsoft in Tokyo since 1970-04-03,GPE,Tokyo
John works at Microsoft in Tokyo since 1989-06-10,PERSON,John
John works at Microsoft in Tokyo since 1989-06-10,ORG,Microsoft
John works at Microsoft in Tokyo since 1989-06-10,GPE,Tokyo
Alex attended a conference on 1979-11-20,PERSON,Alex
Alex attended a conference on 2011-10-11,PERSON,Alex
Alex works at Amazon in Tokyo since 1997-01-10,PERSON,Alex
Alex works at Amazon in Tokyo since 1997-01-10,ORG,Amazon
Alex works at Amazon in Tokyo since 1997-01-10,GPE,Tokyo
Mary works at Microsoft in Paris since 2005-04-27,PERSON,Mary
Mary works at Microsoft in Paris since 2005-04-27,ORG,Microsoft
Mary works at Microsoft in Paris since 2005-04-27,GPE,Paris
The meeting with John from Amazon is scheduled for 2002-01-26,PERSON,John
The meeting with John from Amazon is scheduled for 2002-01-26,ORG,Amazon
Meta announced new projects starting 2006-07-23,ORG,Meta
The meeting with Alex from Amazon is scheduled for 2001-07-19,PERSON,Alex
The meeting with Alex from Amazon is scheduled for 2001-07-19,ORG,Amazon
London will host the event in 1988-01-07,GPE,London
Sara works at Google in Tokyo since 2016-03-14,PERSON,Sara
Sara works at Google in Tokyo since 2016-03-14,ORG,Google
Sara works at Google in Tokyo since 2016-03-14,GPE,Tokyo
Amazon announced new projects starting 1991-07-23,ORG,Amazon
London will host the event in 2016-06-10,GPE,London
Mary works at Amazon in London since 2024-11-19,PERSON,Mary
Mary works at Amazon in London since 2024-11-19,ORG,Amazon
Mary works at Amazon in London since 2024-11-19,GPE,London
John attended a conference on 1972-03-01,PERSON,John
Alex attended a conference on 1973-06-01,PERSON,Alex
Tokyo will host the event in 1977-12-21,GPE,Tokyo
John works at Amazon in Paris since 2011-08-19,PERSON,John
John works at Amazon in Paris since 2011-08-19,ORG,Amazon
John works at Amazon in Paris since 2011-08-19,GPE,Paris
Amazon announced new projects starting 2013-01-17,ORG,Amazon
John attended a conference on 2002-04-13,PERSON,John
Microsoft announced new projects starting 2020-07-24,ORG,Microsoft
The meeting with Mary from Google is scheduled for 1983-06-22,PERSON,Mary
The meeting with Mary from Google is scheduled for 1983-06-22,ORG,Google
Alex attended a conference on 2016-11-20,PERSON,Alex
The meeting with Sara from Google is scheduled for 1985-08-06,PERSON,Sara
The meeting with Sara from Google is scheduled for 1985-08-06,ORG,Google
Meta announced new projects starting 1973-06-21,ORG,Meta
John works at Amazon in New York since 1992-07-12,PERSON,John
John works at Amazon in New York since 1992-07-12,ORG,Amazon
John attended a conference on 2018-03-17,PERSON,John
The meeting with Sara from Microsoft is scheduled for 2004-06-22,PERSON,Sara
The meeting with Sara from Microsoft is scheduled for 2004-06-22,ORG,Microsoft
Microsoft announced new projects starting 1991-05-06,ORG,Microsoft
Google announced new projects starting 1977-02-21,ORG,Google
Sara works at Microsoft in Paris since 2015-07-09,PERSON,Sara
Sara works at Microsoft in Paris since 2015-07-09,ORG,Microsoft
Sara works at Microsoft in Paris since 2015-07-09,GPE,Paris
John works at Microsoft in London since 2024-03-27,PERSON,John
John works at Microsoft in London since 2024-03-27,ORG,Microsoft
John works at Microsoft in London since 2024-03-27,GPE,London
Google announced new projects starting 1975-06-04,ORG,Google
The meeting with Alex from Microsoft is scheduled for 2019-08-20,PERSON,Alex
The meeting with Alex from Microsoft is scheduled for 2019-08-20,ORG,Microsoft
Amazon announced new projects starting 1998-11-24,ORG,Amazon
Alex attended a conference on 1990-09-25,PERSON,Alex
Sara works at Microsoft in Paris since 2013-11-14,PERSON,Sara
Sara works at Microsoft in Paris since 2013-11-14,ORG,Microsoft
Sara works at Microsoft in Paris since 2013-11-14,GPE,Paris
Mary works at Amazon in Paris since 1982-04-01,PERSON,Mary
Mary works at Amazon in Paris since 1982-04-01,ORG,Amazon
Mary works at Amazon in Paris since 1982-04-01,GPE,Paris
The meeting with John from Google is scheduled for 2012-02-24,PERSON,John
The meeting with John from Google is scheduled for 2012-02-24,ORG,Google
Meta announced new projects starting 2009-06-02,ORG,Meta
The meeting with John from Amazon is scheduled for 2017-03-09,PERSON,John
The meeting with John from Amazon is scheduled for 2017-03-09,ORG,Amazon
Sara attended a conference on 2010-06-27,PERSON,Sara
The meeting with John from Meta is scheduled for 2009-11-16,PERSON,John
The meeting with John from Meta is scheduled for 2009-11-16,ORG,Meta
Google announced new projects starting 1992-07-05,ORG,Google
Meta announced new projects starting 1998-10-05,ORG,Meta
Mary works at Meta in London since 1975-11-13,PERSON,Mary
Mary works at Meta in London since 1975-11-13,ORG,Meta
Mary works at Meta in London since 1975-11-13,GPE,London
The meeting with John from Google is scheduled for 2022-09-09,PERSON,John
The meeting with John from Google is scheduled for 2022-09-09,ORG,Google
Mary attended a conference on 1993-04-22,PERSON,Mary
Sara attended a conference on 1989-10-29,PERSON,Sara
Paris will host the event in 2016-02-16,GPE,Paris
Google announced new projects starting 1989-07-20,ORG,Google
Tokyo will host the event in 1974-09-22,GPE,Tokyo
The meeting with Mary from Google is scheduled for 1993-02-03,PERSON,Mary
The meeting with Mary from Google is scheduled for 1993-02-03,ORG,Google
John attended a conference on 2015-10-02,PERSON,John
Alex attended a conference on 2024-11-23,PERSON,Alex
The meeting with John from Amazon is scheduled for 2002-06-01,PERSON,John
The meeting with John from Amazon is scheduled for 2002-06-01,ORG,Amazon
Microsoft announced new projects starting 1978-10-07,ORG,Microsoft
Alex attended a conference on 2023-09-19,PERSON,Alex
The meeting with Mary from Google is scheduled for 1978-12-31,PERSON,Mary
The meeting with Mary from Google is scheduled for 1978-12-31,ORG,Google
John attended a conference on 1995-05-20,PERSON,John
Sara attended a conference on 2022-07-13,PERSON,Sara
The meeting with John from Microsoft is scheduled for 1976-10-22,PERSON,John
The meeting with John from Microsoft is scheduled for 1976-10-22,ORG,Microsoft
Mary works at Google in New York since 1978-07-05,PERSON,Mary
Mary works at Google in New York since 1978-07-05,ORG,Google
Microsoft announced new projects starting 1995-12-23,ORG,Microsoft
Paris will host the event in 1994-01-22,GPE,Paris
Sara attended a conference on 1994-09-13,PERSON,Sara
Google announced new projects starting 1981-07-03,ORG,Google
Sara attended a conference on 2016-10-08,PERSON,Sara
Google announced new projects starting 1991-02-14,ORG,Google
Amazon announced new projects starting 1996-09-08,ORG,Amazon
Tokyo will host the event in 1972-10-24,GPE,Tokyo
Meta announced new projects starting 2007-05-12,ORG,Meta
London will host the event in 1994-07-26,GPE,London
Alex attended a conference on 2000-11-07,PERSON,Alex
John works at Google in Tokyo since 2023-06-13,PERSON,John
John works at Google in Tokyo since 2023-06-13,ORG,Google
John works at Google in Tokyo since 2023-06-13,GPE,Tokyo
Microsoft announced new projects starting 2004-09-08,ORG,Microsoft
Mary attended a conference on 2023-05-16,PERSON,Mary
London will host the event in 2019-01-01,GPE,London
Amazon announced new projects starting 1987-05-06,ORG,Amazon
Tokyo will host the event in 1992-06-19,GPE,Tokyo
The meeting with Alex from Meta is scheduled for 1973-03-03,PERSON,Alex
The meeting with Alex from Meta is scheduled for 1973-03-03,ORG,Meta
Google announced new projects starting 2008-05-25,ORG,Google
Amazon announced new projects starting 1983-08-20,ORG,Amazon
London will host the event in 2023-01-14,GPE,London
Alex attended a conference on 2002-03-24,PERSON,Alex
Sara attended a conference on 1976-12-06,PERSON,Sara
The meeting with Mary from Microsoft is scheduled for 1991-05-07,PERSON,Mary
The meeting with Mary from Microsoft is scheduled for 1991-05-07,ORG,Microsoft
John works at Microsoft in London since 1999-11-23,PERSON,John
John works at Microsoft in London since 1999-11-23,ORG,Microsoft
John works at Microsoft in London since 1999-11-23,GPE,London
Alex works at Meta in London since 2004-04-07,PERSON,Alex
Alex works at Meta in London since 2004-04-07,ORG,Meta
Alex works at Meta in London since 2004-04-07,GPE,London
Alex works at Meta in London since 2010-12-29,PERSON,Alex
Alex works at Meta in London since 2010-12-29,ORG,Meta
Alex works at Meta in London since 2010-12-29,GPE,London
Mary attended a conference on 1970-12-28,PERSON,Mary
Alex works at Google in Tokyo since 1979-02-06,PERSON,Alex
Alex works at Google in Tokyo since 1979-02-06,ORG,Google
Alex works at Google in Tokyo since 1979-02-06,GPE,Tokyo
The meeting with John from Microsoft is scheduled for 2001-03-02,PERSON,John
The meeting with John from Microsoft is scheduled for 2001-03-02,ORG,Microsoft
Alex attended a conference on 1983-01-28,PERSON,Alex
Paris will host the event in 2014-08-16,GPE,Paris
Amazon announced new projects starting 2001-01-15,ORG,Amazon
Mary attended a conference on 1977-11-02,PERSON,Mary
Microsoft announced new projects starting 2021-08-13,ORG,Microsoft
The meeting with Sara from Meta is scheduled for 1985-06-08,PERSON,Sara
The meeting with Sara from Meta is scheduled for 1985-06-08,ORG,Meta
Alex works at Microsoft in Paris since 2003-09-07,PERSON,Alex
Alex works at Microsoft in Paris since 2003-09-07,ORG,Microsoft
Alex works at Microsoft in Paris since 2003-09-07,GPE,Paris
Mary attended a conference on 2008-04-02,PERSON,Mary
The meeting with Alex from Microsoft is scheduled for 1982-02-03,PERSON,Alex
The meeting with Alex from Microsoft is scheduled for 1982-02-03,ORG,Microsoft
Paris will host the event in 2018-06-15,GPE,Paris
Microsoft announced new projects starting 1984-02-14,ORG,Microsoft
The meeting with Sara from Meta is scheduled for 2009-07-28,PERSON,Sara
The meeting with Sara from Meta is scheduled for 2009-07-28,ORG,Meta
The meeting with John from Microsoft is scheduled for 2004-10-14,PERSON,John
The meeting with John from Microsoft is scheduled for 2004-10-14,ORG,Microsoft
Amazon announced new projects starting 1973-10-25,ORG,Amazon
Alex works at Amazon in Paris since 2017-09-11,PERSON,Alex
Alex works at Amazon in Paris since 2017-09-11,ORG,Amazon
Alex works at Amazon in Paris since 2017-09-11,GPE,Paris
Microsoft announced new projects starting 1975-06-17,ORG,Microsoft
John attended a conference on 2019-11-26,PERSON,John
The meeting with Sara from Google is scheduled for 1983-01-04,PERSON,Sara
The meeting with Sara from Google is scheduled for 1983-01-04,ORG,Google
The meeting with Sara from Amazon is scheduled for 2005-09-10,PERSON,Sara
The meeting with Sara from Amazon is scheduled for 2005-09-10,ORG,Amazon
Mary attended a conference on 1994-05-18,PERSON,Mary
John attended a conference on 1982-08-24,PERSON,John
Sara works at Meta in London since 2024-09-03,PERSON,Sara
Sara works at Meta in London since 2024-09-03,ORG,Meta
Sara works at Meta in London since 2024-09-03,GPE,London
Google announced new projects starting 2004-07-19,ORG,Google
Google announced new projects starting 1977-04-30,ORG,Google
Sara works at Google in London since 2022-05-11,PERSON,Sara
Sara works at Google in London since 2022-05-11,ORG,Google
Sara works at Google in London since 2022-05-11,GPE,London
Sara attended a conference on 1972-11-04,PERSON,Sara
Paris will host the event in 2017-06-14,GPE,Paris
Paris will host the event in 1984-03-24,GPE,Paris
John attended a conference on 2013-11-17,PERSON,John
Alex attended a conference on 2024-07-27,PERSON,Alex
Microsoft announced new projects starting 1982-05-08,ORG,Microsoft
Amazon announced new projects starting 2016-06-13,ORG,Amazon
Mary attended a conference on 2017-03-12,PERSON,Mary
John attended a conference on 2023-01-05,PERSON,John
Meta announced new projects starting 1987-02-07,ORG,Meta
Amazon announced new projects starting 2001-11-02,ORG,Amazon
Sara works at Meta in New York since 2003-10-31,PERSON,Sara
Sara works at Meta in New York since 2003-10-31,ORG,Meta
The meeting with Mary from Amazon is scheduled for 1987-04-19,PERSON,Mary
The meeting with Mary from Amazon is scheduled for 1987-04-19,ORG,Amazon
Mary works at Meta in Paris since 2024-07-14,PERSON,Mary
Mary works at Meta in Paris since 2024-07-14,ORG,Meta
Mary works at Meta in Paris since 2024-07-14,GPE,Paris
The meeting with Alex from Microsoft is scheduled for 1986-01-03,PERSON,Alex
The meeting with Alex from Microsoft is scheduled for 1986-01-03,ORG,Microsoft
Mary attended a conference on 2003-05-08,PERSON,Mary
The meeting with John from Amazon is scheduled for 1999-05-19,PERSON,John
The meeting with John from Amazon is scheduled for 1999-05-19,ORG,Amazon
Alex attended a conference on 1982-08-22,PERSON,Alex
The meeting with Alex from Amazon is scheduled for 1972-09-18,PERSON,Alex
The meeting with Alex from Amazon is scheduled for 1972-09-18,ORG,Amazon
Alex attended a conference on 2013-05-16,PERSON,Alex
Microsoft announced new projects starting 2021-08-07,ORG,Microsoft
Microsoft announced new projects starting 1995-01-15,ORG,Microsoft
Alex attended a conference on 1992-02-24,PERSON,Alex
Sara works at Amazon in Paris since 1998-04-29,PERSON,Sara
Sara works at Amazon in Paris since 1998-04-29,ORG,Amazon
Sara works at Amazon in Paris since 1998-04-29,GPE,Paris
London will host the event in 2016-11-28,GPE,London
John works at Google in New York since 1979-08-26,PERSON,John
John works at Google in New York since 1979-08-26,ORG,Google
Sara works at Microsoft in Paris since 1983-05-12,PERSON,Sara
Sara works at Microsoft in Paris since 1983-05-12,ORG,Microsoft
Sara works at Microsoft in Paris since 1983-05-12,GPE,Paris
The meeting with Mary from Meta is scheduled for 1971-07-27,PERSON,Mary
The meeting with Mary from Meta is scheduled for 1971-07-27,ORG,Meta
Alex works at Amazon in New York since 1994-01-28,PERSON,Alex
Alex works at Amazon in New York since 1994-01-28,ORG,Amazon
Amazon announced new projects starting 2012-04-21,ORG,Amazon
John attended a conference on 1987-12-22,PERSON,John
The meeting with Alex from Meta is scheduled for 1987-12-03,PERSON,Alex
The meeting with Alex from Meta is scheduled for 1987-12-03,ORG,Meta
Alex attended a conference on 1976-10-20,PERSON,Alex
The meeting with John from Google is scheduled for 2009-09-11,PERSON,John
The meeting with John from Google is scheduled for 2009-09-11,ORG,Google
The meeting with Sara from Google is scheduled for 1996-01-03,PERSON,Sara
The meeting with Sara from Google is scheduled for 1996-01-03,ORG,Google
The meeting with Mary from Meta is scheduled for 1998-05-10,PERSON,Mary
The meeting with Mary from Meta is scheduled for 1998-05-10,ORG,Meta
Sara works at Meta in New York since 1977-11-28,PERSON,Sara
Sara works at Meta in New York since 1977-11-28,ORG,Meta
The meeting with Sara from Amazon is scheduled for 1974-10-15,PERSON,Sara
The meeting with Sara from Amazon is scheduled for 1974-10-15,ORG,Amazon
Paris will host the event in 1993-05-11,GPE,Paris
Amazon announced new projects starting 2014-10-12,ORG,Amazon
The meeting with Sara from Google is scheduled for 1997-05-14,PERSON,Sara
The meeting with Sara from Google is scheduled for 1997-05-14,ORG,Google
Meta announced new projects starting 2017-11-14,ORG,Meta
The meeting with Mary from Google is scheduled for 1982-07-12,PERSON,Mary
The meeting with Mary from Google is scheduled for 1982-07-12,ORG,Google
Tokyo will host the event in 1987-08-22,GPE,Tokyo
The meeting with Sara from Microsoft is scheduled for 1970-08-13,PERSON,Sara
The meeting with Sara from Microsoft is scheduled for 1970-08-13,ORG,Microsoft
Paris will host the event in 2013-03-01,GPE,Paris
John works at Microsoft in New York since 2016-12-11,PERSON,John
John works at Microsoft in New York since 2016-12-11,ORG,Microsoft
Tokyo will host the event in 2010-10-22,GPE,Tokyo
The meeting with Mary from Meta is scheduled for 2023-05-18,PERSON,Mary
The meeting with Mary from Meta is scheduled for 2023-05-18,ORG,Meta
Alex attended a conference on 2015-02-16,PERSON,Alex
Microsoft announced new projects starting 1970-04-29,ORG,Microsoft
Alex works at Amazon in New York since 2019-02-15,PERSON,Alex
Alex works at Amazon in New York since 2019-02-15,ORG,Amazon
Alex attended a conference on 2003-04-27,PERSON,Alex
Paris will host the event in 1986-01-27,GPE,Paris
Sara works at Microsoft in Paris since 1984-04-23,PERSON,Sara
Sara works at Microsoft in Paris since 1984-04-23,ORG,Microsoft
Sara works at Microsoft in Paris since 1984-04-23,GPE,Paris
Amazon announced new projects starting 1976-02-08,ORG,Amazon
Alex attended a conference on 2024-01-21,PERSON,Alex
The meeting with Mary from Google is scheduled for 2012-07-28,PERSON,Mary
The meeting with Mary from Google is scheduled for 2012-07-28,ORG,Google
Amazon announced new projects starting 1972-07-01,ORG,Amazon
Sara works at Amazon in Tokyo since 1999-02-22,PERSON,Sara
Sara works at Amazon in Tokyo since 1999-02-22,ORG,Amazon
Sara works at Amazon in Tokyo since 1999-02-22,GPE,Tokyo
Mary attended a conference on 1972-03-07,PERSON,Mary
John attended a conference on 1996-12-04,PERSON,John
Google announced new projects starting 2013-10-21,ORG,Google
Sara attended a conference on 1992-12-13,PERSON,Sara
The meeting with John from Meta is scheduled for 2018-07-30,PERSON,John
The meeting with John from Meta is scheduled for 2018-07-30,ORG,Meta
The meeting with Mary from Meta is scheduled for 1989-06-03,PERSON,Mary
The meeting with Mary from Meta is scheduled for 1989-06-03,ORG,Meta
John works at Meta in Paris since 1985-01-30,PERSON,John
John works at Meta in Paris since 1985-01-30,ORG,Meta
John works at Meta in Paris since 1985-01-30,GPE,Paris
Amazon announced new projects starting 2012-02-04,ORG,Amazon
Alex works at Amazon in Paris since 2014-07-24,PERSON,Alex
Alex works at Amazon in Paris since 2014-07-24,ORG,Amazon
Alex works at Amazon in Paris since 2014-07-24,GPE,Paris
Microsoft announced new projects starting 1988-05-08,ORG,Microsoft
John attended a conference on 1993-01-16,PERSON,John
Sara attended a conference on 2024-06-18,PERSON,Sara
Tokyo will host the event in 2009-01-27,GPE,Tokyo
Mary works at Meta in London since 2021-05-30,PERSON,Mary
Mary works at Meta in London since 2021-05-30,ORG,Meta
Mary works at Meta in London since 2021-05-30,GPE,London
Amazon announced new projects starting 1984-07-03,ORG,Amazon
Google announced new projects starting 2005-11-10,ORG,Google
Microsoft announced new projects starting 2023-03-06,ORG,Microsoft
Sara attended a conference on 1979-07-16,PERSON,Sara
Meta announced new projects starting 2013-06-25,ORG,Meta
Paris will host the event in 1975-07-09,GPE,Paris
Alex attended a conference on 2012-07-29,PERSON,Alex
Mary attended a conference on 1977-12-07,PERSON,Mary
The meeting with Sara from Microsoft is scheduled for 2003-11-01,PERSON,Sara
The meeting with Sara from Microsoft is scheduled for 2003-11-01,ORG,Microsoft
Google announced new projects starting 2014-10-25,ORG,Google
John works at Meta in Tokyo since 2007-04-23,PERSON,John
John works at Meta in Tokyo since 2007-04-23,ORG,Meta
John works at Meta in Tokyo since 2007-04-23,GPE,Tokyo
Meta announced new projects starting 2002-07-06,ORG,Meta
John attended a conference on 1984-02-21,PERSON,John
Amazon announced new projects starting 1995-07-22,ORG,Amazon
Meta announced new projects starting 2018-11-15,ORG,Meta
Tokyo will host the event in 1981-09-23,GPE,Tokyo
Mary works at Microsoft in London since 1976-12-03,PERSON,Mary
Mary works at Microsoft in London since 1976-12-03,ORG,Microsoft
Mary works at Microsoft in London since 1976-12-03,GPE,London
Google announced new projects starting 1981-04-30,ORG,Google
The meeting with Sara from Amazon is scheduled for 1985-06-11,PERSON,Sara
The meeting with Sara from Amazon is scheduled for 1985-06-11,ORG,Amazon
Mary attended a conference on 1997-09-06,PERSON,Mary
Meta announced new projects starting 1986-03-12,ORG,Meta
Sara works at Google in Tokyo since 1997-10-04,PERSON,Sara
Sara works at Google in Tokyo since 1997-10-04,ORG,Google
Sara works at Google in Tokyo since 1997-10-04,GPE,Tokyo
Google announced new projects starting 1998-01-15,ORG,Google
The meeting with Mary from Meta is scheduled for 2023-06-16,PERSON,Mary
The meeting with Mary from Meta is scheduled for 2023-06-16,ORG,Meta
London will host the event in 2008-05-08,GPE,London
Mary works at Microsoft in New York since 2023-12-02,PERSON,Mary
Mary works at Microsoft in New York since 2023-12-02,ORG,Microsoft
Meta announced new projects starting 2000-08-18,ORG,Meta
Google announced new projects starting 1991-07-10,ORG,Google
Amazon announced new projects starting 2000-02-23,ORG,Amazon
London will host the event in 1975-09-23,GPE,London
Sara works at Meta in London since 1988-01-04,PERSON,Sara
Sara works at Meta in London since 1988-01-04,ORG,Meta
Sara works at Meta in London since 1988-01-04,GPE,London
Tokyo will host the event in 1975-06-24,GPE,Tokyo
Alex attended a conference on 1973-07-09,PERSON,Alex
The meeting with John from Meta is scheduled for 2014-03-20,PERSON,John
The meeting with John from Meta is scheduled for 2014-03-20,ORG,Meta
John attended a conference on 1975-05-05,PERSON,John
Tokyo will host the event in 1983-12-14,GPE,Tokyo
Amazon announced new projects starting 1988-11-20,ORG,Amazon
Alex works at Microsoft in Tokyo since 2024-11-23,PERSON,Alex
Alex works at Microsoft in Tokyo since 2024-11-23,ORG,Microsoft
Alex works at Microsoft in Tokyo since 2024-11-23,GPE,Tokyo
Meta announced new projects starting 2003-02-16,ORG,Meta
John attended a conference on 1995-04-28,PERSON,John
Google announced new projects starting 1994-03-13,ORG,Google
The meeting with Sara from Microsoft is scheduled for 1989-03-09,PERSON,Sara
The meeting with Sara from Microsoft is scheduled for 1989-03-09,ORG,Microsoft
London will host the event in 1979-05-30,GPE,London
Sara works at Google in Paris since 2016-02-10,PERSON,Sara
Sara works at Google in Paris since 2016-02-10,ORG,Google
Sara works at Google in Paris since 2016-02-10,GPE,Paris
Sara works at Microsoft in New York since 2018-11-16,PERSON,Sara
Sara works at Microsoft in New York since 2018-11-16,ORG,Microsoft
Mary works at Microsoft in Tokyo since 2008-11-21,PERSON,Mary
Mary works at Microsoft in Tokyo since 2008-11-21,ORG,Microsoft
Mary works at Microsoft in Tokyo since 2008-11-21,GPE,Tokyo
Sara works at Google in London since 2000-09-10,PERSON,Sara
Sara works at Google in London since 2000-09-10,ORG,Google
Sara works at Google in London since 2000-09-10,GPE,London
Alex attended a conference on 2014-01-23,PERSON,Alex
The meeting with Mary from Microsoft is scheduled for 1999-01-03,PERSON,Mary
The meeting with Mary from Microsoft is scheduled for 1999-01-03,ORG,Microsoft
Microsoft announced new projects starting 2000-03-31,ORG,Microsoft
London will host the event in 1970-09-18,GPE,London
Meta announced new projects starting 2013-06-21,ORG,Meta
London will host the event in 2002-02-21,GPE,London
John attended a conference on 1983-07-26,PERSON,John
The meeting with Sara from Google is scheduled for 1973-04-12,PERSON,Sara
The meeting with Sara from Google is scheduled for 1973-04-12,ORG,Google
John attended a conference on 2018-03-28,PERSON,John
Tokyo will host the event in 2024-05-05,GPE,Tokyo
Paris will host the event in 1983-04-05,GPE,Paris
The meeting with John from Google is scheduled for 1978-11-16,PERSON,John
The meeting with John from Google is scheduled for 1978-11-16,ORG,Google
The meeting with Mary from Microsoft is scheduled for 1975-10-01,PERSON,Mary
The meeting with Mary from Microsoft is scheduled for 1975-10-01,ORG,Microsoft
Paris will host the event in 1974-11-15,GPE,Paris
Meta announced new projects starting 1987-01-17,ORG,Meta
The meeting with John from Meta is scheduled for 2015-06-11,PERSON,John
The meeting with John from Meta is scheduled for 2015-06-11,ORG,Meta
Google announced new projects starting 1976-11-15,ORG,Google
Alex works at Google in New York since 1979-05-21,PERSON,Alex
Alex works at Google in New York since 1979-05-21,ORG,Google
The meeting with Mary from Amazon is scheduled for 2022-04-04,PERSON,Mary
The meeting with Mary from Amazon is scheduled for 2022-04-04,ORG,Amazon
Microsoft announced new projects starting 2012-11-30,ORG,Microsoft
The meeting with Alex from Google is scheduled for 2008-01-31,PERSON,Alex
The meeting with Alex from Google is scheduled for 2008-01-31,ORG,Google
London will host the event in 2010-01-09,GPE,London
Alex works at Amazon in London since 2003-02-05,PERSON,Alex
Alex works at Amazon in London since 2003-02-05,ORG,Amazon
Alex works at Amazon in London since 2003-02-05,GPE,London
London will host the event in 2010-03-29,GPE,London
Alex works at Microsoft in New York since 2009-01-15,PERSON,Alex
Alex works at Microsoft in New York since 2009-01-15,ORG,Microsoft
The meeting with Mary from Amazon is scheduled for 1999-10-08,PERSON,Mary
The meeting with Mary from Amazon is scheduled for 1999-10-08,ORG,Amazon
The meeting with Alex from Meta is scheduled for 2002-08-08,PERSON,Alex
The meeting with Alex from Meta is scheduled for 2002-08-08,ORG,Meta
Sara works at Meta in London since 1999-03-31,PERSON,Sara
Sara works at Meta in London since 1999-03-31,ORG,Meta
Sara works at Meta in London since 1999-03-31,GPE,London
Microsoft announced new projects starting 1997-11-04,ORG,Microsoft
Mary attended a conference on 2018-07-07,PERSON,Mary
John works at Meta in London since 2023-10-06,PERSON,John
John works at Meta in London since 2023-10-06,ORG,Meta
John works at Meta in London since 2023-10-06,GPE,London
John attended a conference on 2024-03-04,PERSON,John
Sara attended a conference on 2012-12-31,PERSON,Sara
Google announced new projects starting 1989-05-06,ORG,Google
The meeting with Mary from Microsoft is scheduled for 1991-12-04,PERSON,Mary
The meeting with Mary from Microsoft is scheduled for 1991-12-04,ORG,Microsoft
Tokyo will host the event in 2022-04-30,GPE,Tokyo
Alex works at Microsoft in Tokyo since 1980-03-14,PERSON,Alex
Alex works at Microsoft in Tokyo since 1980-03-14,ORG,Microsoft
Alex works at Microsoft in Tokyo since 1980-03-14,GPE,Tokyo
The meeting with Sara from Meta is scheduled for 1983-03-06,PERSON,Sara
The meeting with Sara from Meta is scheduled for 1983-03-06,ORG,Meta
The meeting with Mary from Meta is scheduled for 2012-01-19,PERSON,Mary
The meeting with Mary from Meta is scheduled for 2012-01-19,ORG,Meta
Meta announced new projects starting 1987-03-10,ORG,Meta
Paris will host the event in 1981-02-17,GPE,Paris
The meeting with Alex from Microsoft is scheduled for 1977-05-10,PERSON,Alex
The meeting with Alex from Microsoft is scheduled for 1977-05-10,ORG,Microsoft
Paris will host the event in 2024-03-25,GPE,Paris
Mary works at Meta in New York since 1999-08-31,PERSON,Mary
Mary works at Meta in New York since 1999-08-31,ORG,Meta
Mary attended a conference on 1995-09-18,PERSON,Mary
Amazon announced new projects starting 2010-03-10,ORG,Amazon
London will host the event in 1996-04-25,GPE,London
Mary works at Google in Paris since 2019-06-11,PERSON,Mary
Mary works at Google in Paris since 2019-06-11,ORG,Google
Mary works at Google in Paris since 2019-06-11,GPE,Paris
Sara works at Google in London since 2001-07-11,PERSON,Sara
Sara works at Google in London since 2001-07-11,ORG,Google
Sara works at Google in London since 2001-07-11,GPE,London
Sara works at Amazon in Tokyo since 1973-03-22,PERSON,Sara
Sara works at Amazon in Tokyo since 1973-03-22,ORG,Amazon
Sara works at Amazon in Tokyo since 1973-03-22,GPE,Tokyo
Amazon announced new projects starting 2008-02-25,ORG,Amazon
Microsoft announced new projects starting 1974-06-22,ORG,Microsoft
Google announced new projects starting 1995-05-03,ORG,Google
Sara attended a conference on 1972-12-15,PERSON,Sara
London will host the event in 2005-12-15,GPE,London
Microsoft announced new projects starting 1972-12-14,ORG,Microsoft
Sara attended a conference on 1977-07-07,PERSON,Sara
The meeting with Mary from Google is scheduled for 2004-07-07,PERSON,Mary
The meeting with Mary from Google is scheduled for 2004-07-07,ORG,Google
John works at Meta in Tokyo since 2000-04-25,PERSON,John
John works at Meta in Tokyo since 2000-04-25,ORG,Meta
John works at Meta in Tokyo since 2000-04-25,GPE,Tokyo
The meeting with Mary from Amazon is scheduled for 2000-04-11,PERSON,Mary
The meeting with Mary from Amazon is scheduled for 2000-04-11,ORG,Amazon
Alex attended a conference on 1970-09-19,PERSON,Alex
Google announced new projects starting 1998-01-02,ORG,Google
Mary attended a conference on 2019-11-20,PERSON,Mary
John works at Meta in London since 1994-04-21,PERSON,John
John works at Meta in London since 1994-04-21,ORG,Meta
John works at Meta in London since 1994-04-21,GPE,London
The meeting with Sara from Amazon is scheduled for 1991-11-16,PERSON,Sara
The meeting with Sara from Amazon is scheduled for 1991-11-16,ORG,Amazon
Sara attended a conference on 1997-12-21,PERSON,Sara
Mary works at Microsoft in London since 1972-07-10,PERSON,Mary
Mary works at Microsoft in London since 1972-07-10,ORG,Microsoft
Mary works at Microsoft in London since 1972-07-10,GPE,London
Meta announced new projects starting 1997-05-04,ORG,Meta
Google announced new projects starting 1982-09-07,ORG,Google
Paris will host the event in 2019-02-20,GPE,Paris
Meta announced new projects starting 1982-03-27,ORG,Meta
The meeting with Mary from Amazon is scheduled for 2012-01-07,PERSON,Mary
The meeting with Mary from Amazon is scheduled for 2012-01-07,ORG,Amazon
Google announced new projects starting 1985-04-18,ORG,Google
Microsoft announced new projects starting 2001-11-21,ORG,Microsoft
The meeting with Mary from Meta is scheduled for 1989-01-25,PERSON,Mary
The meeting with Mary from Meta is scheduled for 1989-01-25,ORG,Meta
Sara works at Amazon in Paris since 2007-07-20,PERSON,Sara
Sara works at Amazon in Paris since 2007-07-20,ORG,Amazon
Sara works at Amazon in Paris since 2007-07-20,GPE,Paris
Google announced new projects starting 1982-03-06,ORG,Google
London will host the event in 1990-01-11,GPE,London
Meta announced new projects starting 2021-12-28,ORG,Meta
John works at Google in London since 2000-02-29,PERSON,John
John works at Google in London since 2000-02-29,ORG,Google
John works at Google in London since 2000-02-29,GPE,London
Sara works at Google in New York since 1970-04-25,PERSON,Sara
Sara works at Google in New York since 1970-04-25,ORG,Google
Alex works at Google in Tokyo since 1996-11-11,PERSON,Alex
Alex works at Google in Tokyo since 1996-11-11,ORG,Google
Alex works at Google in Tokyo since 1996-11-11,GPE,Tokyo
Sara attended a conference on 1982-08-06,PERSON,Sara
Microsoft announced new projects starting 2009-05-26,ORG,Microsoft
Paris will host the event in 1995-05-04,GPE,Paris
Mary attended a conference on 1995-06-05,PERSON,Mary
Microsoft announced new projects starting 2016-09-19,ORG,Microsoft
The meeting with Sara from Amazon is scheduled for 1987-09-05,PERSON,Sara
The meeting with Sara from Amazon is scheduled for 1987-09-05,ORG,Amazon
Microsoft announced new projects starting 2008-03-12,ORG,Microsoft
Alex attended a conference on 2004-06-24,PERSON,Alex
Alex works at Microsoft in New York since 1993-12-28,PERSON,Alex
Alex works at Microsoft in New York since 1993-12-28,ORG,Microsoft
Alex attended a conference on 2008-07-16,PERSON,Alex
Microsoft announced new projects starting 1981-05-30,ORG,Microsoft
Tokyo will host the event in 1979-01-06,GPE,Tokyo
Alex attended a conference on 2004-02-18,PERSON,Alex
London will host the event in 2004-05-23,GPE,London
Paris will host the event in 2009-04-18,GPE,Paris
Paris will host the event in 1970-05-21,GPE,Paris
Sara attended a conference on 2021-03-31,PERSON,Sara
John works at Amazon in New York since 1997-09-28,PERSON,John
John works at Amazon in New York since 1997-09-28,ORG,Amazon
The meeting with Alex from Amazon is scheduled for 1976-12-09,PERSON,Alex
The meeting with Alex from Amazon is scheduled for 1976-12-09,ORG,Amazon
Mary attended a conference on 1991-10-08,PERSON,Mary
Google announced new projects starting 1997-04-30,ORG,Google
Tokyo will host the event in 1991-04-06,GPE,Tokyo
John works at Microsoft in Tokyo since 1979-10-29,PERSON,John
John works at Microsoft in Tokyo since 1979-10-29,ORG,Microsoft
John works at Microsoft in Tokyo since 1979-10-29,GPE,Tokyo
John attended a conference on 1997-12-02,PERSON,John
Microsoft announced new projects starting 1980-04-29,ORG,Microsoft
Mary attended a conference on 1990-02-24,PERSON,Mary
The meeting with John from Meta is scheduled for 2014-10-07,PERSON,John
The meeting with John from Meta is scheduled for 2014-10-07,ORG,Meta
The meeting with Alex from Google is scheduled for 2002-05-20,PERSON,Alex
The meeting with Alex from Google is scheduled for 2002-05-20,ORG,Google
Meta announced new projects starting 2004-02-11,ORG,Meta
Amazon announced new projects starting 2021-01-21,ORG,Amazon
Alex attended a conference on 1993-03-29,PERSON,Alex
Sara attended a conference on 2015-07-13,PERSON,Sara
Microsoft announced new projects starting 1996-10-27,ORG,Microsoft
Google announced new projects starting 1979-04-13,ORG,Google
Google announced new projects starting 1986-07-27,ORG,Google
John works at Microsoft in Paris since 1992-01-09,PERSON,John
John works at Microsoft in Paris since 1992-01-09,ORG,Microsoft
John works at Microsoft in Paris since 1992-01-09,GPE,Paris
Microsoft announced new projects starting 2002-03-04,ORG,Microsoft
The meeting with Sara from Google is scheduled for 1995-04-17,PERSON,Sara
The meeting with Sara from Google is scheduled for 1995-04-17,ORG,Google
The meeting with Alex from Meta is scheduled for 1970-08-15,PERSON,Alex
The meeting with Alex from Meta is scheduled for 1970-08-15,ORG,Meta
The meeting with John from Meta is scheduled for 1989-11-01,PERSON,John
The meeting with John from Meta is scheduled for 1989-11-01,ORG,Meta
The meeting with Sara from Meta is scheduled for 2004-01-02,PERSON,Sara
The meeting with Sara from Meta is scheduled for 2004-01-02,ORG,Meta
The meeting with Mary from Amazon is scheduled for 1983-09-22,PERSON,Mary
The meeting with Mary from Amazon is scheduled for 1983-09-22,ORG,Amazon
Google announced new projects starting 2017-12-30,ORG,Google
Tokyo will host the event in 2002-10-01,GPE,Tokyo
Microsoft announced new projects starting 1972-10-04,ORG,Microsoft
Alex attended a conference on 1998-01-19,PERSON,Alex
John attended a conference on 1981-07-17,PERSON,John
John works at Microsoft in Paris since 1997-08-06,PERSON,John
John works at Microsoft in Paris since 1997-08-06,ORG,Microsoft
John works at Microsoft in Paris since 1997-08-06,GPE,Paris
Google announced new projects starting 1988-10-15,ORG,Google
The meeting with Alex from Amazon is scheduled for 1981-01-15,PERSON,Alex
The meeting with Alex from Amazon is scheduled for 1981-01-15,ORG,Amazon
Alex works at Google in New York since 1999-07-12,PERSON,Alex
Alex works at Google in New York since 1999-07-12,ORG,Google
The meeting with Mary from Google is scheduled for 1982-05-27,PERSON,Mary
The meeting with Mary from Google is scheduled for 1982-05-27,ORG,Google
Mary works at Google in Paris since 1999-04-01,PERSON,Mary
Mary works at Google in Paris since 1999-04-01,ORG,Google
Mary works at Google in Paris since 1999-04-01,GPE,Paris
Amazon announced new projects starting 2001-12-19,ORG,Amazon
Alex attended a conference on 2013-04-26,PERSON,Alex
Meta announced new projects starting 2000-06-04,ORG,Meta
John works at Meta in London since 1992-08-16,PERSON,John
John works at Meta in London since 1992-08-16,ORG,Meta
John works at Meta in London since 1992-08-16,GPE,London
John works at Meta in Tokyo since 1972-09-14,PERSON,John
John works at Meta in Tokyo since 1972-09-14,ORG,Meta
John works at Meta in Tokyo since 1972-09-14,GPE,Tokyo
Amazon announced new projects starting 1976-10-26,ORG,Amazon
Mary attended a conference on 2021-04-01,PERSON,Mary
Mary attended a conference on 2021-05-16,PERSON,Mary
Microsoft announced new projects starting 1987-11-26,ORG,Microsoft
John works at Google in London since 1982-11-11,PERSON,John
John works at Google in London since 1982-11-11,ORG,Google
John works at Google in London since 1982-11-11,GPE,London
Sara attended a conference on 1974-05-08,PERSON,Sara
Microsoft announced new projects starting 2017-01-03,ORG,Microsoft
Mary works at Amazon in Tokyo since 2010-07-24,PERSON,Mary
Mary works at Amazon in Tokyo since 2010-07-24,ORG,Amazon
Mary works at Amazon in Tokyo since 2010-07-24,GPE,Tokyo
Paris will host the event in 1983-10-24,GPE,Paris
Mary attended a conference on 1993-06-18,PERSON,Mary
The meeting with Mary from Meta is scheduled for 1981-05-09,PERSON,Mary
The meeting with Mary from Meta is scheduled for 1981-05-09,ORG,Meta
John attended a conference on 2019-03-05,PERSON,John
Amazon announced new projects starting 1992-12-19,ORG,Amazon
The meeting with Alex from Google is scheduled for 1999-11-17,PERSON,Alex
The meeting with Alex from Google is scheduled for 1999-11-17,ORG,Google
Meta announced new projects starting 2020-02-18,ORG,Meta
Alex attended a conference on 1990-08-10,PERSON,Alex
Amazon announced new projects starting 2014-10-08,ORG,Amazon
Google announced new projects starting 2012-08-02,ORG,Google
The meeting with Alex from Amazon is scheduled for 1990-06-10,PERSON,Alex
The meeting with Alex from Amazon is scheduled for 1990-06-10,ORG,Amazon
Google announced new projects starting 2023-10-06,ORG,Google
London will host the event in 2000-02-13,GPE,London
The meeting with Mary from Google is scheduled for 1980-05-10,PERSON,Mary
The meeting with Mary from Google is scheduled for 1980-05-10,ORG,Google
Microsoft announced new projects starting 1977-08-10,ORG,Microsoft
John attended a conference on 2006-01-26,PERSON,John
Sara attended a conference on 2009-11-29,PERSON,Sara
Tokyo will host the event in 1992-02-20,GPE,Tokyo
The meeting with Alex from Amazon is scheduled for 1994-10-18,PERSON,Alex
The meeting with Alex from Amazon is scheduled for 1994-10-18,ORG,Amazon
Microsoft announced new projects starting 1988-01-23,ORG,Microsoft
Alex attended a conference on 1990-09-12,PERSON,Alex
The meeting with Alex from Amazon is scheduled for 2005-04-23,PERSON,Alex
The meeting with Alex from Amazon is scheduled for 2005-04-23,ORG,Amazon
The meeting with Mary from Amazon is scheduled for 1993-12-20,PERSON,Mary
The meeting with Mary from Amazon is scheduled for 1993-12-20,ORG,Amazon
The meeting with Mary from Google is scheduled for 2020-03-19,PERSON,Mary
The meeting with Mary from Google is scheduled for 2020-03-19,ORG,Google
Sara attended a conference on 1993-01-17,PERSON,Sara
The meeting with Alex from Meta is scheduled for 2014-03-12,PERSON,Alex
The meeting with Alex from Meta is scheduled for 2014-03-12,ORG,Meta
The meeting with Mary from Amazon is scheduled for 1987-08-10,PERSON,Mary
The meeting with Mary from Amazon is scheduled for 1987-08-10,ORG,Amazon
Tokyo will host the event in 1984-02-27,GPE,Tokyo
Alex attended a conference on 2019-10-29,PERSON,Alex
Microsoft announced new projects starting 2007-05-21,ORG,Microsoft
Tokyo will host the event in 2021-02-02,GPE,Tokyo
The meeting with Mary from Meta is scheduled for 2018-10-30,PERSON,Mary
The meeting with Mary from Meta is scheduled for 2018-10-30,ORG,Meta
The meeting with John from Microsoft is scheduled for 2013-07-21,PERSON,John
The meeting with John from Microsoft is scheduled for 2013-07-21,ORG,Microsoft
Alex attended a conference on 1999-09-03,PERSON,Alex
Paris will host the event in 1987-01-16,GPE,Paris
The meeting with John from Amazon is scheduled for 2004-06-12,PERSON,John
The meeting with John from Amazon is scheduled for 2004-06-12,ORG,Amazon
Mary works at Microsoft in Paris since 1972-10-17,PERSON,Mary
Mary works at Microsoft in Paris since 1972-10-17,ORG,Microsoft
Mary works at Microsoft in Paris since 1972-10-17,GPE,Paris
Meta announced new projects starting 1988-11-20,ORG,Meta
The meeting with Alex from Meta is scheduled for 2016-07-10,PERSON,Alex
The meeting with Alex from Meta is scheduled for 2016-07-10,ORG,Meta
Tokyo will host the event in 1970-09-19,GPE,Tokyo
Sara works at Microsoft in London since 1983-02-17,PERSON,Sara
Sara works at Microsoft in London since 1983-02-17,ORG,Microsoft
Sara works at Microsoft in London since 1983-02-17,GPE,London
Alex attended a conference on 1988-10-11,PERSON,Alex
John attended a conference on 2011-10-26,PERSON,John
The meeting with Sara from Meta is scheduled for 2023-09-22,PERSON,Sara
The meeting with Sara from Meta is scheduled for 2023-09-22,ORG,Meta
The meeting with John from Google is scheduled for 1982-12-14,PERSON,John
The meeting with John from Google is scheduled for 1982-12-14,ORG,Google
John works at Amazon in Tokyo since 2006-11-17,PERSON,John
John works at Amazon in Tokyo since 2006-11-17,ORG,Amazon
John works at Amazon in Tokyo since 2006-11-17,GPE,Tokyo
The meeting with John from Meta is scheduled for 2021-10-09,PERSON,John
The meeting with John from Meta is scheduled for 2021-10-09,ORG,Meta
Sara attended a conference on 1979-03-24,PERSON,Sara
The meeting with Mary from Microsoft is scheduled for 1993-06-03,PERSON,Mary
The meeting with Mary from Microsoft is scheduled for 1993-06-03,ORG,Microsoft
Alex attended a conference on 1971-02-19,PERSON,Alex
Mary works at Microsoft in Paris since 2002-12-30,PERSON,Mary
Mary works at Microsoft in Paris since 2002-12-30,ORG,Microsoft
Mary works at Microsoft in Paris since 2002-12-30,GPE,Paris
Mary works at Microsoft in New York since 2021-12-19,PERSON,Mary
Mary works at Microsoft in New York since 2021-12-19,ORG,Microsoft
Amazon announced new projects starting 2003-02-07,ORG,Amazon
London will host the event in 1973-06-01,GPE,London
Paris will host the event in 2019-06-28,GPE,Paris
John attended a conference on 2000-07-29,PERSON,John
Meta announced new projects starting 2011-08-03,ORG,Meta
Alex works at Meta in Paris since 2012-02-24,PERSON,Alex
Alex works at Meta in Paris since 2012-02-24,ORG,Meta
Alex works at Meta in Paris since 2012-02-24,GPE,Paris
Mary works at Microsoft in London since 1989-01-20,PERSON,Mary
Mary works at Microsoft in London since 1989-01-20,ORG,Microsoft
Mary works at Microsoft in London since 1989-01-20,GPE,London
The meeting with Mary from Meta is scheduled for 1992-08-18,PERSON,Mary
The meeting with Mary from Meta is scheduled for 1992-08-18,ORG,Meta
The meeting with Alex from Meta is scheduled for 2007-06-17,PERSON,Alex
The meeting with Alex from Meta is scheduled for 2007-06-17,ORG,Meta
John works at Google in New York since 1989-08-03,PERSON,John
John works at Google in New York since 1989-08-03,ORG,Google
London will host the event in 1973-01-24,GPE,London
Mary works at Google in New York since 2023-12-24,PERSON,Mary
Mary works at Google in New York since 2023-12-24,ORG,Google
Alex attended a conference on 1991-01-13,PERSON,Alex
Meta announced new projects starting 1976-05-17,ORG,Meta
John attended a conference on 1989-02-16,PERSON,John
Microsoft announced new projects starting 1994-02-28,ORG,Microsoft
The meeting with Mary from Amazon is scheduled for 1971-11-24,PERSON,Mary
The meeting with Mary from Amazon is scheduled for 1971-11-24,ORG,Amazon
Meta announced new projects starting 2007-04-05,ORG,Meta
Tokyo will host the event in 1989-09-02,GPE,Tokyo
Tokyo will host the event in 2005-02-27,GPE,Tokyo
The meeting with Alex from Microsoft is scheduled for 2025-01-30,PERSON,Alex
The meeting with Alex from Microsoft is scheduled for 2025-01-30,ORG,Microsoft
John attended a conference on 2003-09-11,PERSON,John
Alex attended a conference on 1977-09-11,PERSON,Alex
Amazon announced new projects starting 2000-09-28,ORG,Amazon
Sara works at Meta in London since 1991-01-21,PERSON,Sara
Sara works at Meta in London since 1991-01-21,ORG,Meta
Sara works at Meta in London since 1991-01-21,GPE,London
Alex works at Meta in Paris since 2016-08-03,PERSON,Alex
Alex works at Meta in Paris since 2016-08-03,ORG,Meta
Alex works at Meta in Paris since 2016-08-03,GPE,Paris
John attended a conference on 2016-04-29,PERSON,John
Mary attended a conference on 1982-04-05,PERSON,Mary
Sara works at Google in London since 1987-02-22,PERSON,Sara
Sara works at Google in London since 1987-02-22,ORG,Google
Sara works at Google in London since 1987-02-22,GPE,London
Paris will host the event in 2009-06-19,GPE,Paris
The meeting with John from Google is scheduled for 1975-02-15,PERSON,John
The meeting with John from Google is scheduled for 1975-02-15,ORG,Google
Amazon announced new projects starting 2007-03-06,ORG,Amazon
Sara attended a conference on 2017-03-20,PERSON,Sara
Sara works at Microsoft in New York since 2016-04-04,PERSON,Sara
Sara works at Microsoft in New York since 2016-04-04,ORG,Microsoft
John attended a conference on 2009-03-03,PERSON,John
Meta announced new projects starting 2012-01-09,ORG,Meta
Alex works at Amazon in New York since 2015-01-01,PERSON,Alex
Alex works at Amazon in New York since 2015-01-01,ORG,Amazon
Paris will host the event in 2019-01-30,GPE,Paris
Alex works at Microsoft in New York since 1983-03-08,PERSON,Alex
Alex works at Microsoft in New York since 1983-03-08,ORG,Microsoft
The meeting with John from Microsoft is scheduled for 2017-02-28,PERSON,John
The meeting with John from Microsoft is scheduled for 2017-02-28,ORG,Microsoft
Mary works at Amazon in Tokyo since 2004-08-18,PERSON,Mary
Mary works at Amazon in Tokyo since 2004-08-18,ORG,Amazon
Mary works at Amazon in Tokyo since 2004-08-18,GPE,Tokyo
Mary attended a conference on 1997-03-07,PERSON,Mary
Google announced new projects starting 1982-04-19,ORG,Google
Microsoft announced new projects starting 1972-05-11,ORG,Microsoft
John attended a conference on 1994-04-15,PERSON,John
Meta announced new projects starting 1997-01-03,ORG,Meta
Mary attended a conference on 1984-03-31,PERSON,Mary
Mary attended a conference on 1997-06-04,PERSON,Mary
Google announced new projects starting 2022-02-23,ORG,Google
Sara works at Amazon in New York since 2003-05-17,PERSON,Sara
Sara works at Amazon in New York since 2003-05-17,ORG,Amazon
The meeting with Sara from Amazon is scheduled for 2009-07-26,PERSON,Sara
The meeting with Sara from Amazon is scheduled for 2009-07-26,ORG,Amazon
Mary attended a conference on 2020-03-18,PERSON,Mary
Microsoft announced new projects starting 1982-10-24,ORG,Microsoft
London will host the event in 1973-04-01,GPE,London
The meeting with Sara from Amazon is scheduled for 1998-07-26,PERSON,Sara
The meeting with Sara from Amazon is scheduled for 1998-07-26,ORG,Amazon
The meeting with Alex from Microsoft is scheduled for 1996-04-13,PERSON,Alex
The meeting with Alex from Microsoft is scheduled for 1996-04-13,ORG,Microsoft
The meeting with Mary from Microsoft is scheduled for 1977-04-10,PERSON,Mary
The meeting with Mary from Microsoft is scheduled for 1977-04-10,ORG,Microsoft
Amazon announced new projects starting 2005-12-10,ORG,Amazon
Tokyo will host the event in 1978-03-20,GPE,Tokyo
Microsoft announced new projects starting 2012-05-19,ORG,Microsoft
Alex attended a conference on 1975-05-08,PERSON,Alex
Mary works at Meta in New York since 1975-01-31,PERSON,Mary
Mary works at Meta in New York since 1975-01-31,ORG,Meta
London will host the event in 2019-05-21,GPE,London
The meeting with Alex from Microsoft is scheduled for 2001-11-06,PERSON,Alex
The meeting with Alex from Microsoft is scheduled for 2001-11-06,ORG,Microsoft
Tokyo will host the event in 1983-12-15,GPE,Tokyo
Sara works at Meta in New York since 1972-05-11,PERSON,Sara
Sara works at Meta in New York since 1972-05-11,ORG,Meta
London will host the event in 1981-10-23,GPE,London
Sara works at Meta in New York since 2011-09-03,PERSON,Sara
Sara works at Meta in New York since 2011-09-03,ORG,Meta
Sara works at Meta in New York since 2009-08-05,PERSON,Sara
Sara works at Meta in New York since 2009-08-05,ORG,Meta
London will host the event in 1979-12-08,GPE,London
Tokyo will host the event in 2013-01-25,GPE,Tokyo
The meeting with Sara from Amazon is scheduled for 2010-07-07,PERSON,Sara
The meeting with Sara from Amazon is scheduled for 2010-07-07,ORG,Amazon
Alex works at Meta in London since 2003-11-13,PERSON,Alex
Alex works at Meta in London since 2003-11-13,ORG,Meta
Alex works at Meta in London since 2003-11-13,GPE,London
Mary works at Google in London since 1981-08-27,PERSON,Mary
Mary works at Google in London since 1981-08-27,ORG,Google
Mary works at Google in London since 1981-08-27,GPE,London
The meeting with Sara from Meta is scheduled for 1998-11-01,PERSON,Sara
The meeting with Sara from Meta is scheduled for 1998-11-01,ORG,Meta
Alex works at Google in London since 1970-07-08,PERSON,Alex
Alex works at Google in London since 1970-07-08,ORG,Google
Alex works at Google in London since 1970-07-08,GPE,London
London will host the event in 1999-06-07,GPE,London
Sara works at Microsoft in Tokyo since 2008-08-02,PERSON,Sara
Sara works at Microsoft in Tokyo since 2008-08-02,ORG,Microsoft
Sara works at Microsoft in Tokyo since 2008-08-02,GPE,Tokyo
Mary works at Microsoft in London since 1971-11-01,PERSON,Mary
Mary works at Microsoft in London since 1971-11-01,ORG,Microsoft
Mary works at Microsoft in London since 1971-11-01,GPE,London
The meeting with Mary from Microsoft is scheduled for 1996-03-12,PERSON,Mary
The meeting with Mary from Microsoft is scheduled for 1996-03-12,ORG,Microsoft
London will host the event in 1975-08-07,GPE,London
Amazon announced new projects starting 1993-09-29,ORG,Amazon
Tokyo will host the event in 2003-05-12,GPE,Tokyo
John works at Microsoft in New York since 2017-07-30,PERSON,John
John works at Microsoft in New York since 2017-07-30,ORG,Microsoft
Mary attended a conference on 1979-12-03,PERSON,Mary
Tokyo will host the event in 1970-07-05,GPE,Tokyo
Paris will host the event in 2008-01-30,GPE,Paris
Alex works at Meta in Tokyo since 1978-06-13,PERSON,Alex
Alex works at Meta in Tokyo since 1978-06-13,ORG,Meta
Alex works at Meta in Tokyo since 1978-06-13,GPE,Tokyo
Alex works at Google in London since 2007-09-15,PERSON,Alex
Alex works at Google in London since 2007-09-15,ORG,Google
Alex works at Google in London since 2007-09-15,GPE,London
The meeting with Alex from Google is scheduled for 1970-02-23,PERSON,Alex
The meeting with Alex from Google is scheduled for 1970-02-23,ORG,Google
The meeting with Sara from Microsoft is scheduled for 1983-04-28,PERSON,Sara
The meeting with Sara from Microsoft is scheduled for 1983-04-28,ORG,Microsoft
Meta announced new projects starting 2008-03-27,ORG,Meta
The meeting with Alex from Meta is scheduled for 1974-09-13,PERSON,Alex
The meeting with Alex from Meta is scheduled for 1974-09-13,ORG,Meta
Google announced new projects starting 2000-03-04,ORG,Google
Mary attended a conference on 1991-12-21,PERSON,Mary
The meeting with John from Google is scheduled for 2006-02-14,PERSON,John
The meeting with John from Google is scheduled for 2006-02-14,ORG,Google
Meta announced new projects starting 1987-08-03,ORG,Meta
The meeting with Mary from Google is scheduled for 2012-04-01,PERSON,Mary
The meeting with Mary from Google is scheduled for 2012-04-01,ORG,Google
The meeting with Sara from Meta is scheduled for 1996-04-29,PERSON,Sara
The meeting with Sara from Meta is scheduled for 1996-04-29,ORG,Meta
Amazon announced new projects starting 1995-05-18,ORG,Amazon
The meeting with Sara from Meta is scheduled for 1977-07-03,PERSON,Sara
The meeting with Sara from Meta is scheduled for 1977-07-03,ORG,Meta
The meeting with Alex from Meta is scheduled for 2011-07-23,PERSON,Alex
The meeting with Alex from Meta is scheduled for 2011-07-23,ORG,Meta
Alex attended a conference on 2010-03-24,PERSON,Alex
Sara attended a conference on 1983-04-07,PERSON,Sara
Sara works at Amazon in Paris since 2024-10-15,PERSON,Sara
Sara works at Amazon in Paris since 2024-10-15,ORG,Amazon
Sara works at Amazon in Paris since 2024-10-15,GPE,Paris
Microsoft announced new projects starting 2011-03-06,ORG,Microsoft
Alex works at Google in Tokyo since 2021-08-08,PERSON,Alex
Alex works at Google in Tokyo since 2021-08-08,ORG,Google
Alex works at Google in Tokyo since 2021-08-08,GPE,Tokyo
London will host the event in 1971-08-10,GPE,London
Amazon announced new projects starting 2010-05-24,ORG,Amazon
The meeting with John from Google is scheduled for 1986-09-10,PERSON,John
The meeting with John from Google is scheduled for 1986-09-10,ORG,Google
Sara attended a conference on 2022-03-18,PERSON,Sara
Mary works at Microsoft in New York since 2009-01-17,PERSON,Mary
Mary works at Microsoft in New York since 2009-01-17,ORG,Microsoft
Tokyo will host the event in 2016-06-16,GPE,Tokyo
Mary attended a conference on 2013-09-08,PERSON,Mary
Google announced new projects starting 1979-10-21,ORG,Google
Sara attended a conference on 1973-12-17,PERSON,Sara
Mary works at Google in Tokyo since 1981-02-25,PERSON,Mary
Mary works at Google in Tokyo since 1981-02-25,ORG,Google
Mary works at Google in Tokyo since 1981-02-25,GPE,Tokyo
The meeting with Sara from Microsoft is scheduled for 1973-06-06,PERSON,Sara
The meeting with Sara from Microsoft is scheduled for 1973-06-06,ORG,Microsoft
Mary works at Microsoft in London since 2008-09-30,PERSON,Mary
Mary works at Microsoft in London since 2008-09-30,ORG,Microsoft
Mary works at Microsoft in London since 2008-09-30,GPE,London
The meeting with Sara from Amazon is scheduled for 2023-11-16,PERSON,Sara
The meeting with Sara from Amazon is scheduled for 2023-11-16,ORG,Amazon
Sara attended a conference on 1996-09-15,PERSON,Sara
Google announced new projects starting 2000-01-06,ORG,Google
Tokyo will host the event in 1991-01-18,GPE,Tokyo
The meeting with John from Microsoft is scheduled for 2001-09-14,PERSON,John
The meeting with John from Microsoft is scheduled for 2001-09-14,ORG,Microsoft
The meeting with Sara from Amazon is scheduled for 2004-02-21,PERSON,Sara
The meeting with Sara from Amazon is scheduled for 2004-02-21,ORG,Amazon
Alex works at Meta in New York since 2006-07-05,PERSON,Alex
Alex works at Meta in New York since 2006-07-05,ORG,Meta
Paris will host the event in 2022-11-07,GPE,Paris
Amazon announced new projects starting 1990-10-11,ORG,Amazon
Mary works at Microsoft in New York since 2014-04-03,PERSON,Mary
Mary works at Microsoft in New York since 2014-04-03,ORG,Microsoft
Amazon announced new projects starting 1993-01-30,ORG,Amazon
London will host the event in 2024-03-11,GPE,London
Sara works at Meta in New York since 1991-11-16,PERSON,Sara
Sara works at Meta in New York since 1991-11-16,ORG,Meta
London will host the event in 2009-04-21,GPE,London
Google announced new projects starting 1988-02-23,ORG,Google
Paris will host the event in 2013-02-07,GPE,Paris
Mary attended a conference on 1975-08-30,PERSON,Mary
The meeting with Alex from Microsoft is scheduled for 1977-05-28,PERSON,Alex
The meeting with Alex from Microsoft is scheduled for 1977-05-28,ORG,Microsoft
Amazon announced new projects starting 1995-07-14,ORG,Amazon
The meeting with Alex from Microsoft is scheduled for 2015-06-03,PERSON,Alex
The meeting with Alex from Microsoft is scheduled for 2015-06-03,ORG,Microsoft
The meeting with Alex from Google is scheduled for 2021-12-30,PERSON,Alex
The meeting with Alex from Google is scheduled for 2021-12-30,ORG,Google
Mary works at Google in London since 1974-09-05,PERSON,Mary
Mary works at Google in London since 1974-09-05,ORG,Google
Mary works at Google in London since 1974-09-05,GPE,London
Google announced new projects starting 1973-08-08,ORG,Google
John works at Microsoft in London since 2021-12-20,PERSON,John
John works at Microsoft in London since 2021-12-20,ORG,Microsoft
John works at Microsoft in London since 2021-12-20,GPE,London
London will host the event in 2021-02-13,GPE,London
Alex attended a conference on 2024-10-31,PERSON,Alex
Sara works at Microsoft in Paris since 1990-04-11,PERSON,Sara
Sara works at Microsoft in Paris since 1990-04-11,ORG,Microsoft
Sara works at Microsoft in Paris since 1990-04-11,GPE,Paris
Mary works at Meta in Tokyo since 2000-07-18,PERSON,Mary
Mary works at Meta in Tokyo since 2000-07-18,ORG,Meta
Mary works at Meta in Tokyo since 2000-07-18,GPE,Tokyo
The meeting with Sara from Microsoft is scheduled for 1982-10-19,PERSON,Sara
The meeting with Sara from Microsoft is scheduled for 1982-10-19,ORG,Microsoft
Amazon announced new projects starting 2009-01-29,ORG,Amazon
Mary attended a conference on 1987-03-12,PERSON,Mary
The meeting with John from Amazon is scheduled for 2003-06-16,PERSON,John
The meeting with John from Amazon is scheduled for 2003-06-16,ORG,Amazon
Sara attended a conference on 1973-09-21,PERSON,Sara
Amazon announced new projects starting 2008-09-18,ORG,Amazon
London will host the event in 2008-06-21,GPE,London
Alex attended a conference on 2012-04-23,PERSON,Alex
Tokyo will host the event in 1978-05-10,GPE,Tokyo
The meeting with Mary from Microsoft is scheduled for 1997-06-15,PERSON,Mary
The meeting with Mary from Microsoft is scheduled for 1997-06-15,ORG,Microsoft
Sara works at Meta in London since 1970-03-25,PERSON,Sara
Sara works at Meta in London since 1970-03-25,ORG,Meta
Sara works at Meta in London since 1970-03-25,GPE,London
Mary works at Meta in London since 2008-02-16,PERSON,Mary
Mary works at Meta in London since 2008-02-16,ORG,Meta
Mary works at Meta in London since 2008-02-16,GPE,London
The meeting with Mary from Google is scheduled for 1995-01-21,PERSON,Mary
The meeting with Mary from Google is scheduled for 1995-01-21,ORG,Google
The meeting with Sara from Meta is scheduled for 1997-07-31,PERSON,Sara
The meeting with Sara from Meta is scheduled for 1997-07-31,ORG,Meta
Mary works at Meta in Tokyo since 2022-08-25,PERSON,Mary
Mary works at Meta in Tokyo since 2022-08-25,ORG,Meta
Mary works at Meta in Tokyo since 2022-08-25,GPE,Tokyo
The meeting with Alex from Amazon is scheduled for 2014-05-01,PERSON,Alex
The meeting with Alex from Amazon is scheduled for 2014-05-01,ORG,Amazon
Alex works at Meta in Paris since 1997-06-17,PERSON,Alex
Alex works at Meta in Paris since 1997-06-17,ORG,Meta
Alex works at Meta in Paris since 1997-06-17,GPE,Paris
Amazon announced new projects starting 2007-07-01,ORG,Amazon
Meta announced new projects starting 1976-06-28,ORG,Meta
Google announced new projects starting 1985-06-27,ORG,Google
Sara works at Amazon in New York since 1981-03-22,PERSON,Sara
Sara works at Amazon in New York since 1981-03-22,ORG,Amazon
Meta announced new projects starting 1973-01-04,ORG,Meta
Alex works at Microsoft in New York since 1988-09-11,PERSON,Alex
Alex works at Microsoft in New York since 1988-09-11,ORG,Microsoft
Amazon announced new projects starting 1993-10-08,ORG,Amazon
Microsoft announced new projects starting 1986-03-06,ORG,Microsoft
Mary works at Meta in London since 1974-03-10,PERSON,Mary
Mary works at Meta in London since 1974-03-10,ORG,Meta
Mary works at Meta in London since 1974-03-10,GPE,London
Sara attended a conference on 1973-03-25,PERSON,Sara
John works at Amazon in Tokyo since 1974-11-04,PERSON,John
John works at Amazon in Tokyo since 1974-11-04,ORG,Amazon
John works at Amazon in Tokyo since 1974-11-04,GPE,Tokyo
Paris will host the event in 1994-12-27,GPE,Paris
Amazon announced new projects starting 2022-07-23,ORG,Amazon
Sara works at Microsoft in London since 2003-09-24,PERSON,Sara
Sara works at Microsoft in London since 2003-09-24,ORG,Microsoft
Sara works at Microsoft in London since 2003-09-24,GPE,London
Alex attended a conference on 1990-04-25,PERSON,Alex
Tokyo will host the event in 2016-09-06,GPE,Tokyo
The meeting with John from Meta is scheduled for 2016-06-19,PERSON,John
The meeting with John from Meta is scheduled for 2016-06-19,ORG,Meta
Mary works at Amazon in New York since 2006-07-28,PERSON,Mary
Mary works at Amazon in New York since 2006-07-28,ORG,Amazon
Sara attended a conference on 2020-12-22,PERSON,Sara
John attended a conference on 1992-10-31,PERSON,John
Sara works at Google in Tokyo since 1995-06-29,PERSON,Sara
Sara works at Google in Tokyo since 1995-06-29,ORG,Google
Sara works at Google in Tokyo since 1995-06-29,GPE,Tokyo
Alex works at Amazon in London since 1992-02-06,PERSON,Alex
Alex works at Amazon in London since 1992-02-06,ORG,Amazon
Alex works at Amazon in London since 1992-02-06,GPE,London
John works at Microsoft in Paris since 1996-02-09,PERSON,John
John works at Microsoft in Paris since 1996-02-09,ORG,Microsoft
John works at Microsoft in Paris since 1996-02-09,GPE,Paris
Alex attended a conference on 1981-07-30,PERSON,Alex
Meta announced new projects starting 2022-09-15,ORG,Meta
Meta announced new projects starting 1973-10-03,ORG,Meta
Tokyo will host the event in 1986-03-25,GPE,Tokyo
Microsoft announced new projects starting 1981-05-30,ORG,Microsoft
Mary attended a conference on 2020-11-13,PERSON,Mary
Alex works at Meta in Paris since 2022-05-28,PERSON,Alex
Alex works at Meta in Paris since 2022-05-28,ORG,Meta
Alex works at Meta in Paris since 2022-05-28,GPE,Paris
The meeting with John from Google is scheduled for 2014-04-29,PERSON,John
The meeting with John from Google is scheduled for 2014-04-29,ORG,Google
Amazon announced new projects starting 1971-02-20,ORG,Amazon
Sara attended a conference on 1979-01-06,PERSON,Sara
Alex works at Meta in Tokyo since 1997-08-28,PERSON,Alex
Alex works at Meta in Tokyo since 1997-08-28,ORG,Meta
Alex works at Meta in Tokyo since 1997-08-28,GPE,Tokyo
Google announced new projects starting 2023-06-19,ORG,Google
Alex attended a conference on 1973-07-09,PERSON,Alex
Tokyo will host the event in 1977-11-12,GPE,Tokyo
Sara attended a conference on 1974-11-28,PERSON,Sara
Paris will host the event in 2011-09-30,GPE,Paris
Mary attended a conference on 1985-05-17,PERSON,Mary
John attended a conference on 1974-01-16,PERSON,John
Sara attended a conference on 1990-05-03,PERSON,Sara
London will host the event in 1999-05-29,GPE,London
Amazon announced new projects starting 1981-08-28,ORG,Amazon
The meeting with John from Microsoft is scheduled for 1981-08-16,PERSON,John
The meeting with John from Microsoft is scheduled for 1981-08-16,ORG,Microsoft
The meeting with John from Amazon is scheduled for 2013-01-01,PERSON,John
The meeting with John from Amazon is scheduled for 2013-01-01,ORG,Amazon
Google announced new projects starting 1976-08-31,ORG,Google
Meta announced new projects starting 1974-12-08,ORG,Meta
The meeting with John from Google is scheduled for 1990-05-27,PERSON,John
The meeting with John from Google is scheduled for 1990-05-27,ORG,Google
Sara attended a conference on 2023-06-04,PERSON,Sara
Mary works at Amazon in Tokyo since 2002-04-30,PERSON,Mary
Mary works at Amazon in Tokyo since 2002-04-30,ORG,Amazon
Mary works at Amazon in Tokyo since 2002-04-30,GPE,Tokyo
Sara works at Meta in Tokyo since 1997-06-02,PERSON,Sara
Sara works at Meta in Tokyo since 1997-06-02,ORG,Meta
Sara works at Meta in Tokyo since 1997-06-02,GPE,Tokyo
The meeting with Alex from Microsoft is scheduled for 1995-04-14,PERSON,Alex
The meeting with Alex from Microsoft is scheduled for 1995-04-14,ORG,Microsoft
Mary works at Meta in Tokyo since 2017-10-08,PERSON,Mary
Mary works at Meta in Tokyo since 2017-10-08,ORG,Meta
Mary works at Meta in Tokyo since 2017-10-08,GPE,Tokyo
Tokyo will host the event in 1985-06-02,GPE,Tokyo
John works at Amazon in Paris since 2008-05-16,PERSON,John
John works at Amazon in Paris since 2008-05-16,ORG,Amazon
John works at Amazon in Paris since 2008-05-16,GPE,Paris
Sara attended a conference on 1978-10-07,PERSON,Sara
Google announced new projects starting 1973-12-27,ORG,Google
London will host the event in 1986-04-22,GPE,London
John attended a conference on 2009-08-01,PERSON,John
The meeting with John from Amazon is scheduled for 2024-03-11,PERSON,John
The meeting with John from Amazon is scheduled for 2024-03-11,ORG,Amazon
Meta announced new projects starting 2001-10-20,ORG,Meta
Meta announced new projects starting 1992-11-30,ORG,Meta
The meeting with Mary from Amazon is scheduled for 2024-08-18,PERSON,Mary
The meeting with Mary from Amazon is scheduled for 2024-08-18,ORG,Amazon
Alex attended a conference on 1996-12-12,PERSON,Alex
Tokyo will host the event in 2002-12-05,GPE,Tokyo
Sara attended a conference on 2011-12-01,PERSON,Sara
Amazon announced new projects starting 2020-10-24,ORG,Amazon
Sara attended a conference on 2002-03-02,PERSON,Sara
Alex works at Amazon in London since 1983-06-09,PERSON,Alex
Alex works at Amazon in London since 1983-06-09,ORG,Amazon
Alex works at Amazon in London since 1983-06-09,GPE,London
The meeting with Alex from Google is scheduled for 1973-11-29,PERSON,Alex
The meeting with Alex from Google is scheduled for 1973-11-29,ORG,Google
John attended a conference on 1980-05-31,PERSON,John
The meeting with Mary from Amazon is scheduled for 1973-03-10,PERSON,Mary
The meeting with Mary from Amazon is scheduled for 1973-03-10,ORG,Amazon
Mary attended a conference on 2013-07-23,PERSON,Mary
Alex attended a conference on 1980-02-07,PERSON,Alex
Amazon announced new projects starting 2009-10-14,ORG,Amazon
Mary works at Google in Paris since 1971-04-11,PERSON,Mary
Mary works at Google in Paris since 1971-04-11,ORG,Google
Mary works at Google in Paris since 1971-04-11,GPE,Paris
Sara attended a conference on 2013-08-12,PERSON,Sara
The meeting with Alex from Microsoft is scheduled for 2018-12-10,PERSON,Alex
The meeting with Alex from Microsoft is scheduled for 2018-12-10,ORG,Microsoft
Alex works at Microsoft in Tokyo since 2018-03-07,PERSON,Alex
Alex works at Microsoft in Tokyo since 2018-03-07,ORG,Microsoft
Alex works at Microsoft in Tokyo since 2018-03-07,GPE,Tokyo
Paris will host the event in 2005-11-07,GPE,Paris
Microsoft announced new projects starting 1979-09-16,ORG,Microsoft
Alex attended a conference on 2012-02-22,PERSON,Alex
The meeting with Sara from Amazon is scheduled for 1991-09-09,PERSON,Sara
The meeting with Sara from Amazon is scheduled for 1991-09-09,ORG,Amazon
Sara attended a conference on 2002-02-20,PERSON,Sara
Sara attended a conference on 2023-12-17,PERSON,Sara
The meeting with John from Google is scheduled for 1997-05-25,PERSON,John
The meeting with John from Google is scheduled for 1997-05-25,ORG,Google
Google announced new projects starting 2007-01-07,ORG,Google
John attended a conference on 2006-03-19,PERSON,John
London will host the event in 2001-03-20,GPE,London
The meeting with Alex from Amazon is scheduled for 2015-06-27,PERSON,Alex
The meeting with Alex from Amazon is scheduled for 2015-06-27,ORG,Amazon
Mary attended a conference on 1977-05-31,PERSON,Mary
London will host the event in 2004-01-13,GPE,London
Mary attended a conference on 2007-01-15,PERSON,Mary
Alex attended a conference on 2013-10-24,PERSON,Alex
London will host the event in 2006-01-03,GPE,London
Tokyo will host the event in 2007-03-22,GPE,Tokyo
Amazon announced new projects starting 2014-10-11,ORG,Amazon
Paris will host the event in 2019-12-09,GPE,Paris
Amazon announced new projects starting 1976-12-06,ORG,Amazon
Google announced new projects starting 2010-02-11,ORG,Google
The meeting with John from Google is scheduled for 2013-12-22,PERSON,John
The meeting with John from Google is scheduled for 2013-12-22,ORG,Google
Sara attended a conference on 2003-07-24,PERSON,Sara
Sara attended a conference on 1978-11-13,PERSON,Sara
Mary works at Amazon in Tokyo since 1988-11-02,PERSON,Mary
Mary works at Amazon in Tokyo since 1988-11-02,ORG,Amazon
Mary works at Amazon in Tokyo since 1988-11-02,GPE,Tokyo
Mary attended a conference on 2020-11-05,PERSON,Mary
The meeting with Sara from Meta is scheduled for 2015-10-07,PERSON,Sara
The meeting with Sara from Meta is scheduled for 2015-10-07,ORG,Meta
Mary works at Meta in New York since 2015-05-10,PERSON,Mary
Mary works at Meta in New York since 2015-05-10,ORG,Meta
Google announced new projects starting 2015-08-04,ORG,Google
Amazon announced new projects starting 2011-01-15,ORG,Amazon
Sara attended a conference on 1988-01-16,PERSON,Sara
The meeting with Sara from Amazon is scheduled for 2023-01-21,PERSON,Sara
The meeting with Sara from Amazon is scheduled for 2023-01-21,ORG,Amazon
Meta announced new projects starting 1977-07-02,ORG,Meta
Microsoft announced new projects starting 2000-01-23,ORG,Microsoft
The meeting with Sara from Meta is scheduled for 1998-09-09,PERSON,Sara
The meeting with Sara from Meta is scheduled for 1998-09-09,ORG,Meta
Mary works at Google in Tokyo since 2004-04-25,PERSON,Mary
Mary works at Google in Tokyo since 2004-04-25,ORG,Google
Mary works at Google in Tokyo since 2004-04-25,GPE,Tokyo
Meta announced new projects starting 1991-12-23,ORG,Meta
The meeting with Mary from Amazon is scheduled for 1971-08-01,PERSON,Mary
The meeting with Mary from Amazon is scheduled for 1971-08-01,ORG,Amazon
John works at Meta in Tokyo since 1993-02-21,PERSON,John
John works at Meta in Tokyo since 1993-02-21,ORG,Meta
John works at Meta in Tokyo since 1993-02-21,GPE,Tokyo
Amazon announced new projects starting 1998-10-03,ORG,Amazon
Sara works at Google in London since 1987-03-15,PERSON,Sara
Sara works at Google in London since 1987-03-15,ORG,Google
Sara works at Google in London since 1987-03-15,GPE,London
Mary works at Google in New York since 2007-08-24,PERSON,Mary
Mary works at Google in New York since 2007-08-24,ORG,Google
Amazon announced new projects starting 2014-10-30,ORG,Amazon
Alex attended a conference on 1997-11-26,PERSON,Alex
Sara attended a conference on 2019-02-13,PERSON,Sara
John attended a conference on 1992-09-03,PERSON,John
Paris will host the event in 2010-10-23,GPE,Paris
The meeting with Mary from Microsoft is scheduled for 1993-03-29,PERSON,Mary
The meeting with Mary from Microsoft is scheduled for 1993-03-29,ORG,Microsoft
Microsoft announced new projects starting 1986-06-27,ORG,Microsoft
Meta announced new projects starting 1981-10-23,ORG,Meta
Meta announced new projects starting 2000-04-25,ORG,Meta
Paris will host the event in 2001-03-17,GPE,Paris
The meeting with Sara from Amazon is scheduled for 2006-08-26,PERSON,Sara
The meeting with Sara from Amazon is scheduled for 2006-08-26,ORG,Amazon
Mary attended a conference on 2016-06-27,PERSON,Mary
John works at Amazon in Tokyo since 1990-11-09,PERSON,John
John works at Amazon in Tokyo since 1990-11-09,ORG,Amazon
John works at Amazon in Tokyo since 1990-11-09,GPE,Tokyo
Google announced new projects starting 1992-01-09,ORG,Google
Microsoft announced new projects starting 1984-08-23,ORG,Microsoft
The meeting with John from Meta is scheduled for 2001-05-22,PERSON,John
The meeting with John from Meta is scheduled for 2001-05-22,ORG,Meta
Mary attended a conference on 1970-02-10,PERSON,Mary
Alex attended a conference on 1975-07-03,PERSON,Alex
Microsoft announced new projects starting 1990-07-29,ORG,Microsoft
The meeting with Mary from Amazon is scheduled for 1979-10-23,PERSON,Mary
The meeting with Mary from Amazon is scheduled for 1979-10-23,ORG,Amazon
Microsoft announced new projects starting 1971-07-08,ORG,Microsoft
Mary attended a conference on 2017-06-28,PERSON,Mary
The meeting with Alex from Amazon is scheduled for 2005-06-25,PERSON,Alex
The meeting with Alex from Amazon is scheduled for 2005-06-25,ORG,Amazon
Mary works at Google in New York since 1971-07-02,PERSON,Mary
Mary works at Google in New York since 1971-07-02,ORG,Google
Microsoft announced new projects starting 1975-08-25,ORG,Microsoft
Sara works at Meta in Tokyo since 1994-12-04,PERSON,Sara
Sara works at Meta in Tokyo since 1994-12-04,ORG,Meta
Sara works at Meta in Tokyo since 1994-12-04,GPE,Tokyo
Mary attended a conference on 2002-10-02,PERSON,Mary
Tokyo will host the event in 1997-09-08,GPE,Tokyo
Tokyo will host the event in 2016-10-09,GPE,Tokyo
Paris will host the event in 1982-02-15,GPE,Paris
Tokyo will host the event in 1996-08-17,GPE,Tokyo
London will host the event in 1989-02-13,GPE,London
Microsoft announced new projects starting 1977-03-01,ORG,Microsoft
The meeting with Alex from Google is scheduled for 2009-10-16,PERSON,Alex
The meeting with Alex from Google is scheduled for 2009-10-16,ORG,Google
Paris will host the event in 2003-05-30,GPE,Paris
Meta announced new projects starting 1999-01-21,ORG,Meta
John attended a conference on 1971-04-02,PERSON,John
John attended a conference on 2016-10-12,PERSON,John
Mary works at Amazon in New York since 1976-12-01,PERSON,Mary
Mary works at Amazon in New York since 1976-12-01,ORG,Amazon
Google announced new projects starting 1991-12-21,ORG,Google
London will host the event in 1991-06-15,GPE,London
Alex attended a conference on 1985-04-25,PERSON,Alex
London will host the event in 1972-09-17,GPE,London
Sara attended a conference on 2003-06-12,PERSON,Sara
Tokyo will host the event in 1989-09-27,GPE,Tokyo
The meeting with Sara from Microsoft is scheduled for 2010-07-06,PERSON,Sara
The meeting with Sara from Microsoft is scheduled for 2010-07-06,ORG,Microsoft
The meeting with Sara from Google is scheduled for 1990-12-03,PERSON,Sara
The meeting with Sara from Google is scheduled for 1990-12-03,ORG,Google
Mary works at Meta in Tokyo since 2006-02-16,PERSON,Mary
Mary works at Meta in Tokyo since 2006-02-16,ORG,Meta
Mary works at Meta in Tokyo since 2006-02-16,GPE,Tokyo
Sara works at Amazon in New York since 2018-05-31,PERSON,Sara
Sara works at Amazon in New York since 2018-05-31,ORG,Amazon
Paris will host the event in 2019-03-12,GPE,Paris
Sara attended a conference on 1992-06-06,PERSON,Sara
Mary attended a conference on 1998-08-07,PERSON,Mary
The meeting with Mary from Google is scheduled for 2010-01-18,PERSON,Mary
The meeting with Mary from Google is scheduled for 2010-01-18,ORG,Google
Amazon announced new projects starting 2002-10-15,ORG,Amazon
The meeting with Alex from Microsoft is scheduled for 2022-03-30,PERSON,Alex
The meeting with Alex from Microsoft is scheduled for 2022-03-30,ORG,Microsoft
Mary attended a conference on 2000-02-16,PERSON,Mary
Sara attended a conference on 1999-12-10,PERSON,Sara
The meeting with Alex from Amazon is scheduled for 2007-05-14,PERSON,Alex
The meeting with Alex from Amazon is scheduled for 2007-05-14,ORG,Amazon
Tokyo will host the event in 2024-05-27,GPE,Tokyo
Alex works at Meta in New York since 2005-07-02,PERSON,Alex
Alex works at Meta in New York since 2005-07-02,ORG,Meta
Sara works at Amazon in London since 2020-01-27,PERSON,Sara
Sara works at Amazon in London since 2020-01-27,ORG,Amazon
Sara works at Amazon in London since 2020-01-27,GPE,London
Alex works at Google in Paris since 2018-11-03,PERSON,Alex
Alex works at Google in Paris since 2018-11-03,ORG,Google
Alex works at Google in Paris since 2018-11-03,GPE,Paris
Amazon announced new projects starting 1999-01-11,ORG,Amazon
Alex attended a conference on 1990-08-04,PERSON,Alex
Mary works at Google in Tokyo since 2024-05-13,PERSON,Mary
Mary works at Google in Tokyo since 2024-05-13,ORG,Google
Mary works at Google in Tokyo since 2024-05-13,GPE,Tokyo
The meeting with John from Microsoft is scheduled for 2013-01-26,PERSON,John
The meeting with John from Microsoft is scheduled for 2013-01-26,ORG,Microsoft
The meeting with Alex from Meta is scheduled for 2007-09-17,PERSON,Alex
The meeting with Alex from Meta is scheduled for 2007-09-17,ORG,Meta
Mary attended a conference on 1994-06-14,PERSON,Mary
Microsoft announced new projects starting 2022-07-23,ORG,Microsoft
The meeting with John from Amazon is scheduled for 1998-05-21,PERSON,John
The meeting with John from Amazon is scheduled for 1998-05-21,ORG,Amazon
Sara attended a conference on 1983-05-08,PERSON,Sara
Tokyo will host the event in 2022-02-01,GPE,Tokyo
Google announced new projects starting 2016-07-05,ORG,Google
Mary attended a conference on 1999-04-28,PERSON,Mary
John attended a conference on 2011-03-27,PERSON,John
The meeting with Mary from Amazon is scheduled for 1980-08-06,PERSON,Mary
The meeting with Mary from Amazon is scheduled for 1980-08-06,ORG,Amazon
Mary attended a conference on 1993-06-09,PERSON,Mary
Meta announced new projects starting 2005-01-28,ORG,Meta
Alex attended a conference on 1976-09-09,PERSON,Alex
Alex attended a conference on 1977-11-24,PERSON,Alex
Amazon announced new projects starting 1974-12-05,ORG,Amazon
The meeting with Alex from Microsoft is scheduled for 1990-07-10,PERSON,Alex
The meeting with Alex from Microsoft is scheduled for 1990-07-10,ORG,Microsoft
Paris will host the event in 1976-02-09,GPE,Paris
Alex works at Google in London since 1973-10-02,PERSON,Alex
Alex works at Google in London since 1973-10-02,ORG,Google
Alex works at Google in London since 1973-10-02,GPE,London
John attended a conference on 2020-02-08,PERSON,John
Microsoft announced new projects starting 1990-04-25,ORG,Microsoft
Meta announced new projects starting 1984-11-20,ORG,Meta
The meeting with Sara from Meta is scheduled for 2014-03-31,PERSON,Sara
The meeting with Sara from Meta is scheduled for 2014-03-31,ORG,Meta
Paris will host the event in 2024-08-02,GPE,Paris
Mary works at Microsoft in Tokyo since 1971-05-29,PERSON,Mary
Mary works at Microsoft in Tokyo since 1971-05-29,ORG,Microsoft
Mary works at Microsoft in Tokyo since 1971-05-29,GPE,Tokyo
Sara works at Meta in London since 1997-06-06,PERSON,Sara
Sara works at Meta in London since 1997-06-06,ORG,Meta
Sara works at Meta in London since 1997-06-06,GPE,London
Sara attended a conference on 1974-12-20,PERSON,Sara
Sara works at Microsoft in New York since 1978-03-23,PERSON,Sara
Sara works at Microsoft in New York since 1978-03-23,ORG,Microsoft
Mary attended a conference on 2010-11-21,PERSON,Mary
Alex attended a conference on 2016-08-24,PERSON,Alex
London will host the event in 1998-08-30,GPE,London
John attended a conference on 2009-01-01,PERSON,John
Alex works at Meta in Paris since 2019-08-16,PERSON,Alex
Alex works at Meta in Paris since 2019-08-16,ORG,Meta
Alex works at Meta in Paris since 2019-08-16,GPE,Paris
Sara attended a conference on 1984-10-17,PERSON,Sara
Mary works at Microsoft in Paris since 1977-05-10,PERSON,Mary
Mary works at Microsoft in Paris since 1977-05-10,ORG,Microsoft
Mary works at Microsoft in Paris since 1977-05-10,GPE,Paris
Sara attended a conference on 2016-02-05,PERSON,Sara
The meeting with Alex from Google is scheduled for 2013-05-02,PERSON,Alex
The meeting with Alex from Google is scheduled for 2013-05-02,ORG,Google
John attended a conference on 1999-10-23,PERSON,John
Mary attended a conference on 2005-11-21,PERSON,Mary
Mary attended a conference on 1989-10-12,PERSON,Mary
The meeting with John from Amazon is scheduled for 2024-08-22,PERSON,John
The meeting with John from Amazon is scheduled for 2024-08-22,ORG,Amazon
Amazon announced new projects starting 1976-08-05,ORG,Amazon
Alex works at Google in Tokyo since 2003-11-28,PERSON,Alex
Alex works at Google in Tokyo since 2003-11-28,ORG,Google
Alex works at Google in Tokyo since 2003-11-28,GPE,Tokyo
Amazon announced new projects starting 1984-06-21,ORG,Amazon
Amazon announced new projects starting 2010-10-05,ORG,Amazon
Alex works at Google in London since 2004-11-19,PERSON,Alex
Alex works at Google in London since 2004-11-19,ORG,Google
Alex works at Google in London since 2004-11-19,GPE,London
Meta announced new projects starting 1989-08-02,ORG,Meta
John attended a conference on 2007-03-01,PERSON,John
The meeting with Mary from Microsoft is scheduled for 1983-10-25,PERSON,Mary
The meeting with Mary from Microsoft is scheduled for 1983-10-25,ORG,Microsoft
Alex works at Meta in New York since 1999-12-13,PERSON,Alex
Alex works at Meta in New York since 1999-12-13,ORG,Meta
Alex attended a conference on 1991-03-10,PERSON,Alex
Meta announced new projects starting 2003-04-24,ORG,Meta
Alex works at Microsoft in London since 2023-03-03,PERSON,Alex
Alex works at Microsoft in London since 2023-03-03,ORG,Microsoft
Alex works at Microsoft in London since 2023-03-03,GPE,London
Tokyo will host the event in 1977-11-20,GPE,Tokyo
Tokyo will host the event in 2016-01-13,GPE,Tokyo
The meeting with John from Google is scheduled for 1980-02-14,PERSON,John
The meeting with John from Google is scheduled for 1980-02-14,ORG,Google
Meta announced new projects starting 2003-11-28,ORG,Meta
The meeting with Sara from Meta is scheduled for 2009-08-21,PERSON,Sara
The meeting with Sara from Meta is scheduled for 2009-08-21,ORG,Meta
Alex attended a conference on 2011-05-05,PERSON,Alex
London will host the event in 1995-08-07,GPE,London
Paris will host the event in 2023-11-06,GPE,Paris
Mary works at Microsoft in New York since 2024-06-21,PERSON,Mary
Mary works at Microsoft in New York since 2024-06-21,ORG,Microsoft
Meta announced new projects starting 1981-04-06,ORG,Meta
The meeting with Mary from Microsoft is scheduled for 1990-04-04,PERSON,Mary
The meeting with Mary from Microsoft is scheduled for 1990-04-04,ORG,Microsoft
Amazon announced new projects starting 2004-03-19,ORG,Amazon
The meeting with Mary from Google is scheduled for 2009-12-12,PERSON,Mary
The meeting with Mary from Google is scheduled for 2009-12-12,ORG,Google
John attended a conference on 1997-09-24,PERSON,John
Mary works at Amazon in London since 1971-10-02,PERSON,Mary
Mary works at Amazon in London since 1971-10-02,ORG,Amazon
Mary works at Amazon in London since 1971-10-02,GPE,London
Sara works at Amazon in Tokyo since 2007-12-12,PERSON,Sara
Sara works at Amazon in Tokyo since 2007-12-12,ORG,Amazon
Sara works at Amazon in Tokyo since 2007-12-12,GPE,Tokyo
John attended a conference on 1983-08-20,PERSON,John
The meeting with John from Amazon is scheduled for 2015-01-31,PERSON,John
The meeting with John from Amazon is scheduled for 2015-01-31,ORG,Amazon
Meta announced new projects starting 1999-03-14,ORG,Meta
London will host the event in 2007-09-10,GPE,London
The meeting with John from Meta is scheduled for 2016-07-01,PERSON,John
The meeting with John from Meta is scheduled for 2016-07-01,ORG,Meta
Alex works at Amazon in Tokyo since 2018-06-25,PERSON,Alex
Alex works at Amazon in Tokyo since 2018-06-25,ORG,Amazon
Alex works at Amazon in Tokyo since 2018-06-25,GPE,Tokyo
The meeting with Alex from Meta is scheduled for 1989-08-12,PERSON,Alex
The meeting with Alex from Meta is scheduled for 1989-08-12,ORG,Meta
Sara attended a conference on 2003-10-05,PERSON,Sara
Alex attended a conference on 2008-02-17,PERSON,Alex
Google announced new projects starting 2009-03-08,ORG,Google
Meta announced new projects starting 2024-02-18,ORG,Meta
Mary works at Amazon in Tokyo since 2015-10-05,PERSON,Mary
Mary works at Amazon in Tokyo since 2015-10-05,ORG,Amazon
Mary works at Amazon in Tokyo since 2015-10-05,GPE,Tokyo
The meeting with Alex from Amazon is scheduled for 1977-02-11,PERSON,Alex
The meeting with Alex from Amazon is scheduled for 1977-02-11,ORG,Amazon
John attended a conference on 2019-07-18,PERSON,John
John attended a conference on 2007-08-16,PERSON,John
Mary works at Meta in Paris since 1974-09-30,PERSON,Mary
Mary works at Meta in Paris since 1974-09-30,ORG,Meta
Mary works at Meta in Paris since 1974-09-30,GPE,Paris
Amazon announced new projects starting 2016-08-06,ORG,Amazon
The meeting with John from Amazon is scheduled for 2005-01-27,PERSON,John
The meeting with John from Amazon is scheduled for 2005-01-27,ORG,Amazon
The meeting with John from Microsoft is scheduled for 2018-12-21,PERSON,John
The meeting with John from Microsoft is scheduled for 2018-12-21,ORG,Microsoft
Mary attended a conference on 2014-01-12,PERSON,Mary
London will host the event in 2013-10-29,GPE,London
John works at Amazon in Tokyo since 1987-09-15,PERSON,John
John works at Amazon in Tokyo since 1987-09-15,ORG,Amazon
John works at Amazon in Tokyo since 1987-09-15,GPE,Tokyo
Sara attended a conference on 1979-12-07,PERSON,Sara
Mary attended a conference on 2023-09-13,PERSON,Mary
Amazon announced new projects starting 1975-05-15,ORG,Amazon
The meeting with John from Amazon is scheduled for 2013-04-18,PERSON,John
The meeting with John from Amazon is scheduled for 2013-04-18,ORG,Amazon
Paris will host the event in 2000-06-25,GPE,Paris
John attended a conference on 1973-01-31,PERSON,John
The meeting with Mary from Microsoft is scheduled for 2005-10-06,PERSON,Mary
The meeting with Mary from Microsoft is scheduled for 2005-10-06,ORG,Microsoft
John attended a conference on 2001-12-08,PERSON,John
Sara works at Microsoft in Tokyo since 1990-07-30,PERSON,Sara
Sara works at Microsoft in Tokyo since 1990-07-30,ORG,Microsoft
Sara works at Microsoft in Tokyo since 1990-07-30,GPE,Tokyo
Sara works at Amazon in Paris since 2010-04-27,PERSON,Sara
Sara works at Amazon in Paris since 2010-04-27,ORG,Amazon
Sara works at Amazon in Paris since 2010-04-27,GPE,Paris
John works at Meta in New York since 2020-01-27,PERSON,John
John works at Meta in New York since 2020-01-27,ORG,Meta
Alex attended a conference on 2006-04-26,PERSON,Alex
Amazon announced new projects starting 2023-05-13,ORG,Amazon
Meta announced new projects starting 2011-02-08,ORG,Meta
London will host the event in 1983-09-26,GPE,London
Microsoft announced new projects starting 1983-09-18,ORG,Microsoft
Amazon announced new projects starting 1970-05-18,ORG,Amazon
The meeting with Alex from Amazon is scheduled for 2003-06-25,PERSON,Alex
The meeting with Alex from Amazon is scheduled for 2003-06-25,ORG,Amazon
Alex attended a conference on 1991-03-07,PERSON,Alex
Microsoft announced new projects starting 1974-01-03,ORG,Microsoft
Meta announced new projects starting 1976-08-26,ORG,Meta
The meeting with Alex from Google is scheduled for 1982-08-06,PERSON,Alex
The meeting with Alex from Google is scheduled for 1982-08-06,ORG,Google
John works at Amazon in London since 1971-09-15,PERSON,John
John works at Amazon in London since 1971-09-15,ORG,Amazon
John works at Amazon in London since 1971-09-15,GPE,London
Alex works at Google in New York since 2008-12-16,PERSON,Alex
Alex works at Google in New York since 2008-12-16,ORG,Google
The meeting with John from Google is scheduled for 1980-08-15,PERSON,John
The meeting with John from Google is scheduled for 1980-08-15,ORG,Google
Alex attended a conference on 1980-08-30,PERSON,Alex
Microsoft announced new projects starting 2022-07-28,ORG,Microsoft
Meta announced new projects starting 1976-01-14,ORG,Meta
Meta announced new projects starting 2016-01-12,ORG,Meta
Alex attended a conference on 1993-06-18,PERSON,Alex
Alex works at Meta in London since 1990-08-17,PERSON,Alex
Alex works at Meta in London since 1990-08-17,ORG,Meta
Alex works at Meta in London since 1990-08-17,GPE,London
The meeting with Mary from Amazon is scheduled for 2002-02-28,PERSON,Mary
The meeting with Mary from Amazon is scheduled for 2002-02-28,ORG,Amazon
Alex works at Meta in Paris since 1987-10-20,PERSON,Alex
Alex works at Meta in Paris since 1987-10-20,ORG,Meta
Alex works at Meta in Paris since 1987-10-20,GPE,Paris
Sara works at Meta in Paris since 1986-03-01,PERSON,Sara
Sara works at Meta in Paris since 1986-03-01,ORG,Meta
Sara works at Meta in Paris since 1986-03-01,GPE,Paris
Google announced new projects starting 1976-05-28,ORG,Google
Alex attended a conference on 2009-02-15,PERSON,Alex
Google announced new projects starting 2008-01-07,ORG,Google
Microsoft announced new projects starting 1972-10-04,ORG,Microsoft
The meeting with Alex from Amazon is scheduled for 1986-06-28,PERSON,Alex
The meeting with Alex from Amazon is scheduled for 1986-06-28,ORG,Amazon
Tokyo will host the event in 2000-12-21,GPE,Tokyo
The meeting with John from Amazon is scheduled for 1983-10-03,PERSON,John
The meeting with John from Amazon is scheduled for 1983-10-03,ORG,Amazon
Alex attended a conference on 2022-09-29,PERSON,Alex
Tokyo will host the event in 1970-02-18,GPE,Tokyo
The meeting with Mary from Microsoft is scheduled for 1990-04-02,PERSON,Mary
The meeting with Mary from Microsoft is scheduled for 1990-04-02,ORG,Microsoft
Sara attended a conference on 2004-11-02,PERSON,Sara
Sara attended a conference on 1998-10-27,PERSON,Sara
Microsoft announced new projects starting 2006-12-04,ORG,Microsoft
Sara attended a conference on 2006-06-25,PERSON,Sara
Amazon announced new projects starting 1970-09-25,ORG,Amazon
The meeting with John from Google is scheduled for 1971-07-25,PERSON,John
The meeting with John from Google is scheduled for 1971-07-25,ORG,Google
The meeting with Sara from Amazon is scheduled for 2022-06-27,PERSON,Sara
The meeting with Sara from Amazon is scheduled for 2022-06-27,ORG,Amazon
Alex attended a conference on 2000-04-17,PERSON,Alex
Amazon announced new projects starting 1984-07-10,ORG,Amazon
Tokyo will host the event in 1978-08-24,GPE,Tokyo
Google announced new projects starting 1992-12-16,ORG,Google
Google announced new projects starting 1973-07-09,ORG,Google
Amazon announced new projects starting 1996-03-09,ORG,Amazon
Mary works at Meta in London since 1976-08-10,PERSON,Mary
Mary works at Meta in London since 1976-08-10,ORG,Meta
Mary works at Meta in London since 1976-08-10,GPE,London
Meta announced new projects starting 1978-05-29,ORG,Meta
The meeting with Alex from Microsoft is scheduled for 2014-08-29,PERSON,Alex
The meeting with Alex from Microsoft is scheduled for 2014-08-29,ORG,Microsoft
Tokyo will host the event in 1971-04-14,GPE,Tokyo
Mary works at Amazon in New York since 2009-03-31,PERSON,Mary
Mary works at Amazon in New York since 2009-03-31,ORG,Amazon
The meeting with Mary from Amazon is scheduled for 2011-10-29,PERSON,Mary
The meeting with Mary from Amazon is scheduled for 2011-10-29,ORG,Amazon
Mary works at Amazon in Tokyo since 1974-06-10,PERSON,Mary
Mary works at Amazon in Tokyo since 1974-06-10,ORG,Amazon
Mary works at Amazon in Tokyo since 1974-06-10,GPE,Tokyo
John works at Microsoft in Paris since 1974-04-27,PERSON,John
John works at Microsoft in Paris since 1974-04-27,ORG,Microsoft
John works at Microsoft in Paris since 1974-04-27,GPE,Paris
Microsoft announced new projects starting 1973-03-21,ORG,Microsoft
Meta announced new projects starting 2004-02-16,ORG,Meta
Sara attended a conference on 2003-11-11,PERSON,Sara
The meeting with Sara from Microsoft is scheduled for 1992-02-21,PERSON,Sara
The meeting with Sara from Microsoft is scheduled for 1992-02-21,ORG,Microsoft
John works at Microsoft in Tokyo since 1975-01-06,PERSON,John
John works at Microsoft in Tokyo since 1975-01-06,ORG,Microsoft
John works at Microsoft in Tokyo since 1975-01-06,GPE,Tokyo
The meeting with Mary from Microsoft is scheduled for 1990-05-10,PERSON,Mary
The meeting with Mary from Microsoft is scheduled for 1990-05-10,ORG,Microsoft
John works at Microsoft in New York since 1987-05-07,PERSON,John
John works at Microsoft in New York since 1987-05-07,ORG,Microsoft
The meeting with John from Meta is scheduled for 1999-04-16,PERSON,John
The meeting with John from Meta is scheduled for 1999-04-16,ORG,Meta
Paris will host the event in 2005-04-17,GPE,Paris
The meeting with Mary from Meta is scheduled for 2017-09-10,PERSON,Mary
The meeting with Mary from Meta is scheduled for 2017-09-10,ORG,Meta
Sara attended a conference on 1980-08-22,PERSON,Sara
London will host the event in 2018-03-18,GPE,London
The meeting with Alex from Amazon is scheduled for 2004-03-17,PERSON,Alex
The meeting with Alex from Amazon is scheduled for 2004-03-17,ORG,Amazon
Paris will host the event in 1970-03-13,GPE,Paris
Google announced new projects starting 1984-01-20,ORG,Google
Alex attended a conference on 1995-10-07,PERSON,Alex
Alex attended a conference on 1977-08-28,PERSON,Alex
John attended a conference on 2020-09-08,PERSON,John
Sara works at Microsoft in Paris since 2005-10-29,PERSON,Sara
Sara works at Microsoft in Paris since 2005-10-29,ORG,Microsoft
Sara works at Microsoft in Paris since 2005-10-29,GPE,Paris
Sara works at Meta in London since 1998-11-24,PERSON,Sara
Sara works at Meta in London since 1998-11-24,ORG,Meta
Sara works at Meta in London since 1998-11-24,GPE,London
John attended a conference on 1975-10-30,PERSON,John
Microsoft announced new projects starting 1974-04-03,ORG,Microsoft
The meeting with John from Meta is scheduled for 1996-12-28,PERSON,John
The meeting with John from Meta is scheduled for 1996-12-28,ORG,Meta
The meeting with Sara from Amazon is scheduled for 1970-10-16,PERSON,Sara
The meeting with Sara from Amazon is scheduled for 1970-10-16,ORG,Amazon
Google announced new projects starting 1996-03-28,ORG,Google
Microsoft announced new projects starting 1989-12-07,ORG,Microsoft
Alex attended a conference on 2016-11-03,PERSON,Alex
John attended a conference on 2009-06-26,PERSON,John
Sara attended a conference on 2002-02-08,PERSON,Sara
Mary works at Microsoft in London since 1985-12-23,PERSON,Mary
Mary works at Microsoft in London since 1985-12-23,ORG,Microsoft
Mary works at Microsoft in London since 1985-12-23,GPE,London
John works at Amazon in New York since 1988-03-07,PERSON,John
John works at Amazon in New York since 1988-03-07,ORG,Amazon
Google announced new projects starting 2015-01-06,ORG,Google
Alex attended a conference on 1989-11-12,PERSON,Alex
Alex works at Google in New York since 1975-08-21,PERSON,Alex
Alex works at Google in New York since 1975-08-21,ORG,Google
Mary attended a conference on 2018-12-27,PERSON,Mary
The meeting with Sara from Meta is scheduled for 2008-12-26,PERSON,Sara
The meeting with Sara from Meta is scheduled for 2008-12-26,ORG,Meta
Mary works at Amazon in Tokyo since 1981-12-24,PERSON,Mary
Mary works at Amazon in Tokyo since 1981-12-24,ORG,Amazon
Mary works at Amazon in Tokyo since 1981-12-24,GPE,Tokyo
Sara works at Microsoft in Tokyo since 1991-02-07,PERSON,Sara
Sara works at Microsoft in Tokyo since 1991-02-07,ORG,Microsoft
Sara works at Microsoft in Tokyo since 1991-02-07,GPE,Tokyo
Paris will host the event in 2019-09-24,GPE,Paris
Alex attended a conference on 1990-06-09,PERSON,Alex
The meeting with Mary from Amazon is scheduled for 2015-01-22,PERSON,Mary
The meeting with Mary from Amazon is scheduled for 2015-01-22,ORG,Amazon
Alex attended a conference on 2011-12-08,PERSON,Alex
Amazon announced new projects starting 1987-07-04,ORG,Amazon
Paris will host the event in 1995-06-09,GPE,Paris
Microsoft announced new projects starting 2018-01-09,ORG,Microsoft
The meeting with John from Meta is scheduled for 2003-06-07,PERSON,John
The meeting with John from Meta is scheduled for 2003-06-07,ORG,Meta
Sara works at Microsoft in Paris since 2019-07-31,PERSON,Sara
Sara works at Microsoft in Paris since 2019-07-31,ORG,Microsoft
Sara works at Microsoft in Paris since 2019-07-31,GPE,Paris
The meeting with John from Google is scheduled for 2019-07-12,PERSON,John
The meeting with John from Google is scheduled for 2019-07-12,ORG,Google
John attended a conference on 2019-02-01,PERSON,John
The meeting with Sara from Amazon is scheduled for 2019-04-07,PERSON,Sara
The meeting with Sara from Amazon is scheduled for 2019-04-07,ORG,Amazon
John attended a conference on 1986-03-25,PERSON,John
Alex attended a conference on 2020-02-21,PERSON,Alex
Tokyo will host the event in 2015-04-20,GPE,Tokyo
Mary works at Meta in Tokyo since 1995-12-18,PERSON,Mary
Mary works at Meta in Tokyo since 1995-12-18,ORG,Meta
Mary works at Meta in Tokyo since 1995-12-18,GPE,Tokyo
The meeting with Mary from Amazon is scheduled for 1985-11-14,PERSON,Mary
The meeting with Mary from Amazon is scheduled for 1985-11-14,ORG,Amazon
London will host the event in 1997-05-17,GPE,London
Microsoft announced new projects starting 1973-06-25,ORG,Microsoft
The meeting with Mary from Amazon is scheduled for 1997-10-19,PERSON,Mary
The meeting with Mary from Amazon is scheduled for 1997-10-19,ORG,Amazon
Paris will host the event in 2006-10-26,GPE,Paris
Google announced new projects starting 1990-06-28,ORG,Google
The meeting with Mary from Amazon is scheduled for 2001-03-02,PERSON,Mary
The meeting with Mary from Amazon is scheduled for 2001-03-02,ORG,Amazon
The meeting with Alex from Microsoft is scheduled for 2017-07-13,PERSON,Alex
The meeting with Alex from Microsoft is scheduled for 2017-07-13,ORG,Microsoft
John attended a conference on 1986-06-30,PERSON,John
Sara works at Microsoft in New York since 2012-04-16,PERSON,Sara
Sara works at Microsoft in New York since 2012-04-16,ORG,Microsoft
Mary attended a conference on 1989-01-28,PERSON,Mary
Meta announced new projects starting 2021-07-08,ORG,Meta
Alex works at Amazon in Paris since 2005-06-07,PERSON,Alex
Alex works at Amazon in Paris since 2005-06-07,ORG,Amazon
Alex works at Amazon in Paris since 2005-06-07,GPE,Paris
Mary works at Google in London since 2002-12-30,PERSON,Mary
Mary works at Google in London since 2002-12-30,ORG,Google
Mary works at Google in London since 2002-12-30,GPE,London
Amazon announced new projects starting 2021-05-11,ORG,Amazon
Sara works at Google in Paris since 2020-12-02,PERSON,Sara
Sara works at Google in Paris since 2020-12-02,ORG,Google
Sara works at Google in Paris since 2020-12-02,GPE,Paris
Microsoft announced new projects starting 2003-06-06,ORG,Microsoft
John works at Microsoft in New York since 2011-07-31,PERSON,John
John works at Microsoft in New York since 2011-07-31,ORG,Microsoft
The meeting with Sara from Amazon is scheduled for 2014-04-07,PERSON,Sara
The meeting with Sara from Amazon is scheduled for 2014-04-07,ORG,Amazon
The meeting with John from Microsoft is scheduled for 2006-11-26,PERSON,John
The meeting with John from Microsoft is scheduled for 2006-11-26,ORG,Microsoft
John attended a conference on 1975-07-05,PERSON,John
Mary attended a conference on 2002-12-09,PERSON,Mary
Microsoft announced new projects starting 1994-10-25,ORG,Microsoft
Paris will host the event in 2018-01-21,GPE,Paris
Mary works at Amazon in Paris since 1981-08-05,PERSON,Mary
Mary works at Amazon in Paris since 1981-08-05,ORG,Amazon
Mary works at Amazon in Paris since 1981-08-05,GPE,Paris
The meeting with Sara from Meta is scheduled for 1989-02-25,PERSON,Sara
The meeting with Sara from Meta is scheduled for 1989-02-25,ORG,Meta
Alex works at Microsoft in Tokyo since 2016-11-04,PERSON,Alex
Alex works at Microsoft in Tokyo since 2016-11-04,ORG,Microsoft
Alex works at Microsoft in Tokyo since 2016-11-04,GPE,Tokyo
The meeting with Mary from Amazon is scheduled for 2001-08-04,PERSON,Mary
The meeting with Mary from Amazon is scheduled for 2001-08-04,ORG,Amazon
Paris will host the event in 1972-03-04,GPE,Paris
Sara attended a conference on 1989-03-06,PERSON,Sara
Alex works at Microsoft in Paris since 1992-05-26,PERSON,Alex
Alex works at Microsoft in Paris since 1992-05-26,ORG,Microsoft
Alex works at Microsoft in Paris since 1992-05-26,GPE,Paris
The meeting with Alex from Microsoft is scheduled for 2001-09-16,PERSON,Alex
The meeting with Alex from Microsoft is scheduled for 2001-09-16,ORG,Microsoft
Paris will host the event in 2013-11-28,GPE,Paris
The meeting with Mary from Google is scheduled for 1988-07-22,PERSON,Mary
The meeting with Mary from Google is scheduled for 1988-07-22,ORG,Google
Mary attended a conference on 2003-05-28,PERSON,Mary
Microsoft announced new projects starting 1990-07-21,ORG,Microsoft
Sara works at Meta in New York since 1974-07-03,PERSON,Sara
Sara works at Meta in New York since 1974-07-03,ORG,Meta
The meeting with Mary from Microsoft is scheduled for 2006-06-10,PERSON,Mary
The meeting with Mary from Microsoft is scheduled for 2006-06-10,ORG,Microsoft
The meeting with John from Microsoft is scheduled for 1994-02-04,PERSON,John
The meeting with John from Microsoft is scheduled for 1994-02-04,ORG,Microsoft
Amazon announced new projects starting 2012-03-01,ORG,Amazon
Google announced new projects starting 1994-01-20,ORG,Google
Alex works at Amazon in Paris since 1979-02-01,PERSON,Alex
Alex works at Amazon in Paris since 1979-02-01,ORG,Amazon
Alex works at Amazon in Paris since 1979-02-01,GPE,Paris
Amazon announced new projects starting 2019-10-19,ORG,Amazon
Alex works at Microsoft in New York since 2015-05-12,PERSON,Alex
Alex works at Microsoft in New York since 2015-05-12,ORG,Microsoft
Mary attended a conference on 2024-01-16,PERSON,Mary
Sara attended a conference on 1988-02-01,PERSON,Sara
Microsoft announced new projects starting 1978-11-26,ORG,Microsoft
Amazon announced new projects starting 2018-09-02,ORG,Amazon
Sara attended a conference on 1977-03-11,PERSON,Sara
Alex works at Amazon in Tokyo since 2023-04-29,PERSON,Alex
Alex works at Amazon in Tokyo since 2023-04-29,ORG,Amazon
Alex works at Amazon in Tokyo since 2023-04-29,GPE,Tokyo
The meeting with Sara from Microsoft is scheduled for 1999-08-21,PERSON,Sara
The meeting with Sara from Microsoft is scheduled for 1999-08-21,ORG,Microsoft
John attended a conference on 2004-08-21,PERSON,John
Sara attended a conference on 1970-01-05,PERSON,Sara
London will host the event in 1981-09-16,GPE,London
Sara works at Google in New York since 1979-07-08,PERSON,Sara
Sara works at Google in New York since 1979-07-08,ORG,Google
Sara attended a conference on 1996-04-13,PERSON,Sara
The meeting with Alex from Google is scheduled for 1971-09-06,PERSON,Alex
The meeting with Alex from Google is scheduled for 1971-09-06,ORG,Google
Amazon announced new projects starting 2012-07-10,ORG,Amazon
Meta announced new projects starting 1980-07-31,ORG,Meta
Microsoft announced new projects starting 1977-10-12,ORG,Microsoft
The meeting with Mary from Microsoft is scheduled for 1995-10-10,PERSON,Mary
The meeting with Mary from Microsoft is scheduled for 1995-10-10,ORG,Microsoft
Tokyo will host the event in 2019-11-08,GPE,Tokyo
Alex works at Amazon in Tokyo since 2018-05-14,PERSON,Alex
Alex works at Amazon in Tokyo since 2018-05-14,ORG,Amazon
Alex works at Amazon in Tokyo since 2018-05-14,GPE,Tokyo
The meeting with Mary from Meta is scheduled for 1976-10-01,PERSON,Mary
The meeting with Mary from Meta is scheduled for 1976-10-01,ORG,Meta
Sara works at Amazon in New York since 2014-04-20,PERSON,Sara
Sara works at Amazon in New York since 2014-04-20,ORG,Amazon
Microsoft announced new projects starting 2018-12-31,ORG,Microsoft
Google announced new projects starting 2022-02-06,ORG,Google
John attended a conference on 2023-04-02,PERSON,John
John attended a conference on 1976-10-15,PERSON,John
The meeting with Mary from Microsoft is scheduled for 1983-11-01,PERSON,Mary
The meeting with Mary from Microsoft is scheduled for 1983-11-01,ORG,Microsoft
Meta announced new projects starting 1976-08-18,ORG,Meta
Mary attended a conference on 1999-10-05,PERSON,Mary
Microsoft announced new projects starting 1976-01-18,ORG,Microsoft
Mary attended a conference on 1980-12-25,PERSON,Mary
Sara works at Microsoft in New York since 1985-03-17,PERSON,Sara
Sara works at Microsoft in New York since 1985-03-17,ORG,Microsoft
Microsoft announced new projects starting 1996-04-12,ORG,Microsoft
Sara works at Microsoft in London since 1980-04-01,PERSON,Sara
Sara works at Microsoft in London since 1980-04-01,ORG,Microsoft
Sara works at Microsoft in London since 1980-04-01,GPE,London
Amazon announced new projects starting 1978-11-15,ORG,Amazon
Microsoft announced new projects starting 1995-04-14,ORG,Microsoft
Paris will host the event in 1976-05-04,GPE,Paris
Tokyo will host the event in 2001-09-16,GPE,Tokyo
John works at Microsoft in Paris since 2003-07-08,PERSON,John
John works at Microsoft in Paris since 2003-07-08,ORG,Microsoft
John works at Microsoft in Paris since 2003-07-08,GPE,Paris
John works at Amazon in New York since 2020-04-01,PERSON,John
John works at Amazon in New York since 2020-04-01,ORG,Amazon
Sara attended a conference on 1982-02-23,PERSON,Sara
Alex attended a conference on 1996-02-12,PERSON,Alex
Meta announced new projects starting 1973-11-08,ORG,Meta
The meeting with Mary from Meta is scheduled for 1983-04-09,PERSON,Mary
The meeting with Mary from Meta is scheduled for 1983-04-09,ORG,Meta
Sara attended a conference on 1982-09-22,PERSON,Sara
Paris will host the event in 1999-06-11,GPE,Paris
John works at Microsoft in London since 1985-08-16,PERSON,John
John works at Microsoft in London since 1985-08-16,ORG,Microsoft
John works at Microsoft in London since 1985-08-16,GPE,London
Mary works at Meta in New York since 2001-07-10,PERSON,Mary
Mary works at Meta in New York since 2001-07-10,ORG,Meta
Paris will host the event in 2009-08-16,GPE,Paris
Sara attended a conference on 2002-12-24,PERSON,Sara
The meeting with Sara from Meta is scheduled for 2002-04-02,PERSON,Sara
The meeting with Sara from Meta is scheduled for 2002-04-02,ORG,Meta
Sara attended a conference on 1989-04-27,PERSON,Sara
Alex attended a conference on 1980-07-17,PERSON,Alex
London will host the event in 2023-05-03,GPE,London
London will host the event in 1981-07-27,GPE,London
Amazon announced new projects starting 2012-11-13,ORG,Amazon
Alex works at Google in New York since 2012-02-19,PERSON,Alex
Alex works at Google in New York since 2012-02-19,ORG,Google
John attended a conference on 2024-09-08,PERSON,John
The meeting with Sara from Google is scheduled for 1974-04-08,PERSON,Sara
The meeting with Sara from Google is scheduled for 1974-04-08,ORG,Google
Paris will host the event in 1975-09-18,GPE,Paris
Tokyo will host the event in 1991-01-11,GPE,Tokyo
The meeting with Mary from Microsoft is scheduled for 1973-08-22,PERSON,Mary
The meeting with Mary from Microsoft is scheduled for 1973-08-22,ORG,Microsoft
The meeting with Sara from Amazon is scheduled for 2003-03-24,PERSON,Sara
The meeting with Sara from Amazon is scheduled for 2003-03-24,ORG,Amazon
The meeting with Mary from Google is scheduled for 2016-12-01,PERSON,Mary
The meeting with Mary from Google is scheduled for 2016-12-01,ORG,Google
The meeting with Sara from Amazon is scheduled for 1985-06-04,PERSON,Sara
The meeting with Sara from Amazon is scheduled for 1985-06-04,ORG,Amazon
Mary attended a conference on 2000-03-02,PERSON,Mary
Microsoft announced new projects starting 2019-11-06,ORG,Microsoft
The meeting with John from Google is scheduled for 1988-04-01,PERSON,John
The meeting with John from Google is scheduled for 1988-04-01,ORG,Google
John works at Meta in New York since 1990-09-21,PERSON,John
John works at Meta in New York since 1990-09-21,ORG,Meta
Sara works at Meta in London since 2014-04-30,PERSON,Sara
Sara works at Meta in London since 2014-04-30,ORG,Meta
Sara works at Meta in London since 2014-04-30,GPE,London
Tokyo will host the event in 1991-11-19,GPE,Tokyo
Google announced new projects starting 1999-12-22,ORG,Google
John works at Meta in London since 2010-07-24,PERSON,John
John works at Meta in London since 2010-07-24,ORG,Meta
John works at Meta in London since 2010-07-24,GPE,London
London will host the event in 1980-02-22,GPE,London
Google announced new projects starting 1985-12-08,ORG,Google
Meta announced new projects starting 1972-12-31,ORG,Meta
Alex attended a conference on 1988-02-02,PERSON,Alex
The meeting with Sara from Google is scheduled for 2000-03-31,PERSON,Sara
The meeting with Sara from Google is scheduled for 2000-03-31,ORG,Google
Amazon announced new projects starting 1979-10-13,ORG,Amazon
Alex attended a conference on 1988-08-03,PERSON,Alex
The meeting with Sara from Google is scheduled for 2016-03-22,PERSON,Sara
The meeting with Sara from Google is scheduled for 2016-03-22,ORG,Google
John works at Google in Paris since 1972-06-13,PERSON,John
John works at Google in Paris since 1972-06-13,ORG,Google
John works at Google in Paris since 1972-06-13,GPE,Paris
Paris will host the event in 1985-08-10,GPE,Paris
The meeting with John from Google is scheduled for 1997-04-28,PERSON,John
The meeting with John from Google is scheduled for 1997-04-28,ORG,Google
Alex works at Meta in Tokyo since 2023-09-19,PERSON,Alex
Alex works at Meta in Tokyo since 2023-09-19,ORG,Meta
Alex works at Meta in Tokyo since 2023-09-19,GPE,Tokyo
The meeting with Sara from Google is scheduled for 1974-12-21,PERSON,Sara
The meeting with Sara from Google is scheduled for 1974-12-21,ORG,Google
Amazon announced new projects starting 1996-12-28,ORG,Amazon
Mary works at Amazon in London since 2011-02-12,PERSON,Mary
Mary works at Amazon in London since 2011-02-12,ORG,Amazon
Mary works at Amazon in London since 2011-02-12,GPE,London
Mary attended a conference on 1976-06-30,PERSON,Mary
Microsoft announced new projects starting 2014-10-15,ORG,Microsoft
Microsoft announced new projects starting 1999-09-25,ORG,Microsoft
The meeting with John from Amazon is scheduled for 2011-03-09,PERSON,John
The meeting with John from Amazon is scheduled for 2011-03-09,ORG,Amazon
The meeting with Sara from Google is scheduled for 1970-02-04,PERSON,Sara
The meeting with Sara from Google is scheduled for 1970-02-04,ORG,Google
Sara attended a conference on 1979-06-12,PERSON,Sara
Mary works at Amazon in New York since 1973-08-29,PERSON,Mary
Mary works at Amazon in New York since 1973-08-29,ORG,Amazon
Meta announced new projects starting 2011-01-07,ORG,Meta
The meeting with Alex from Meta is scheduled for 1970-03-08,PERSON,Alex
The meeting with Alex from Meta is scheduled for 1970-03-08,ORG,Meta
Google announced new projects starting 1993-10-14,ORG,Google
The meeting with John from Amazon is scheduled for 2015-04-01,PERSON,John
The meeting with John from Amazon is scheduled for 2015-04-01,ORG,Amazon
The meeting with John from Amazon is scheduled for 2005-05-16,PERSON,John
The meeting with John from Amazon is scheduled for 2005-05-16,ORG,Amazon
The meeting with Alex from Meta is scheduled for 1986-10-08,PERSON,Alex
The meeting with Alex from Meta is scheduled for 1986-10-08,ORG,Meta
The meeting with Mary from Meta is scheduled for 1994-01-21,PERSON,Mary
The meeting with Mary from Meta is scheduled for 1994-01-21,ORG,Meta
London will host the event in 2007-09-19,GPE,London
Tokyo will host the event in 2016-01-31,GPE,Tokyo
The meeting with Alex from Meta is scheduled for 2019-10-24,PERSON,Alex
The meeting with Alex from Meta is scheduled for 2019-10-24,ORG,Meta
London will host the event in 2024-09-19,GPE,London
Sara attended a conference on 2003-12-01,PERSON,Sara
London will host the event in 1971-11-11,GPE,London
Paris will host the event in 1995-04-17,GPE,Paris
Amazon announced new projects starting 2018-10-30,ORG,Amazon
The meeting with John from Microsoft is scheduled for 1991-12-04,PERSON,John
The meeting with John from Microsoft is scheduled for 1991-12-04,ORG,Microsoft
John works at Meta in Paris since 2022-11-05,PERSON,John
John works at Meta in Paris since 2022-11-05,ORG,Meta
John works at Meta in Paris since 2022-11-05,GPE,Paris
Amazon announced new projects starting 2011-11-21,ORG,Amazon
Microsoft announced new projects starting 2014-03-17,ORG,Microsoft
London will host the event in 1992-05-18,GPE,London
Google announced new projects starting 1974-10-11,ORG,Google
Alex attended a conference on 1987-07-16,PERSON,Alex
The meeting with Alex from Meta is scheduled for 1991-11-28,PERSON,Alex
The meeting with Alex from Meta is scheduled for 1991-11-28,ORG,Meta
Amazon announced new projects starting 1970-09-27,ORG,Amazon
Sara works at Google in New York since 1978-09-20,PERSON,Sara
Sara works at Google in New York since 1978-09-20,ORG,Google
Amazon announced new projects starting 1983-11-14,ORG,Amazon
Microsoft announced new projects starting 1976-03-15,ORG,Microsoft
Microsoft announced new projects starting 1990-10-31,ORG,Microsoft
Mary works at Meta in Tokyo since 2022-09-21,PERSON,Mary
Mary works at Meta in Tokyo since 2022-09-21,ORG,Meta
Mary works at Meta in Tokyo since 2022-09-21,GPE,Tokyo
The meeting with Mary from Amazon is scheduled for 2022-02-23,PERSON,Mary
The meeting with Mary from Amazon is scheduled for 2022-02-23,ORG,Amazon
Alex attended a conference on 1999-03-09,PERSON,Alex
John works at Meta in London since 1999-03-07,PERSON,John
John works at Meta in London since 1999-03-07,ORG,Meta
John works at Meta in London since 1999-03-07,GPE,London
Alex works at Google in London since 1985-01-07,PERSON,Alex
Alex works at Google in London since 1985-01-07,ORG,Google
Alex works at Google in London since 1985-01-07,GPE,London
Google announced new projects starting 1994-09-03,ORG,Google
Sara works at Amazon in Paris since 2024-10-23,PERSON,Sara
Sara works at Amazon in Paris since 2024-10-23,ORG,Amazon
Sara works at Amazon in Paris since 2024-10-23,GPE,Paris
The meeting with Alex from Google is scheduled for 2010-01-27,PERSON,Alex
The meeting with Alex from Google is scheduled for 2010-01-27,ORG,Google
Microsoft announced new projects starting 1972-10-11,ORG,Microsoft
Microsoft announced new projects starting 1990-01-12,ORG,Microsoft
The meeting with John from Microsoft is scheduled for 1984-10-12,PERSON,John
The meeting with John from Microsoft is scheduled for 1984-10-12,ORG,Microsoft
London will host the event in 1974-05-28,GPE,London
The meeting with John from Meta is scheduled for 2009-10-10,PERSON,John
The meeting with John from Meta is scheduled for 2009-10-10,ORG,Meta
Paris will host the event in 1971-12-09,GPE,Paris
The meeting with Alex from Amazon is scheduled for 1997-10-13,PERSON,Alex
The meeting with Alex from Amazon is scheduled for 1997-10-13,ORG,Amazon
London will host the event in 1992-09-22,GPE,London
Google announced new projects starting 2001-08-03,ORG,Google
John works at Google in Paris since 1973-07-04,PERSON,John
John works at Google in Paris since 1973-07-04,ORG,Google
John works at Google in Paris since 1973-07-04,GPE,Paris
Sara works at Meta in Paris since 2006-04-26,PERSON,Sara
Sara works at Meta in Paris since 2006-04-26,ORG,Meta
Sara works at Meta in Paris since 2006-04-26,GPE,Paris
The meeting with Alex from Google is scheduled for 2012-10-06,PERSON,Alex
The meeting with Alex from Google is scheduled for 2012-10-06,ORG,Google
The meeting with John from Meta is scheduled for 1970-01-21,PERSON,John
The meeting with John from Meta is scheduled for 1970-01-21,ORG,Meta
Mary attended a conference on 2019-11-20,PERSON,Mary
Mary attended a conference on 2007-03-04,PERSON,Mary
Amazon announced new projects starting 2000-05-13,ORG,Amazon
Paris will host the event in 1988-08-19,GPE,Paris
Paris will host the event in 1994-04-29,GPE,Paris
Sara works at Meta in London since 1994-12-19,PERSON,Sara
Sara works at Meta in London since 1994-12-19,ORG,Meta
Sara works at Meta in London since 1994-12-19,GPE,London
London will host the event in 1988-10-01,GPE,London
Alex attended a conference on 1996-12-31,PERSON,Alex
Mary works at Microsoft in Tokyo since 2011-08-05,PERSON,Mary
Mary works at Microsoft in Tokyo since 2011-08-05,ORG,Microsoft
Mary works at Microsoft in Tokyo since 2011-08-05,GPE,Tokyo
Sara works at Google in London since 2006-01-08,PERSON,Sara
Sara works at Google in London since 2006-01-08,ORG,Google
Sara works at Google in London since 2006-01-08,GPE,London
Meta announced new projects starting 2013-07-20,ORG,Meta
London will host the event in 2022-11-29,GPE,London
Sara works at Meta in Paris since 1990-10-02,PERSON,Sara
Sara works at Meta in Paris since 1990-10-02,ORG,Meta
Sara works at Meta in Paris since 1990-10-02,GPE,Paris
The meeting with John from Google is scheduled for 2016-08-06,PERSON,John
The meeting with John from Google is scheduled for 2016-08-06,ORG,Google
John attended a conference on 1992-02-21,PERSON,John
Paris will host the event in 1992-11-20,GPE,Paris
Amazon announced new projects starting 2017-06-13,ORG,Amazon
The meeting with John from Amazon is scheduled for 1974-01-02,PERSON,John
The meeting with John from Amazon is scheduled for 1974-01-02,ORG,Amazon
The meeting with Mary from Microsoft is scheduled for 2020-06-11,PERSON,Mary
The meeting with Mary from Microsoft is scheduled for 2020-06-11,ORG,Microsoft
Microsoft announced new projects starting 2024-06-21,ORG,Microsoft
The meeting with Mary from Google is scheduled for 1998-11-02,PERSON,Mary
The meeting with Mary from Google is scheduled for 1998-11-02,ORG,Google
Mary works at Google in New York since 2018-04-23,PERSON,Mary
Mary works at Google in New York since 2018-04-23,ORG,Google
John works at Google in Tokyo since 1980-03-01,PERSON,John
John works at Google in Tokyo since 1980-03-01,ORG,Google
John works at Google in Tokyo since 1980-03-01,GPE,Tokyo
Amazon announced new projects starting 1984-05-27,ORG,Amazon
Tokyo will host the event in 2014-09-29,GPE,Tokyo
The meeting with John from Microsoft is scheduled for 2021-07-16,PERSON,John
The meeting with John from Microsoft is scheduled for 2021-07-16,ORG,Microsoft
Microsoft announced new projects starting 1994-04-12,ORG,Microsoft
John attended a conference on 2012-07-15,PERSON,John
London will host the event in 2025-01-06,GPE,London
Google announced new projects starting 1986-12-16,ORG,Google
Amazon announced new projects starting 1972-05-30,ORG,Amazon
The meeting with John from Microsoft is scheduled for 2006-06-12,PERSON,John
The meeting with John from Microsoft is scheduled for 2006-06-12,ORG,Microsoft
Microsoft announced new projects starting 1995-01-12,ORG,Microsoft
Meta announced new projects starting 1982-03-13,ORG,Meta
Mary attended a conference on 2013-03-11,PERSON,Mary
John attended a conference on 2005-09-21,PERSON,John
The meeting with Alex from Microsoft is scheduled for 2020-06-01,PERSON,Alex
The meeting with Alex from Microsoft is scheduled for 2020-06-01,ORG,Microsoft
Mary works at Google in New York since 1979-04-06,PERSON,Mary
Mary works at Google in New York since 1979-04-06,ORG,Google
Mary works at Microsoft in New York since 2024-08-09,PERSON,Mary
Mary works at Microsoft in New York since 2024-08-09,ORG,Microsoft
London will host the event in 2017-12-16,GPE,London
Sara works at Amazon in Tokyo since 1978-11-14,PERSON,Sara
Sara works at Amazon in Tokyo since 1978-11-14,ORG,Amazon
Sara works at Amazon in Tokyo since 1978-11-14,GPE,Tokyo
Meta announced new projects starting 1992-09-27,ORG,Meta
Alex attended a conference on 2021-12-18,PERSON,Alex
Alex attended a conference on 2020-02-10,PERSON,Alex
The meeting with John from Amazon is scheduled for 2024-03-25,PERSON,John
The meeting with John from Amazon is scheduled for 2024-03-25,ORG,Amazon
Alex works at Meta in Paris since 1988-08-28,PERSON,Alex
Alex works at Meta in Paris since 1988-08-28,ORG,Meta
Alex works at Meta in Paris since 1988-08-28,GPE,Paris
John works at Amazon in Paris since 2018-07-26,PERSON,John
John works at Amazon in Paris since 2018-07-26,ORG,Amazon
John works at Amazon in Paris since 2018-07-26,GPE,Paris
Paris will host the event in 1996-06-16,GPE,Paris
John works at Meta in London since 1993-04-08,PERSON,John
John works at Meta in London since 1993-04-08,ORG,Meta
John works at Meta in London since 1993-04-08,GPE,London
Tokyo will host the event in 1975-07-09,GPE,Tokyo
Sara works at Google in Tokyo since 2025-01-04,PERSON,Sara
Sara works at Google in Tokyo since 2025-01-04,ORG,Google
Sara works at Google in Tokyo since 2025-01-04,GPE,Tokyo
London will host the event in 1996-10-05,GPE,London
The meeting with Sara from Google is scheduled for 2022-12-16,PERSON,Sara
The meeting with Sara from Google is scheduled for 2022-12-16,ORG,Google
Google announced new projects starting 1985-04-24,ORG,Google
Alex attended a conference on 1974-06-07,PERSON,Alex
Mary attended a conference on 2007-01-22,PERSON,Mary
Alex attended a conference on 2016-10-06,PERSON,Alex
The meeting with Alex from Meta is scheduled for 2007-09-15,PERSON,Alex
The meeting with Alex from Meta is scheduled for 2007-09-15,ORG,Meta
Paris will host the event in 1992-01-05,GPE,Paris
Alex attended a conference on 2015-01-25,PERSON,Alex
The meeting with Mary from Microsoft is scheduled for 2016-03-02,PERSON,Mary
The meeting with Mary from Microsoft is scheduled for 2016-03-02,ORG,Microsoft
Meta announced new projects starting 2008-06-27,ORG,Meta
Amazon announced new projects starting 2021-06-19,ORG,Amazon
The meeting with Sara from Google is scheduled for 2001-03-11,PERSON,Sara
The meeting with Sara from Google is scheduled for 2001-03-11,ORG,Google
Sara attended a conference on 2015-12-23,PERSON,Sara
The meeting with Alex from Amazon is scheduled for 2014-01-01,PERSON,Alex
The meeting with Alex from Amazon is scheduled for 2014-01-01,ORG,Amazon
John attended a conference on 1971-04-20,PERSON,John
The meeting with Sara from Meta is scheduled for 1971-01-14,PERSON,Sara
The meeting with Sara from Meta is scheduled for 1971-01-14,ORG,Meta
London will host the event in 1993-05-15,GPE,London
The meeting with John from Microsoft is scheduled for 1974-08-31,PERSON,John
The meeting with John from Microsoft is scheduled for 1974-08-31,ORG,Microsoft
John attended a conference on 2022-12-20,PERSON,John
John works at Microsoft in New York since 2013-03-18,PERSON,John
John works at Microsoft in New York since 2013-03-18,ORG,Microsoft
Sara attended a conference on 2023-11-08,PERSON,Sara
John attended a conference on 2003-12-23,PERSON,John
Mary works at Amazon in Tokyo since 2009-12-12,PERSON,Mary
Mary works at Amazon in Tokyo since 2009-12-12,ORG,Amazon
Mary works at Amazon in Tokyo since 2009-12-12,GPE,Tokyo
The meeting with Alex from Amazon is scheduled for 2016-03-20,PERSON,Alex
The meeting with Alex from Amazon is scheduled for 2016-03-20,ORG,Amazon
Google announced new projects starting 2009-12-26,ORG,Google
Sara works at Amazon in London since 2008-07-08,PERSON,Sara
Sara works at Amazon in London since 2008-07-08,ORG,Amazon
Sara works at Amazon in London since 2008-07-08,GPE,London
John attended a conference on 1977-11-25,PERSON,John
The meeting with Alex from Microsoft is scheduled for 1988-07-23,PERSON,Alex
The meeting with Alex from Microsoft is scheduled for 1988-07-23,ORG,Microsoft
Google announced new projects starting 1988-02-04,ORG,Google
John works at Google in Paris since 1975-01-22,PERSON,John
John works at Google in Paris since 1975-01-22,ORG,Google
John works at Google in Paris since 1975-01-22,GPE,Paris
The meeting with Mary from Amazon is scheduled for 1970-05-31,PERSON,Mary
The meeting with Mary from Amazon is scheduled for 1970-05-31,ORG,Amazon
The meeting with John from Microsoft is scheduled for 1977-01-30,PERSON,John
The meeting with John from Microsoft is scheduled for 1977-01-30,ORG,Microsoft
John works at Amazon in London since 2018-12-24,PERSON,John
John works at Amazon in London since 2018-12-24,ORG,Amazon
John works at Amazon in London since 2018-12-24,GPE,London
Tokyo will host the event in 2013-10-21,GPE,Tokyo
John attended a conference on 2021-08-03,PERSON,John
John attended a conference on 2021-06-18,PERSON,John
John attended a conference on 1990-11-27,PERSON,John
John works at Meta in Tokyo since 2014-04-16,PERSON,John
John works at Meta in Tokyo since 2014-04-16,ORG,Meta
John works at Meta in Tokyo since 2014-04-16,GPE,Tokyo
John attended a conference on 1993-02-05,PERSON,John
The meeting with John from Meta is scheduled for 2018-02-27,PERSON,John
The meeting with John from Meta is scheduled for 2018-02-27,ORG,Meta
Microsoft announced new projects starting 1997-01-13,ORG,Microsoft
The meeting with John from Amazon is scheduled for 1999-01-12,PERSON,John
The meeting with John from Amazon is scheduled for 1999-01-12,ORG,Amazon
Paris will host the event in 1995-09-09,GPE,Paris
Google announced new projects starting 1979-04-02,ORG,Google
Tokyo will host the event in 1980-08-04,GPE,Tokyo
Alex attended a conference on 1985-08-29,PERSON,Alex
Sara works at Meta in London since 1994-11-03,PERSON,Sara
Sara works at Meta in London since 1994-11-03,ORG,Meta
Sara works at Meta in London since 1994-11-03,GPE,London
Tokyo will host the event in 1977-04-08,GPE,Tokyo
The meeting with Alex from Meta is scheduled for 2010-10-26,PERSON,Alex
The meeting with Alex from Meta is scheduled for 2010-10-26,ORG,Meta
Tokyo will host the event in 1982-03-19,GPE,Tokyo
Amazon announced new projects starting 1985-01-28,ORG,Amazon
The meeting with Alex from Microsoft is scheduled for 1977-11-07,PERSON,Alex
The meeting with Alex from Microsoft is scheduled for 1977-11-07,ORG,Microsoft
Sara attended a conference on 1990-12-28,PERSON,Sara
The meeting with Alex from Meta is scheduled for 2023-05-02,PERSON,Alex
The meeting with Alex from Meta is scheduled for 2023-05-02,ORG,Meta
Sara attended a conference on 1970-06-05,PERSON,Sara
Sara attended a conference on 2012-12-03,PERSON,Sara
The meeting with Mary from Google is scheduled for 2001-12-19,PERSON,Mary
The meeting with Mary from Google is scheduled for 2001-12-19,ORG,Google
Mary attended a conference on 2009-10-05,PERSON,Mary
Sara works at Google in Tokyo since 2009-04-27,PERSON,Sara
Sara works at Google in Tokyo since 2009-04-27,ORG,Google
Sara works at Google in Tokyo since 2009-04-27,GPE,Tokyo
Tokyo will host the event in 1975-08-11,GPE,Tokyo
Amazon announced new projects starting 2000-06-11,ORG,Amazon
Mary attended a conference on 1970-12-04,PERSON,Mary
Alex works at Google in Tokyo since 1998-09-10,PERSON,Alex
Alex works at Google in Tokyo since 1998-09-10,ORG,Google
Alex works at Google in Tokyo since 1998-09-10,GPE,Tokyo
London will host the event in 2002-09-21,GPE,London
The meeting with Sara from Google is scheduled for 2010-09-15,PERSON,Sara
The meeting with Sara from Google is scheduled for 2010-09-15,ORG,Google
The meeting with Mary from Google is scheduled for 1971-02-22,PERSON,Mary
The meeting with Mary from Google is scheduled for 1971-02-22,ORG,Google
Alex works at Meta in Tokyo since 1979-03-11,PERSON,Alex
Alex works at Meta in Tokyo since 1979-03-11,ORG,Meta
Alex works at Meta in Tokyo since 1979-03-11,GPE,Tokyo
Microsoft announced new projects starting 2004-09-02,ORG,Microsoft
London will host the event in 1987-11-01,GPE,London
Mary attended a conference on 1999-08-28,PERSON,Mary
John works at Meta in Paris since 2017-09-14,PERSON,John
John works at Meta in Paris since 2017-09-14,ORG,Meta
John works at Meta in Paris since 2017-09-14,GPE,Paris
Sara attended a conference on 1989-06-23,PERSON,Sara
Google announced new projects starting 2020-07-15,ORG,Google
Alex works at Microsoft in London since 1972-02-12,PERSON,Alex
Alex works at Microsoft in London since 1972-02-12,ORG,Microsoft
Alex works at Microsoft in London since 1972-02-12,GPE,London
John attended a conference on 1984-12-06,PERSON,John
Amazon announced new projects starting 1996-05-22,ORG,Amazon
London will host the event in 1997-05-11,GPE,London
Amazon announced new projects starting 2024-02-10,ORG,Amazon
The meeting with Alex from Amazon is scheduled for 2012-02-08,PERSON,Alex
The meeting with Alex from Amazon is scheduled for 2012-02-08,ORG,Amazon
Mary attended a conference on 1996-03-02,PERSON,Mary
Paris will host the event in 1987-10-16,GPE,Paris
London will host the event in 1974-03-26,GPE,London
Google announced new projects starting 2004-01-25,ORG,Google
Meta announced new projects starting 2013-03-31,ORG,Meta
Alex attended a conference on 1989-09-15,PERSON,Alex
Paris will host the event in 1974-10-09,GPE,Paris
Sara works at Amazon in Tokyo since 1985-11-13,PERSON,Sara
Sara works at Amazon in Tokyo since 1985-11-13,ORG,Amazon
Sara works at Amazon in Tokyo since 1985-11-13,GPE,Tokyo
Alex works at Meta in London since 1976-08-13,PERSON,Alex
Alex works at Meta in London since 1976-08-13,ORG,Meta
Alex works at Meta in London since 1976-08-13,GPE,London
Sara works at Meta in London since 1982-09-12,PERSON,Sara
Sara works at Meta in London since 1982-09-12,ORG,Meta
Sara works at Meta in London since 1982-09-12,GPE,London
The meeting with Sara from Amazon is scheduled for 2005-03-25,PERSON,Sara
The meeting with Sara from Amazon is scheduled for 2005-03-25,ORG,Amazon
The meeting with John from Microsoft is scheduled for 1998-03-04,PERSON,John
The meeting with John from Microsoft is scheduled for 1998-03-04,ORG,Microsoft
Alex attended a conference on 2019-07-03,PERSON,Alex
Meta announced new projects starting 1970-12-03,ORG,Meta
London will host the event in 2008-03-05,GPE,London
Microsoft announced new projects starting 1975-08-20,ORG,Microsoft
Alex attended a conference on 1985-03-07,PERSON,Alex
Alex attended a conference on 1981-06-19,PERSON,Alex
Google announced new projects starting 2006-01-20,ORG,Google
John works at Microsoft in Tokyo since 2019-08-11,PERSON,John
John works at Microsoft in Tokyo since 2019-08-11,ORG,Microsoft
John works at Microsoft in Tokyo since 2019-08-11,GPE,Tokyo
John attended a conference on 1972-10-01,PERSON,John
London will host the event in 2015-04-08,GPE,London
John works at Amazon in London since 1971-02-17,PERSON,John
John works at Amazon in London since 1971-02-17,ORG,Amazon
John works at Amazon in London since 1971-02-17,GPE,London
The meeting with Mary from Google is scheduled for 1995-09-22,PERSON,Mary
The meeting with Mary from Google is scheduled for 1995-09-22,ORG,Google
The meeting with Alex from Meta is scheduled for 1970-04-17,PERSON,Alex
The meeting with Alex from Meta is scheduled for 1970-04-17,ORG,Meta
Amazon announced new projects starting 1992-11-13,ORG,Amazon
The meeting with John from Amazon is scheduled for 2010-09-17,PERSON,John
The meeting with John from Amazon is scheduled for 2010-09-17,ORG,Amazon
Google announced new projects starting 1994-08-23,ORG,Google
John attended a conference on 2006-01-01,PERSON,John
The meeting with Sara from Microsoft is scheduled for 1994-09-15,PERSON,Sara
The meeting with Sara from Microsoft is scheduled for 1994-09-15,ORG,Microsoft
The meeting with Mary from Microsoft is scheduled for 2011-12-01,PERSON,Mary
The meeting with Mary from Microsoft is scheduled for 2011-12-01,ORG,Microsoft
The meeting with Mary from Google is scheduled for 1976-02-07,PERSON,Mary
The meeting with Mary from Google is scheduled for 1976-02-07,ORG,Google
London will host the event in 2003-11-16,GPE,London
The meeting with Sara from Google is scheduled for 1988-07-19,PERSON,Sara
The meeting with Sara from Google is scheduled for 1988-07-19,ORG,Google
John attended a conference on 1970-01-17,PERSON,John
Alex attended a conference on 2023-04-20,PERSON,Alex
The meeting with John from Meta is scheduled for 2010-11-27,PERSON,John
The meeting with John from Meta is scheduled for 2010-11-27,ORG,Meta
Tokyo will host the event in 1999-12-19,GPE,Tokyo
John attended a conference on 1985-09-19,PERSON,John
Amazon announced new projects starting 1971-07-24,ORG,Amazon
The meeting with Sara from Meta is scheduled for 2014-01-03,PERSON,Sara
The meeting with Sara from Meta is scheduled for 2014-01-03,ORG,Meta
The meeting with Alex from Microsoft is scheduled for 1986-01-08,PERSON,Alex
The meeting with Alex from Microsoft is scheduled for 1986-01-08,ORG,Microsoft
Amazon announced new projects starting 1997-03-26,ORG,Amazon
Mary attended a conference on 1987-01-23,PERSON,Mary
The meeting with Mary from Google is scheduled for 2017-07-23,PERSON,Mary
The meeting with Mary from Google is scheduled for 2017-07-23,ORG,Google
Paris will host the event in 1974-01-07,GPE,Paris
John attended a conference on 1975-03-09,PERSON,John
Meta announced new projects starting 1991-04-15,ORG,Meta
Amazon announced new projects starting 1980-06-28,ORG,Amazon
Alex works at Google in Tokyo since 1993-05-21,PERSON,Alex
Alex works at Google in Tokyo since 1993-05-21,ORG,Google
Alex works at Google in Tokyo since 1993-05-21,GPE,Tokyo
Alex works at Meta in London since 1979-04-02,PERSON,Alex
Alex works at Meta in London since 1979-04-02,ORG,Meta
Alex works at Meta in London since 1979-04-02,GPE,London
Alex attended a conference on 2010-08-16,PERSON,Alex
The meeting with John from Microsoft is scheduled for 1980-10-22,PERSON,John
The meeting with John from Microsoft is scheduled for 1980-10-22,ORG,Microsoft
Alex works at Meta in Tokyo since 2006-03-23,PERSON,Alex
Alex works at Meta in Tokyo since 2006-03-23,ORG,Meta
Alex works at Meta in Tokyo since 2006-03-23,GPE,Tokyo
Google announced new projects starting 1986-09-07,ORG,Google
The meeting with John from Meta is scheduled for 2012-05-14,PERSON,John
The meeting with John from Meta is scheduled for 2012-05-14,ORG,Meta
Amazon announced new projects starting 1995-04-01,ORG,Amazon
Paris will host the event in 2017-03-15,GPE,Paris
John attended a conference on 2000-01-30,PERSON,John
Amazon announced new projects starting 2008-08-26,ORG,Amazon
Meta announced new projects starting 1988-01-29,ORG,Meta
Alex works at Google in London since 2024-10-24,PERSON,Alex
Alex works at Google in London since 2024-10-24,ORG,Google
Alex works at Google in London since 2024-10-24,GPE,London
London will host the event in 1983-08-24,GPE,London
Google announced new projects starting 1979-12-24,ORG,Google
John attended a conference on 1978-10-27,PERSON,John
The meeting with Mary from Microsoft is scheduled for 1989-06-19,PERSON,Mary
The meeting with Mary from Microsoft is scheduled for 1989-06-19,ORG,Microsoft
John works at Google in New York since 2006-02-23,PERSON,John
John works at Google in New York since 2006-02-23,ORG,Google
Alex works at Meta in London since 1980-06-01,PERSON,Alex
Alex works at Meta in London since 1980-06-01,ORG,Meta
Alex works at Meta in London since 1980-06-01,GPE,London
Sara attended a conference on 1983-01-31,PERSON,Sara
The meeting with Alex from Amazon is scheduled for 2003-01-10,PERSON,Alex
The meeting with Alex from Amazon is scheduled for 2003-01-10,ORG,Amazon
London will host the event in 1989-08-31,GPE,London
Amazon announced new projects starting 1976-05-26,ORG,Amazon
Microsoft announced new projects starting 1998-03-23,ORG,Microsoft
Amazon announced new projects starting 1979-02-08,ORG,Amazon
Alex attended a conference on 1979-01-11,PERSON,Alex
Tokyo will host the event in 2017-11-30,GPE,Tokyo
The meeting with Alex from Meta is scheduled for 2019-04-20,PERSON,Alex
The meeting with Alex from Meta is scheduled for 2019-04-20,ORG,Meta
John attended a conference on 2020-11-22,PERSON,John
Mary works at Google in Tokyo since 2024-03-19,PERSON,Mary
Mary works at Google in Tokyo since 2024-03-19,ORG,Google
Mary works at Google in Tokyo since 2024-03-19,GPE,Tokyo
Google announced new projects starting 1999-05-30,ORG,Google
John attended a conference on 1978-08-12,PERSON,John
John works at Google in London since 2010-01-13,PERSON,John
John works at Google in London since 2010-01-13,ORG,Google
John works at Google in London since 2010-01-13,GPE,London
Sara attended a conference on 2019-12-06,PERSON,Sara
Paris will host the event in 1978-04-11,GPE,Paris
Paris will host the event in 2010-07-18,GPE,Paris
John attended a conference on 1973-12-29,PERSON,John
The meeting with Sara from Meta is scheduled for 2013-08-31,PERSON,Sara
The meeting with Sara from Meta is scheduled for 2013-08-31,ORG,Meta
Mary attended a conference on 2024-04-27,PERSON,Mary
Mary attended a conference on 2005-08-21,PERSON,Mary
Sara attended a conference on 1995-09-06,PERSON,Sara
Google announced new projects starting 2014-08-10,ORG,Google
London will host the event in 1988-12-15,GPE,London
Sara attended a conference on 1996-06-27,PERSON,Sara
The meeting with Alex from Microsoft is scheduled for 2022-06-25,PERSON,Alex
The meeting with Alex from Microsoft is scheduled for 2022-06-25,ORG,Microsoft
Mary works at Microsoft in London since 1989-02-24,PERSON,Mary
Mary works at Microsoft in London since 1989-02-24,ORG,Microsoft
Mary works at Microsoft in London since 1989-02-24,GPE,London
London will host the event in 1973-03-31,GPE,London
Tokyo will host the event in 1976-11-24,GPE,Tokyo
John works at Meta in London since 2000-08-24,PERSON,John
John works at Meta in London since 2000-08-24,ORG,Meta
John works at Meta in London since 2000-08-24,GPE,London
Meta announced new projects starting 1998-02-08,ORG,Meta
Meta announced new projects starting 1985-03-17,ORG,Meta
John attended a conference on 2016-09-24,PERSON,John
Mary attended a conference on 2017-09-14,PERSON,Mary
Tokyo will host the event in 1984-06-16,GPE,Tokyo
Sara works at Amazon in Tokyo since 2022-11-30,PERSON,Sara
Sara works at Amazon in Tokyo since 2022-11-30,ORG,Amazon
Sara works at Amazon in Tokyo since 2022-11-30,GPE,Tokyo
The meeting with Sara from Microsoft is scheduled for 2009-08-08,PERSON,Sara
The meeting with Sara from Microsoft is scheduled for 2009-08-08,ORG,Microsoft
The meeting with Alex from Google is scheduled for 1981-02-21,PERSON,Alex
The meeting with Alex from Google is scheduled for 1981-02-21,ORG,Google
The meeting with Sara from Microsoft is scheduled for 1987-05-18,PERSON,Sara
The meeting with Sara from Microsoft is scheduled for 1987-05-18,ORG,Microsoft
Tokyo will host the event in 2012-12-06,GPE,Tokyo
London will host the event in 1994-12-22,GPE,London
The meeting with Mary from Amazon is scheduled for 1996-02-21,PERSON,Mary
The meeting with Mary from Amazon is scheduled for 1996-02-21,ORG,Amazon
John attended a conference on 1998-04-23,PERSON,John
London will host the event in 1988-06-12,GPE,London
Tokyo will host the event in 1971-06-24,GPE,Tokyo
Mary attended a conference on 1988-10-21,PERSON,Mary
Mary attended a conference on 1979-06-01,PERSON,Mary
John works at Amazon in Tokyo since 1989-04-27,PERSON,John
John works at Amazon in Tokyo since 1989-04-27,ORG,Amazon
John works at Amazon in Tokyo since 1989-04-27,GPE,Tokyo
Amazon announced new projects starting 1989-03-04,ORG,Amazon
The meeting with John from Microsoft is scheduled for 2003-11-01,PERSON,John
The meeting with John from Microsoft is scheduled for 2003-11-01,ORG,Microsoft
Mary works at Microsoft in London since 1996-05-29,PERSON,Mary
Mary works at Microsoft in London since 1996-05-29,ORG,Microsoft
Mary works at Microsoft in London since 1996-05-29,GPE,London
Mary attended a conference on 1975-03-15,PERSON,Mary
Mary attended a conference on 2003-03-24,PERSON,Mary
Google announced new projects starting 1989-09-19,ORG,Google
Mary attended a conference on 2024-11-17,PERSON,Mary
London will host the event in 2022-11-25,GPE,London
The meeting with Alex from Meta is scheduled for 1986-10-20,PERSON,Alex
The meeting with Alex from Meta is scheduled for 1986-10-20,ORG,Meta
Alex works at Amazon in New York since 1984-06-17,PERSON,Alex
Alex works at Amazon in New York since 1984-06-17,ORG,Amazon
John works at Meta in Tokyo since 2015-05-14,PERSON,John
John works at Meta in Tokyo since 2015-05-14,ORG,Meta
John works at Meta in Tokyo since 2015-05-14,GPE,Tokyo
Alex works at Amazon in Paris since 1992-10-04,PERSON,Alex
Alex works at Amazon in Paris since 1992-10-04,ORG,Amazon
Alex works at Amazon in Paris since 1992-10-04,GPE,Paris
Microsoft announced new projects starting 1981-01-05,ORG,Microsoft
Microsoft announced new projects starting 2010-10-23,ORG,Microsoft
London will host the event in 1977-08-21,GPE,London
The meeting with Sara from Amazon is scheduled for 1984-01-19,PERSON,Sara
The meeting with Sara from Amazon is scheduled for 1984-01-19,ORG,Amazon
Amazon announced new projects starting 2010-12-02,ORG,Amazon
John works at Amazon in Tokyo since 1989-03-17,PERSON,John
John works at Amazon in Tokyo since 1989-03-17,ORG,Amazon
John works at Amazon in Tokyo since 1989-03-17,GPE,Tokyo
Paris will host the event in 2022-07-03,GPE,Paris
Google announced new projects starting 1973-01-14,ORG,Google
The meeting with Alex from Microsoft is scheduled for 2020-05-21,PERSON,Alex
The meeting with Alex from Microsoft is scheduled for 2020-05-21,ORG,Microsoft
The meeting with Alex from Google is scheduled for 1989-12-02,PERSON,Alex
The meeting with Alex from Google is scheduled for 1989-12-02,ORG,Google
John attended a conference on 2007-01-04,PERSON,John
London will host the event in 2018-03-16,GPE,London
London will host the event in 2021-09-01,GPE,London
Alex attended a conference on 2020-09-13,PERSON,Alex
London will host the event in 2016-03-03,GPE,London
Sara works at Microsoft in New York since 2020-03-16,PERSON,Sara
Sara works at Microsoft in New York since 2020-03-16,ORG,Microsoft
Alex attended a conference on 2022-07-19,PERSON,Alex
The meeting with Mary from Google is scheduled for 1994-10-20,PERSON,Mary
The meeting with Mary from Google is scheduled for 1994-10-20,ORG,Google
Alex attended a conference on 2000-03-07,PERSON,Alex
Alex attended a conference on 1982-08-03,PERSON,Alex
London will host the event in 1995-04-17,GPE,London
Meta announced new projects starting 1998-11-04,ORG,Meta
Sara attended a conference on 1996-10-04,PERSON,Sara
Mary attended a conference on 1992-04-11,PERSON,Mary
Mary works at Amazon in Tokyo since 2023-04-20,PERSON,Mary
Mary works at Amazon in Tokyo since 2023-04-20,ORG,Amazon
Mary works at Amazon in Tokyo since 2023-04-20,GPE,Tokyo
John attended a conference on 2024-01-05,PERSON,John
Google announced new projects starting 1976-09-14,ORG,Google
Alex attended a conference on 1991-11-26,PERSON,Alex
Meta announced new projects starting 1972-02-08,ORG,Meta
Alex works at Google in Paris since 2012-01-07,PERSON,Alex
Alex works at Google in Paris since 2012-01-07,ORG,Google
Alex works at Google in Paris since 2012-01-07,GPE,Paris
Alex works at Google in London since 2000-03-09,PERSON,Alex
Alex works at Google in London since 2000-03-09,ORG,Google
Alex works at Google in London since 2000-03-09,GPE,London
The meeting with Alex from Microsoft is scheduled for 1992-11-02,PERSON,Alex
The meeting with Alex from Microsoft is scheduled for 1992-11-02,ORG,Microsoft
Google announced new projects starting 1970-04-08,ORG,Google
Amazon announced new projects starting 1992-12-02,ORG,Amazon
Amazon announced new projects starting 1972-11-02,ORG,Amazon
Sara attended a conference on 2005-05-05,PERSON,Sara
Google announced new projects starting 1996-02-08,ORG,Google
Mary attended a conference on 2023-11-04,PERSON,Mary
John attended a conference on 1980-11-07,PERSON,John
Mary works at Google in Tokyo since 1991-05-31,PERSON,Mary
Mary works at Google in Tokyo since 1991-05-31,ORG,Google
Mary works at Google in Tokyo since 1991-05-31,GPE,Tokyo
Alex works at Meta in Tokyo since 2004-08-24,PERSON,Alex
Alex works at Meta in Tokyo since 2004-08-24,ORG,Meta
Alex works at Meta in Tokyo since 2004-08-24,GPE,Tokyo
Alex attended a conference on 2016-01-08,PERSON,Alex
The meeting with Alex from Google is scheduled for 2022-01-12,PERSON,Alex
The meeting with Alex from Google is scheduled for 2022-01-12,ORG,Google
London will host the event in 1978-09-16,GPE,London
The meeting with Sara from Google is scheduled for 1976-12-28,PERSON,Sara
The meeting with Sara from Google is scheduled for 1976-12-28,ORG,Google
Sara works at Amazon in Tokyo since 1998-05-18,PERSON,Sara
Sara works at Amazon in Tokyo since 1998-05-18,ORG,Amazon
Sara works at Amazon in Tokyo since 1998-05-18,GPE,Tokyo
The meeting with Alex from Meta is scheduled for 1975-07-25,PERSON,Alex
The meeting with Alex from Meta is scheduled for 1975-07-25,ORG,Meta
Alex works at Microsoft in Tokyo since 2024-09-09,PERSON,Alex
Alex works at Microsoft in Tokyo since 2024-09-09,ORG,Microsoft
Alex works at Microsoft in Tokyo since 2024-09-09,GPE,Tokyo
John works at Meta in London since 2016-02-27,PERSON,John
John works at Meta in London since 2016-02-27,ORG,Meta
John works at Meta in London since 2016-02-27,GPE,London
Tokyo will host the event in 1993-04-16,GPE,Tokyo
Paris will host the event in 2013-04-18,GPE,Paris
Sara works at Microsoft in New York since 1979-04-04,PERSON,Sara
Sara works at Microsoft in New York since 1979-04-04,ORG,Microsoft
The meeting with Alex from Meta is scheduled for 1973-07-06,PERSON,Alex
The meeting with Alex from Meta is scheduled for 1973-07-06,ORG,Meta
John attended a conference on 1994-07-20,PERSON,John
Paris will host the event in 2013-12-13,GPE,Paris
The meeting with Sara from Amazon is scheduled for 2014-09-14,PERSON,Sara
The meeting with Sara from Amazon is scheduled for 2014-09-14,ORG,Amazon
Paris will host the event in 2017-04-17,GPE,Paris
The meeting with Sara from Google is scheduled for 2022-01-06,PERSON,Sara
The meeting with Sara from Google is scheduled for 2022-01-06,ORG,Google
Alex works at Microsoft in New York since 2001-07-09,PERSON,Alex
Alex works at Microsoft in New York since 2001-07-09,ORG,Microsoft
Paris will host the event in 2019-06-14,GPE,Paris
Tokyo will host the event in 1990-05-08,GPE,Tokyo
Mary works at Microsoft in Tokyo since 2006-04-13,PERSON,Mary
Mary works at Microsoft in Tokyo since 2006-04-13,ORG,Microsoft
Mary works at Microsoft in Tokyo since 2006-04-13,GPE,Tokyo
The meeting with Alex from Amazon is scheduled for 1986-11-16,PERSON,Alex
The meeting with Alex from Amazon is scheduled for 1986-11-16,ORG,Amazon
Sara works at Google in London since 2011-11-22,PERSON,Sara
Sara works at Google in London since 2011-11-22,ORG,Google
Sara works at Google in London since 2011-11-22,GPE,London
John works at Meta in Tokyo since 1999-09-04,PERSON,John
John works at Meta in Tokyo since 1999-09-04,ORG,Meta
John works at Meta in Tokyo since 1999-09-04,GPE,Tokyo
Microsoft announced new projects starting 2014-01-07,ORG,Microsoft
Mary works at Google in Paris since 2017-05-19,PERSON,Mary
Mary works at Google in Paris since 2017-05-19,ORG,Google
Mary works at Google in Paris since 2017-05-19,GPE,Paris
Meta announced new projects starting 1993-12-17,ORG,Meta
Sara works at Amazon in Paris since 2004-04-20,PERSON,Sara
Sara works at Amazon in Paris since 2004-04-20,ORG,Amazon
Sara works at Amazon in Paris since 2004-04-20,GPE,Paris
The meeting with John from Meta is scheduled for 2003-02-10,PERSON,John
The meeting with John from Meta is scheduled for 2003-02-10,ORG,Meta
John works at Meta in London since 1971-12-06,PERSON,John
John works at Meta in London since 1971-12-06,ORG,Meta
John works at Meta in London since 1971-12-06,GPE,London
London will host the event in 2021-04-01,GPE,London
Microsoft announced new projects starting 2002-12-24,ORG,Microsoft
Alex works at Google in New York since 2012-08-21,PERSON,Alex
Alex works at Google in New York since 2012-08-21,ORG,Google
Tokyo will host the event in 1996-02-14,GPE,Tokyo
Paris will host the event in 2003-04-05,GPE,Paris
The meeting with Alex from Microsoft is scheduled for 2014-03-07,PERSON,Alex
The meeting with Alex from Microsoft is scheduled for 2014-03-07,ORG,Microsoft
Sara works at Amazon in Paris since 1977-04-13,PERSON,Sara
Sara works at Amazon in Paris since 1977-04-13,ORG,Amazon
Sara works at Amazon in Paris since 1977-04-13,GPE,Paris
Google announced new projects starting 1981-12-21,ORG,Google
The meeting with Mary from Meta is scheduled for 2016-03-06,PERSON,Mary
The meeting with Mary from Meta is scheduled for 2016-03-06,ORG,Meta
Mary works at Amazon in Paris since 1976-12-09,PERSON,Mary
Mary works at Amazon in Paris since 1976-12-09,ORG,Amazon
Mary works at Amazon in Paris since 1976-12-09,GPE,Paris
Sara attended a conference on 2018-09-04,PERSON,Sara
London will host the event in 1987-04-19,GPE,London
Mary attended a conference on 2006-08-02,PERSON,Mary
Alex attended a conference on 2020-03-04,PERSON,Alex
Alex attended a conference on 1971-09-18,PERSON,Alex
Meta announced new projects starting 2000-09-19,ORG,Meta
Alex works at Amazon in Paris since 2014-02-26,PERSON,Alex
Alex works at Amazon in Paris since 2014-02-26,ORG,Amazon
Alex works at Amazon in Paris since 2014-02-26,GPE,Paris
Meta announced new projects starting 1999-05-10,ORG,Meta
Paris will host the event in 1993-12-02,GPE,Paris
Paris will host the event in 1999-09-30,GPE,Paris
Amazon announced new projects starting 2000-02-26,ORG,Amazon
Mary works at Google in Tokyo since 2021-10-19,PERSON,Mary
Mary works at Google in Tokyo since 2021-10-19,ORG,Google
Mary works at Google in Tokyo since 2021-10-19,GPE,Tokyo
Paris will host the event in 2010-12-26,GPE,Paris
Sara works at Microsoft in New York since 2021-10-07,PERSON,Sara
Sara works at Microsoft in New York since 2021-10-07,ORG,Microsoft
The meeting with John from Google is scheduled for 1999-10-03,PERSON,John
The meeting with John from Google is scheduled for 1999-10-03,ORG,Google
Mary works at Meta in Tokyo since 1985-10-04,PERSON,Mary
Mary works at Meta in Tokyo since 1985-10-04,ORG,Meta
Mary works at Meta in Tokyo since 1985-10-04,GPE,Tokyo
London will host the event in 2003-03-04,GPE,London
Mary works at Google in New York since 1996-08-13,PERSON,Mary
Mary works at Google in New York since 1996-08-13,ORG,Google
Amazon announced new projects starting 2008-09-24,ORG,Amazon
Microsoft announced new projects starting 1984-05-23,ORG,Microsoft
The meeting with John from Google is scheduled for 2024-05-02,PERSON,John
The meeting with John from Google is scheduled for 2024-05-02,ORG,Google
Sara attended a conference on 1990-07-12,PERSON,Sara
London will host the event in 1974-08-06,GPE,London
London will host the event in 1981-05-24,GPE,London
The meeting with John from Amazon is scheduled for 2017-11-26,PERSON,John
The meeting with John from Amazon is scheduled for 2017-11-26,ORG,Amazon
Tokyo will host the event in 2013-09-27,GPE,Tokyo
The meeting with John from Amazon is scheduled for 2000-11-09,PERSON,John
The meeting with John from Amazon is scheduled for 2000-11-09,ORG,Amazon
The meeting with Mary from Microsoft is scheduled for 1976-11-15,PERSON,Mary
The meeting with Mary from Microsoft is scheduled for 1976-11-15,ORG,Microsoft
Google announced new projects starting 2011-04-28,ORG,Google
Microsoft announced new projects starting 1983-11-09,ORG,Microsoft
The meeting with Mary from Amazon is scheduled for 2002-01-26,PERSON,Mary
The meeting with Mary from Amazon is scheduled for 2002-01-26,ORG,Amazon
John works at Microsoft in Paris since 1991-08-09,PERSON,John
John works at Microsoft in Paris since 1991-08-09,ORG,Microsoft
John works at Microsoft in Paris since 1991-08-09,GPE,Paris
Google announced new projects starting 1989-12-10,ORG,Google
Amazon announced new projects starting 1976-06-14,ORG,Amazon
Paris will host the event in 1995-01-21,GPE,Paris
John attended a conference on 2015-01-28,PERSON,John
Amazon announced new projects starting 1992-06-27,ORG,Amazon
Sara attended a conference on 1972-06-03,PERSON,Sara
Tokyo will host the event in 2019-07-22,GPE,Tokyo
Alex attended a conference on 1997-05-16,PERSON,Alex
John works at Amazon in Paris since 1979-06-03,PERSON,John
John works at Amazon in Paris since 1979-06-03,ORG,Amazon
John works at Amazon in Paris since 1979-06-03,GPE,Paris
Alex attended a conference on 1996-10-06,PERSON,Alex
Alex attended a conference on 1997-01-31,PERSON,Alex
The meeting with Sara from Microsoft is scheduled for 2016-09-04,PERSON,Sara
The meeting with Sara from Microsoft is scheduled for 2016-09-04,ORG,Microsoft
Sara attended a conference on 1998-11-16,PERSON,Sara
The meeting with Sara from Amazon is scheduled for 2004-12-01,PERSON,Sara
The meeting with Sara from Amazon is scheduled for 2004-12-01,ORG,Amazon
Amazon announced new projects starting 2005-05-18,ORG,Amazon
Amazon announced new projects starting 2013-03-03,ORG,Amazon
Sara attended a conference on 1974-04-23,PERSON,Sara
Google announced new projects starting 1972-06-02,ORG,Google
Sara works at Google in Paris since 1984-11-19,PERSON,Sara
Sara works at Google in Paris since 1984-11-19,ORG,Google
Sara works at Google in Paris since 1984-11-19,GPE,Paris
Mary attended a conference on 1973-10-31,PERSON,Mary
Mary works at Google in Tokyo since 1994-06-20,PERSON,Mary
Mary works at Google in Tokyo since 1994-06-20,ORG,Google
Mary works at Google in Tokyo since 1994-06-20,GPE,Tokyo
John attended a conference on 2019-10-29,PERSON,John
The meeting with John from Amazon is scheduled for 2000-03-06,PERSON,John
The meeting with John from Amazon is scheduled for 2000-03-06,ORG,Amazon
The meeting with Sara from Google is scheduled for 1983-06-26,PERSON,Sara
The meeting with Sara from Google is scheduled for 1983-06-26,ORG,Google
Sara works at Amazon in New York since 2004-01-04,PERSON,Sara
Sara works at Amazon in New York since 2004-01-04,ORG,Amazon
The meeting with Mary from Microsoft is scheduled for 2005-09-10,PERSON,Mary
The meeting with Mary from Microsoft is scheduled for 2005-09-10,ORG,Microsoft
Sara attended a conference on 2010-10-28,PERSON,Sara
The meeting with Sara from Google is scheduled for 2001-07-19,PERSON,Sara
The meeting with Sara from Google is scheduled for 2001-07-19,ORG,Google
London will host the event in 1985-10-28,GPE,London
London will host the event in 2011-06-07,GPE,London
Alex works at Google in Paris since 1983-10-15,PERSON,Alex
Alex works at Google in Paris since 1983-10-15,ORG,Google
Alex works at Google in Paris since 1983-10-15,GPE,Paris
Mary attended a conference on 2024-01-04,PERSON,Mary
John works at Microsoft in Paris since 2006-05-08,PERSON,John
John works at Microsoft in Paris since 2006-05-08,ORG,Microsoft
John works at Microsoft in Paris since 2006-05-08,GPE,Paris
The meeting with Mary from Meta is scheduled for 1975-07-28,PERSON,Mary
The meeting with Mary from Meta is scheduled for 1975-07-28,ORG,Meta
Mary works at Amazon in New York since 1993-04-11,PERSON,Mary
Mary works at Amazon in New York since 1993-04-11,ORG,Amazon
John works at Microsoft in Paris since 2001-02-25,PERSON,John
John works at Microsoft in Paris since 2001-02-25,ORG,Microsoft
John works at Microsoft in Paris since 2001-02-25,GPE,Paris
Amazon announced new projects starting 1994-07-19,ORG,Amazon
Microsoft announced new projects starting 2016-10-12,ORG,Microsoft
Amazon announced new projects starting 2014-03-22,ORG,Amazon
London will host the event in 2003-11-23,GPE,London
The meeting with Alex from Google is scheduled for 1975-05-15,PERSON,Alex
The meeting with Alex from Google is scheduled for 1975-05-15,ORG,Google
Sara works at Meta in Tokyo since 1979-10-24,PERSON,Sara
Sara works at Meta in Tokyo since 1979-10-24,ORG,Meta
Sara works at Meta in Tokyo since 1979-10-24,GPE,Tokyo
The meeting with Mary from Meta is scheduled for 1983-06-14,PERSON,Mary
The meeting with Mary from Meta is scheduled for 1983-06-14,ORG,Meta
Alex works at Meta in Paris since 2014-09-22,PERSON,Alex
Alex works at Meta in Paris since 2014-09-22,ORG,Meta
Alex works at Meta in Paris since 2014-09-22,GPE,Paris
Mary attended a conference on 1970-08-27,PERSON,Mary
The meeting with Mary from Google is scheduled for 2014-07-11,PERSON,Mary
The meeting with Mary from Google is scheduled for 2014-07-11,ORG,Google
The meeting with Sara from Amazon is scheduled for 1995-04-01,PERSON,Sara
The meeting with Sara from Amazon is scheduled for 1995-04-01,ORG,Amazon
The meeting with Sara from Amazon is scheduled for 1990-10-09,PERSON,Sara
The meeting with Sara from Amazon is scheduled for 1990-10-09,ORG,Amazon
Mary works at Microsoft in New York since 1979-02-18,PERSON,Mary
Mary works at Microsoft in New York since 1979-02-18,ORG,Microsoft
Amazon announced new projects starting 2016-12-25,ORG,Amazon
The meeting with Alex from Microsoft is scheduled for 1992-03-31,PERSON,Alex
The meeting with Alex from Microsoft is scheduled for 1992-03-31,ORG,Microsoft
Google announced new projects starting 2005-08-26,ORG,Google
London will host the event in 2024-07-02,GPE,London
The meeting with Alex from Google is scheduled for 1998-04-15,PERSON,Alex
The meeting with Alex from Google is scheduled for 1998-04-15,ORG,Google
Google announced new projects starting 1996-12-30,ORG,Google
Alex works at Meta in London since 2022-11-23,PERSON,Alex
Alex works at Meta in London since 2022-11-23,ORG,Meta
Alex works at Meta in London since 2022-11-23,GPE,London
Meta announced new projects starting 2019-02-28,ORG,Meta
Google announced new projects starting 1988-04-09,ORG,Google
The meeting with John from Meta is scheduled for 1997-01-15,PERSON,John
The meeting with John from Meta is scheduled for 1997-01-15,ORG,Meta
London will host the event in 1994-03-01,GPE,London
Meta announced new projects starting 2013-12-16,ORG,Meta
The meeting with Alex from Meta is scheduled for 2008-11-11,PERSON,Alex
The meeting with Alex from Meta is scheduled for 2008-11-11,ORG,Meta
London will host the event in 2009-11-06,GPE,London
Alex attended a conference on 1985-02-03,PERSON,Alex
Meta announced new projects starting 2024-07-25,ORG,Meta
The meeting with Mary from Microsoft is scheduled for 1994-12-15,PERSON,Mary
The meeting with Mary from Microsoft is scheduled for 1994-12-15,ORG,Microsoft
London will host the event in 2011-04-29,GPE,London
Paris will host the event in 2020-06-14,GPE,Paris
The meeting with Alex from Microsoft is scheduled for 1975-04-17,PERSON,Alex
The meeting with Alex from Microsoft is scheduled for 1975-04-17,ORG,Microsoft
The meeting with Alex from Google is scheduled for 1976-04-29,PERSON,Alex
The meeting with Alex from Google is scheduled for 1976-04-29,ORG,Google
Mary attended a conference on 2010-04-03,PERSON,Mary
Sara attended a conference on 1982-03-15,PERSON,Sara
Meta announced new projects starting 1974-05-08,ORG,Meta
Google announced new projects starting 1970-07-09,ORG,Google
Meta announced new projects starting 1984-01-08,ORG,Meta
Paris will host the event in 1983-04-26,GPE,Paris
Google announced new projects starting 1988-05-04,ORG,Google
Sara works at Meta in New York since 2005-01-11,PERSON,Sara
Sara works at Meta in New York since 2005-01-11,ORG,Meta
Mary works at Meta in Tokyo since 1989-04-17,PERSON,Mary
Mary works at Meta in Tokyo since 1989-04-17,ORG,Meta
Mary works at Meta in Tokyo since 1989-04-17,GPE,Tokyo
Meta announced new projects starting 2000-04-07,ORG,Meta
Microsoft announced new projects starting 1974-06-30,ORG,Microsoft
Amazon announced new projects starting 1984-11-12,ORG,Amazon
The meeting with Mary from Meta is scheduled for 2008-09-27,PERSON,Mary
The meeting with Mary from Meta is scheduled for 2008-09-27,ORG,Meta
Tokyo will host the event in 2019-01-03,GPE,Tokyo
Sara works at Amazon in Tokyo since 1988-06-12,PERSON,Sara
Sara works at Amazon in Tokyo since 1988-06-12,ORG,Amazon
Sara works at Amazon in Tokyo since 1988-06-12,GPE,Tokyo
Sara works at Amazon in Tokyo since 2003-04-27,PERSON,Sara
Sara works at Amazon in Tokyo since 2003-04-27,ORG,Amazon
Sara works at Amazon in Tokyo since 2003-04-27,GPE,Tokyo
John attended a conference on 2000-11-14,PERSON,John
Sara attended a conference on 2003-05-28,PERSON,Sara
The meeting with Sara from Microsoft is scheduled for 2001-02-05,PERSON,Sara
The meeting with Sara from Microsoft is scheduled for 2001-02-05,ORG,Microsoft
Sara works at Meta in Tokyo since 1987-06-13,PERSON,Sara
Sara works at Meta in Tokyo since 1987-06-13,ORG,Meta
Sara works at Meta in Tokyo since 1987-06-13,GPE,Tokyo
Paris will host the event in 1980-11-22,GPE,Paris
John works at Meta in London since 1976-08-15,PERSON,John
John works at Meta in London since 1976-08-15,ORG,Meta
John works at Meta in London since 1976-08-15,GPE,London
The meeting with Sara from Microsoft is scheduled for 1970-10-18,PERSON,Sara
The meeting with Sara from Microsoft is scheduled for 1970-10-18,ORG,Microsoft
The meeting with Alex from Microsoft is scheduled for 2007-09-26,PERSON,Alex
The meeting with Alex from Microsoft is scheduled for 2007-09-26,ORG,Microsoft
Mary works at Meta in New York since 2016-07-22,PERSON,Mary
Mary works at Meta in New York since 2016-07-22,ORG,Meta
Tokyo will host the event in 2008-06-09,GPE,Tokyo
Google announced new projects starting 1990-12-11,ORG,Google
Mary works at Google in New York since 2017-11-22,PERSON,Mary
Mary works at Google in New York since 2017-11-22,ORG,Google
Tokyo will host the event in 1978-10-25,GPE,Tokyo
Sara works at Amazon in New York since 1972-03-25,PERSON,Sara
Sara works at Amazon in New York since 1972-03-25,ORG,Amazon
Sara works at Google in London since 1985-02-13,PERSON,Sara
Sara works at Google in London since 1985-02-13,ORG,Google
Sara works at Google in London since 1985-02-13,GPE,London
John works at Google in Paris since 1996-07-29,PERSON,John
John works at Google in Paris since 1996-07-29,ORG,Google
John works at Google in Paris since 1996-07-29,GPE,Paris
Microsoft announced new projects starting 1985-09-09,ORG,Microsoft
Sara works at Microsoft in London since 2021-08-20,PERSON,Sara
Sara works at Microsoft in London since 2021-08-20,ORG,Microsoft
Sara works at Microsoft in London since 2021-08-20,GPE,London
Sara works at Meta in New York since 1997-07-06,PERSON,Sara
Sara works at Meta in New York since 1997-07-06,ORG,Meta
Google announced new projects starting 1995-12-07,ORG,Google
Mary works at Google in Tokyo since 2011-12-05,PERSON,Mary
Mary works at Google in Tokyo since 2011-12-05,ORG,Google
Mary works at Google in Tokyo since 2011-12-05,GPE,Tokyo
The meeting with Mary from Amazon is scheduled for 2000-11-02,PERSON,Mary
The meeting with Mary from Amazon is scheduled for 2000-11-02,ORG,Amazon
Google announced new projects starting 2009-05-02,ORG,Google
The meeting with Alex from Google is scheduled for 2016-12-16,PERSON,Alex
The meeting with Alex from Google is scheduled for 2016-12-16,ORG,Google
The meeting with Sara from Google is scheduled for 1981-07-24,PERSON,Sara
The meeting with Sara from Google is scheduled for 1981-07-24,ORG,Google
Mary attended a conference on 1986-03-29,PERSON,Mary
John attended a conference on 1999-11-29,PERSON,John
The meeting with Mary from Meta is scheduled for 2014-12-14,PERSON,Mary
The meeting with Mary from Meta is scheduled for 2014-12-14,ORG,Meta
Sara works at Microsoft in Tokyo since 2001-10-26,PERSON,Sara
Sara works at Microsoft in Tokyo since 2001-10-26,ORG,Microsoft
Sara works at Microsoft in Tokyo since 2001-10-26,GPE,Tokyo
The meeting with Alex from Meta is scheduled for 2024-11-30,PERSON,Alex
The meeting with Alex from Meta is scheduled for 2024-11-30,ORG,Meta
Alex works at Meta in New York since 1976-05-29,PERSON,Alex
Alex works at Meta in New York since 1976-05-29,ORG,Meta
John works at Meta in Paris since 2002-11-23,PERSON,John
John works at Meta in Paris since 2002-11-23,ORG,Meta
John works at Meta in Paris since 2002-11-23,GPE,Paris
The meeting with John from Google is scheduled for 1993-06-16,PERSON,John
The meeting with John from Google is scheduled for 1993-06-16,ORG,Google
Microsoft announced new projects starting 1974-10-24,ORG,Microsoft
Mary attended a conference on 2023-08-24,PERSON,Mary
Amazon announced new projects starting 1997-01-26,ORG,Amazon
John attended a conference on 1979-07-16,PERSON,John
Alex works at Microsoft in New York since 1982-01-28,PERSON,Alex
Alex works at Microsoft in New York since 1982-01-28,ORG,Microsoft
Mary works at Meta in Tokyo since 1993-12-18,PERSON,Mary
Mary works at Meta in Tokyo since 1993-12-18,ORG,Meta
Mary works at Meta in Tokyo since 1993-12-18,GPE,Tokyo
Meta announced new projects starting 1989-12-06,ORG,Meta
Paris will host the event in 1992-09-02,GPE,Paris
Mary works at Meta in New York since 2022-10-24,PERSON,Mary
Mary works at Meta in New York since 2022-10-24,ORG,Meta
John attended a conference on 2005-03-17,PERSON,John
Mary works at Amazon in London since 1996-11-22,PERSON,Mary
Mary works at Amazon in London since 1996-11-22,ORG,Amazon
Mary works at Amazon in London since 1996-11-22,GPE,London
Tokyo will host the event in 1991-11-03,GPE,Tokyo
Mary attended a conference on 2019-12-29,PERSON,Mary
The meeting with John from Amazon is scheduled for 1982-02-05,PERSON,John
The meeting with John from Amazon is scheduled for 1982-02-05,ORG,Amazon
The meeting with John from Amazon is scheduled for 2011-06-01,PERSON,John
The meeting with John from Amazon is scheduled for 2011-06-01,ORG,Amazon
Microsoft announced new projects starting 1989-04-21,ORG,Microsoft
The meeting with Alex from Amazon is scheduled for 2020-09-05,PERSON,Alex
The meeting with Alex from Amazon is scheduled for 2020-09-05,ORG,Amazon
Amazon announced new projects starting 2023-12-30,ORG,Amazon
Tokyo will host the event in 1978-11-25,GPE,Tokyo
Tokyo will host the event in 2010-01-23,GPE,Tokyo
Google announced new projects starting 1994-04-27,ORG,Google
Amazon announced new projects starting 1988-03-15,ORG,Amazon
Mary works at Amazon in London since 2017-04-07,PERSON,Mary
Mary works at Amazon in London since 2017-04-07,ORG,Amazon
Mary works at Amazon in London since 2017-04-07,GPE,London
London will host the event in 1977-08-27,GPE,London
John attended a conference on 2021-09-29,PERSON,John
Amazon announced new projects starting 1974-12-20,ORG,Amazon
Mary works at Meta in Paris since 1976-08-29,PERSON,Mary
Mary works at Meta in Paris since 1976-08-29,ORG,Meta
Mary works at Meta in Paris since 1976-08-29,GPE,Paris
London will host the event in 2011-08-22,GPE,London
Google announced new projects starting 2007-11-21,ORG,Google
The meeting with John from Meta is scheduled for 2022-10-11,PERSON,John
The meeting with John from Meta is scheduled for 2022-10-11,ORG,Meta
The meeting with John from Amazon is scheduled for 1999-12-15,PERSON,John
The meeting with John from Amazon is scheduled for 1999-12-15,ORG,Amazon
Amazon announced new projects starting 2022-07-24,ORG,Amazon
The meeting with Sara from Amazon is scheduled for 2017-03-03,PERSON,Sara
The meeting with Sara from Amazon is scheduled for 2017-03-03,ORG,Amazon
Meta announced new projects starting 2009-12-26,ORG,Meta
Tokyo will host the event in 1971-06-02,GPE,Tokyo
London will host the event in 2023-09-28,GPE,London
Amazon announced new projects starting 2023-05-27,ORG,Amazon
The meeting with John from Microsoft is scheduled for 1999-01-21,PERSON,John
The meeting with John from Microsoft is scheduled for 1999-01-21,ORG,Microsoft
Sara attended a conference on 2019-02-10,PERSON,Sara
Paris will host the event in 1999-07-13,GPE,Paris
The meeting with Sara from Microsoft is scheduled for 2016-07-20,PERSON,Sara
The meeting with Sara from Microsoft is scheduled for 2016-07-20,ORG,Microsoft
The meeting with John from Amazon is scheduled for 2021-11-10,PERSON,John
The meeting with John from Amazon is scheduled for 2021-11-10,ORG,Amazon
Sara works at Microsoft in Tokyo since 2024-09-15,PERSON,Sara
Sara works at Microsoft in Tokyo since 2024-09-15,ORG,Microsoft
Sara works at Microsoft in Tokyo since 2024-09-15,GPE,Tokyo
Alex works at Meta in Paris since 1981-04-19,PERSON,Alex
Alex works at Meta in Paris since 1981-04-19,ORG,Meta
Alex works at Meta in Paris since 1981-04-19,GPE,Paris
The meeting with Alex from Meta is scheduled for 1970-02-19,PERSON,Alex
The meeting with Alex from Meta is scheduled for 1970-02-19,ORG,Meta
The meeting with Mary from Microsoft is scheduled for 1974-05-28,PERSON,Mary
The meeting with Mary from Microsoft is scheduled for 1974-05-28,ORG,Microsoft
The meeting with Mary from Google is scheduled for 2021-01-12,PERSON,Mary
The meeting with Mary from Google is scheduled for 2021-01-12,ORG,Google
Alex works at Amazon in Tokyo since 2009-02-06,PERSON,Alex
Alex works at Amazon in Tokyo since 2009-02-06,ORG,Amazon
Alex works at Amazon in Tokyo since 2009-02-06,GPE,Tokyo
Amazon announced new projects starting 1987-03-01,ORG,Amazon
Mary attended a conference on 1987-01-13,PERSON,Mary
Alex attended a conference on 1974-08-15,PERSON,Alex
Amazon announced new projects starting 2012-03-12,ORG,Amazon
London will host the event in 1982-02-12,GPE,London
Mary attended a conference on 1970-12-29,PERSON,Mary
Amazon announced new projects starting 1998-10-01,ORG,Amazon
The meeting with John from Meta is scheduled for 2010-02-28,PERSON,John
The meeting with John from Meta is scheduled for 2010-02-28,ORG,Meta
John works at Meta in London since 1998-10-09,PERSON,John
John works at Meta in London since 1998-10-09,ORG,Meta
John works at Meta in London since 1998-10-09,GPE,London
The meeting with Mary from Meta is scheduled for 1983-09-29,PERSON,Mary
The meeting with Mary from Meta is scheduled for 1983-09-29,ORG,Meta
Tokyo will host the event in 1982-10-17,GPE,Tokyo
Paris will host the event in 2000-09-08,GPE,Paris
Alex attended a conference on 2003-11-12,PERSON,Alex
Paris will host the event in 1998-04-28,GPE,Paris
Amazon announced new projects starting 2009-09-12,ORG,Amazon
Paris will host the event in 1990-05-26,GPE,Paris
Mary works at Meta in Tokyo since 2021-02-27,PERSON,Mary
Mary works at Meta in Tokyo since 2021-02-27,ORG,Meta
Mary works at Meta in Tokyo since 2021-02-27,GPE,Tokyo
The meeting with Mary from Meta is scheduled for 2006-02-28,PERSON,Mary
The meeting with Mary from Meta is scheduled for 2006-02-28,ORG,Meta
Sara attended a conference on 1986-09-14,PERSON,Sara
Amazon announced new projects starting 2023-09-30,ORG,Amazon
Meta announced new projects starting 2007-11-24,ORG,Meta
Mary works at Meta in New York since 1981-12-30,PERSON,Mary
Mary works at Meta in New York since 1981-12-30,ORG,Meta
Alex works at Microsoft in Tokyo since 2004-10-11,PERSON,Alex
Alex works at Microsoft in Tokyo since 2004-10-11,ORG,Microsoft
Alex works at Microsoft in Tokyo since 2004-10-11,GPE,Tokyo
Alex attended a conference on 1992-02-12,PERSON,Alex
Alex works at Microsoft in Paris since 1978-09-18,PERSON,Alex
Alex works at Microsoft in Paris since 1978-09-18,ORG,Microsoft
Alex works at Microsoft in Paris since 1978-09-18,GPE,Paris
Mary works at Meta in Tokyo since 2019-10-11,PERSON,Mary
Mary works at Meta in Tokyo since 2019-10-11,ORG,Meta
Mary works at Meta in Tokyo since 2019-10-11,GPE,Tokyo
Microsoft announced new projects starting 1979-03-25,ORG,Microsoft
Alex works at Google in New York since 1979-09-20,PERSON,Alex
Alex works at Google in New York since 1979-09-20,ORG,Google
Mary attended a conference on 1985-10-26,PERSON,Mary
London will host the event in 2022-03-07,GPE,London
The meeting with Sara from Amazon is scheduled for 2021-06-17,PERSON,Sara
The meeting with Sara from Amazon is scheduled for 2021-06-17,ORG,Amazon
The meeting with Mary from Meta is scheduled for 1984-09-29,PERSON,Mary
The meeting with Mary from Meta is scheduled for 1984-09-29,ORG,Meta
The meeting with Alex from Microsoft is scheduled for 1993-06-12,PERSON,Alex
The meeting with Alex from Microsoft is scheduled for 1993-06-12,ORG,Microsoft
The meeting with Mary from Google is scheduled for 1995-12-30,PERSON,Mary
The meeting with Mary from Google is scheduled for 1995-12-30,ORG,Google
John attended a conference on 2018-02-16,PERSON,John
Meta announced new projects starting 1984-01-14,ORG,Meta
The meeting with Mary from Amazon is scheduled for 2004-07-22,PERSON,Mary
The meeting with Mary from Amazon is scheduled for 2004-07-22,ORG,Amazon
Microsoft announced new projects starting 1980-11-21,ORG,Microsoft
Alex attended a conference on 2006-12-19,PERSON,Alex
Paris will host the event in 2022-01-06,GPE,Paris
Tokyo will host the event in 2008-10-22,GPE,Tokyo
Alex attended a conference on 2017-07-19,PERSON,Alex
Mary works at Microsoft in Tokyo since 1992-03-04,PERSON,Mary
Mary works at Microsoft in Tokyo since 1992-03-04,ORG,Microsoft
Mary works at Microsoft in Tokyo since 1992-03-04,GPE,Tokyo
The meeting with Sara from Google is scheduled for 1989-04-13,PERSON,Sara
The meeting with Sara from Google is scheduled for 1989-04-13,ORG,Google
Google announced new projects starting 2001-11-24,ORG,Google
Tokyo will host the event in 1970-08-06,GPE,Tokyo
Mary attended a conference on 1979-04-03,PERSON,Mary
Mary works at Amazon in Paris since 2018-06-21,PERSON,Mary
Mary works at Amazon in Paris since 2018-06-21,ORG,Amazon
Mary works at Amazon in Paris since 2018-06-21,GPE,Paris
Microsoft announced new projects starting 2006-02-11,ORG,Microsoft
Google announced new projects starting 2018-08-07,ORG,Google
Meta announced new projects starting 1980-07-26,ORG,Meta
Microsoft announced new projects starting 1984-07-28,ORG,Microsoft
The meeting with Sara from Google is scheduled for 1970-04-20,PERSON,Sara
The meeting with Sara from Google is scheduled for 1970-04-20,ORG,Google
Sara attended a conference on 2003-03-13,PERSON,Sara
Meta announced new projects starting 2020-04-28,ORG,Meta
Meta announced new projects starting 2021-06-09,ORG,Meta
Tokyo will host the event in 2021-06-15,GPE,Tokyo
Mary works at Google in Tokyo since 1992-08-10,PERSON,Mary
Mary works at Google in Tokyo since 1992-08-10,ORG,Google
Mary works at Google in Tokyo since 1992-08-10,GPE,Tokyo
Tokyo will host the event in 1987-11-06,GPE,Tokyo
Amazon announced new projects starting 1987-08-25,ORG,Amazon
Sara works at Amazon in New York since 2008-04-08,PERSON,Sara
Sara works at Amazon in New York since 2008-04-08,ORG,Amazon
John works at Amazon in Tokyo since 2006-10-19,PERSON,John
John works at Amazon in Tokyo since 2006-10-19,ORG,Amazon
John works at Amazon in Tokyo since 2006-10-19,GPE,Tokyo
Microsoft announced new projects starting 2013-03-23,ORG,Microsoft
John attended a conference on 2010-09-24,PERSON,John
Meta announced new projects starting 1989-07-20,ORG,Meta
Mary attended a conference on 1994-09-11,PERSON,Mary
London will host the event in 1989-02-19,GPE,London
Alex attended a conference on 1984-12-17,PERSON,Alex
Tokyo will host the event in 1995-06-17,GPE,Tokyo
Paris will host the event in 1998-06-21,GPE,Paris
The meeting with Alex from Meta is scheduled for 1971-08-06,PERSON,Alex
The meeting with Alex from Meta is scheduled for 1971-08-06,ORG,Meta
John attended a conference on 1985-10-28,PERSON,John
Paris will host the event in 2011-10-31,GPE,Paris
Google announced new projects starting 1972-02-09,ORG,Google
Microsoft announced new projects starting 1982-06-18,ORG,Microsoft
Mary attended a conference on 2014-06-17,PERSON,Mary
Google announced new projects starting 1989-03-08,ORG,Google
The meeting with John from Microsoft is scheduled for 1986-11-23,PERSON,John
The meeting with John from Microsoft is scheduled for 1986-11-23,ORG,Microsoft
Google announced new projects starting 2017-05-02,ORG,Google
Amazon announced new projects starting 2024-09-12,ORG,Amazon
Mary attended a conference on 1990-04-05,PERSON,Mary
Sara attended a conference on 2005-05-17,PERSON,Sara
The meeting with Mary from Microsoft is scheduled for 2024-06-30,PERSON,Mary
The meeting with Mary from Microsoft is scheduled for 2024-06-30,ORG,Microsoft
Alex attended a conference on 1993-03-09,PERSON,Alex
Meta announced new projects starting 2024-03-15,ORG,Meta
John works at Meta in Paris since 2012-05-31,PERSON,John
John works at Meta in Paris since 2012-05-31,ORG,Meta
John works at Meta in Paris since 2012-05-31,GPE,Paris
The meeting with Sara from Meta is scheduled for 2000-04-01,PERSON,Sara
The meeting with Sara from Meta is scheduled for 2000-04-01,ORG,Meta
The meeting with John from Amazon is scheduled for 2017-03-29,PERSON,John
The meeting with John from Amazon is scheduled for 2017-03-29,ORG,Amazon
Sara attended a conference on 2004-10-11,PERSON,Sara
The meeting with Sara from Microsoft is scheduled for 2013-09-03,PERSON,Sara
The meeting with Sara from Microsoft is scheduled for 2013-09-03,ORG,Microsoft
Alex attended a conference on 2009-03-18,PERSON,Alex
The meeting with Mary from Meta is scheduled for 2015-07-16,PERSON,Mary
The meeting with Mary from Meta is scheduled for 2015-07-16,ORG,Meta
Google announced new projects starting 1991-05-31,ORG,Google
John attended a conference on 1990-09-25,PERSON,John
The meeting with Sara from Meta is scheduled for 1997-06-04,PERSON,Sara
The meeting with Sara from Meta is scheduled for 1997-06-04,ORG,Meta
Amazon announced new projects starting 1991-03-12,ORG,Amazon
Microsoft announced new projects starting 1997-04-23,ORG,Microsoft
John works at Meta in New York since 1997-03-15,PERSON,John
John works at Meta in New York since 1997-03-15,ORG,Meta
The meeting with Mary from Meta is scheduled for 1992-10-21,PERSON,Mary
The meeting with Mary from Meta is scheduled for 1992-10-21,ORG,Meta
Meta announced new projects starting 2010-05-09,ORG,Meta
John attended a conference on 2023-09-01,PERSON,John
Mary attended a conference on 1981-03-10,PERSON,Mary
Sara attended a conference on 2018-05-01,PERSON,Sara
Google announced new projects starting 2015-04-04,ORG,Google
Sara works at Meta in Paris since 1984-05-07,PERSON,Sara
Sara works at Meta in Paris since 1984-05-07,ORG,Meta
Sara works at Meta in Paris since 1984-05-07,GPE,Paris
Amazon announced new projects starting 2022-05-18,ORG,Amazon
Google announced new projects starting 1997-11-16,ORG,Google
London will host the event in 2019-08-11,GPE,London
Microsoft announced new projects starting 2011-07-15,ORG,Microsoft
Google announced new projects starting 2018-07-24,ORG,Google
Amazon announced new projects starting 2015-09-01,ORG,Amazon
The meeting with John from Microsoft is scheduled for 1996-11-12,PERSON,John
The meeting with John from Microsoft is scheduled for 1996-11-12,ORG,Microsoft
John works at Google in Paris since 1970-09-19,PERSON,John
John works at Google in Paris since 1970-09-19,ORG,Google
John works at Google in Paris since 1970-09-19,GPE,Paris
The meeting with Mary from Microsoft is scheduled for 1997-03-21,PERSON,Mary
The meeting with Mary from Microsoft is scheduled for 1997-03-21,ORG,Microsoft
The meeting with John from Amazon is scheduled for 1980-05-31,PERSON,John
The meeting with John from Amazon is scheduled for 1980-05-31,ORG,Amazon
The meeting with John from Amazon is scheduled for 1986-09-17,PERSON,John
The meeting with John from Amazon is scheduled for 1986-09-17,ORG,Amazon
Sara works at Amazon in London since 2011-09-02,PERSON,Sara
Sara works at Amazon in London since 2011-09-02,ORG,Amazon
Sara works at Amazon in London since 2011-09-02,GPE,London
London will host the event in 1998-04-30,GPE,London
Sara attended a conference on 2001-05-06,PERSON,Sara
John works at Microsoft in London since 2019-02-15,PERSON,John
John works at Microsoft in London since 2019-02-15,ORG,Microsoft
John works at Microsoft in London since 2019-02-15,GPE,London
John works at Meta in Paris since 2013-05-19,PERSON,John
John works at Meta in Paris since 2013-05-19,ORG,Meta
John works at Meta in Paris since 2013-05-19,GPE,Paris
Sara attended a conference on 2016-09-19,PERSON,Sara
Sara attended a conference on 1970-10-21,PERSON,Sara
Mary works at Microsoft in London since 1976-02-08,PERSON,Mary
Mary works at Microsoft in London since 1976-02-08,ORG,Microsoft
Mary works at Microsoft in London since 1976-02-08,GPE,London
The meeting with Alex from Microsoft is scheduled for 1973-03-20,PERSON,Alex
The meeting with Alex from Microsoft is scheduled for 1973-03-20,ORG,Microsoft
Mary attended a conference on 1982-04-28,PERSON,Mary
The meeting with Mary from Amazon is scheduled for 2004-02-16,PERSON,Mary
The meeting with Mary from Amazon is scheduled for 2004-02-16,ORG,Amazon
Amazon announced new projects starting 2023-12-25,ORG,Amazon
The meeting with Mary from Google is scheduled for 1972-09-03,PERSON,Mary
The meeting with Mary from Google is scheduled for 1972-09-03,ORG,Google
Alex works at Google in New York since 1998-11-05,PERSON,Alex
Alex works at Google in New York since 1998-11-05,ORG,Google
John attended a conference on 1980-09-12,PERSON,John
Meta announced new projects starting 1970-04-27,ORG,Meta
Amazon announced new projects starting 2023-10-25,ORG,Amazon
John attended a conference on 2003-01-19,PERSON,John
Amazon announced new projects starting 1976-08-02,ORG,Amazon
Alex attended a conference on 1988-09-19,PERSON,Alex
John attended a conference on 1978-07-17,PERSON,John
Mary works at Microsoft in Paris since 1988-12-26,PERSON,Mary
Mary works at Microsoft in Paris since 1988-12-26,ORG,Microsoft
Mary works at Microsoft in Paris since 1988-12-26,GPE,Paris
London will host the event in 2020-08-29,GPE,London
The meeting with Alex from Microsoft is scheduled for 1984-03-31,PERSON,Alex
The meeting with Alex from Microsoft is scheduled for 1984-03-31,ORG,Microsoft
Paris will host the event in 1983-03-06,GPE,Paris
Mary works at Google in New York since 1973-08-28,PERSON,Mary
Mary works at Google in New York since 1973-08-28,ORG,Google
Tokyo will host the event in 2013-02-25,GPE,Tokyo
Mary attended a conference on 2004-10-22,PERSON,Mary
The meeting with Mary from Google is scheduled for 1984-12-12,PERSON,Mary
The meeting with Mary from Google is scheduled for 1984-12-12,ORG,Google
Sara works at Google in New York since 1982-01-10,PERSON,Sara
Sara works at Google in New York since 1982-01-10,ORG,Google
Sara works at Google in Paris since 1971-03-24,PERSON,Sara
Sara works at Google in Paris since 1971-03-24,ORG,Google
Sara works at Google in Paris since 1971-03-24,GPE,Paris
The meeting with John from Amazon is scheduled for 1974-09-21,PERSON,John
The meeting with John from Amazon is scheduled for 1974-09-21,ORG,Amazon
Paris will host the event in 1988-02-10,GPE,Paris
Paris will host the event in 2008-06-04,GPE,Paris
Mary works at Amazon in London since 2004-11-08,PERSON,Mary
Mary works at Amazon in London since 2004-11-08,ORG,Amazon
Mary works at Amazon in London since 2004-11-08,GPE,London
Meta announced new projects starting 2012-03-18,ORG,Meta
The meeting with Alex from Amazon is scheduled for 2018-10-05,PERSON,Alex
The meeting with Alex from Amazon is scheduled for 2018-10-05,ORG,Amazon
The meeting with Alex from Microsoft is scheduled for 1992-10-15,PERSON,Alex
The meeting with Alex from Microsoft is scheduled for 1992-10-15,ORG,Microsoft
Meta announced new projects starting 2004-09-28,ORG,Meta
The meeting with John from Google is scheduled for 2012-09-08,PERSON,John
The meeting with John from Google is scheduled for 2012-09-08,ORG,Google
Google announced new projects starting 1988-03-23,ORG,Google
John works at Meta in London since 1985-11-03,PERSON,John
John works at Meta in London since 1985-11-03,ORG,Meta
John works at Meta in London since 1985-11-03,GPE,London
Sara works at Meta in New York since 2023-08-23,PERSON,Sara
Sara works at Meta in New York since 2023-08-23,ORG,Meta
London will host the event in 2018-06-29,GPE,London
Sara attended a conference on 1983-04-30,PERSON,Sara
Alex works at Google in New York since 1989-04-03,PERSON,Alex
Alex works at Google in New York since 1989-04-03,ORG,Google
The meeting with Mary from Google is scheduled for 1996-07-17,PERSON,Mary
The meeting with Mary from Google is scheduled for 1996-07-17,ORG,Google
Meta announced new projects starting 2004-09-18,ORG,Meta
Mary works at Meta in Paris since 2003-12-07,PERSON,Mary
Mary works at Meta in Paris since 2003-12-07,ORG,Meta
Mary works at Meta in Paris since 2003-12-07,GPE,Paris
The meeting with John from Google is scheduled for 2015-05-18,PERSON,John
The meeting with John from Google is scheduled for 2015-05-18,ORG,Google
Alex works at Google in New York since 2020-12-15,PERSON,Alex
Alex works at Google in New York since 2020-12-15,ORG,Google
The meeting with Mary from Google is scheduled for 2004-09-12,PERSON,Mary
The meeting with Mary from Google is scheduled for 2004-09-12,ORG,Google
Microsoft announced new projects starting 2013-06-30,ORG,Microsoft
The meeting with John from Amazon is scheduled for 1972-09-05,PERSON,John
The meeting with John from Amazon is scheduled for 1972-09-05,ORG,Amazon
Mary works at Google in London since 2012-12-09,PERSON,Mary
Mary works at Google in London since 2012-12-09,ORG,Google
Mary works at Google in London since 2012-12-09,GPE,London
Alex attended a conference on 1973-10-23,PERSON,Alex
Meta announced new projects starting 2007-02-16,ORG,Meta
Paris will host the event in 2007-10-17,GPE,Paris
Sara works at Google in London since 1976-05-29,PERSON,Sara
Sara works at Google in London since 1976-05-29,ORG,Google
Sara works at Google in London since 1976-05-29,GPE,London
Google announced new projects starting 1982-03-04,ORG,Google
Mary attended a conference on 1985-11-01,PERSON,Mary
The meeting with John from Google is scheduled for 1993-08-06,PERSON,John
The meeting with John from Google is scheduled for 1993-08-06,ORG,Google
The meeting with Mary from Microsoft is scheduled for 1993-11-17,PERSON,Mary
The meeting with Mary from Microsoft is scheduled for 1993-11-17,ORG,Microsoft
Paris will host the event in 1975-06-09,GPE,Paris
Mary attended a conference on 1996-07-09,PERSON,Mary
Mary attended a conference on 1978-01-09,PERSON,Mary
Alex works at Amazon in London since 2023-07-01,PERSON,Alex
Alex works at Amazon in London since 2023-07-01,ORG,Amazon
Alex works at Amazon in London since 2023-07-01,GPE,London
The meeting with Alex from Google is scheduled for 1995-10-12,PERSON,Alex
The meeting with Alex from Google is scheduled for 1995-10-12,ORG,Google
Paris will host the event in 1975-03-13,GPE,Paris
Tokyo will host the event in 2013-10-02,GPE,Tokyo
Paris will host the event in 2010-01-15,GPE,Paris
Amazon announced new projects starting 1984-07-01,ORG,Amazon
The meeting with John from Microsoft is scheduled for 1990-06-22,PERSON,John
The meeting with John from Microsoft is scheduled for 1990-06-22,ORG,Microsoft
The meeting with Mary from Meta is scheduled for 2022-11-12,PERSON,Mary
The meeting with Mary from Meta is scheduled for 2022-11-12,ORG,Meta
The meeting with Alex from Microsoft is scheduled for 2022-02-28,PERSON,Alex
The meeting with Alex from Microsoft is scheduled for 2022-02-28,ORG,Microsoft
Sara works at Meta in Paris since 2009-09-03,PERSON,Sara
Sara works at Meta in Paris since 2009-09-03,ORG,Meta
Sara works at Meta in Paris since 2009-09-03,GPE,Paris
The meeting with Sara from Microsoft is scheduled for 2007-09-05,PERSON,Sara
The meeting with Sara from Microsoft is scheduled for 2007-09-05,ORG,Microsoft
Amazon announced new projects starting 2019-07-22,ORG,Amazon
Sara attended a conference on 1980-07-23,PERSON,Sara
Google announced new projects starting 1997-10-02,ORG,Google
The meeting with Sara from Google is scheduled for 2000-08-22,PERSON,Sara
The meeting with Sara from Google is scheduled for 2000-08-22,ORG,Google
Tokyo will host the event in 2021-03-08,GPE,Tokyo
The meeting with Sara from Microsoft is scheduled for 2021-11-18,PERSON,Sara
The meeting with Sara from Microsoft is scheduled for 2021-11-18,ORG,Microsoft
Mary attended a conference on 2015-09-06,PERSON,Mary
The meeting with John from Amazon is scheduled for 1998-07-21,PERSON,John
The meeting with John from Amazon is scheduled for 1998-07-21,ORG,Amazon
Sara attended a conference on 2013-08-18,PERSON,Sara
The meeting with Alex from Google is scheduled for 2015-01-14,PERSON,Alex
The meeting with Alex from Google is scheduled for 2015-01-14,ORG,Google
London will host the event in 2018-08-22,GPE,London
Mary works at Google in New York since 1988-10-01,PERSON,Mary
Mary works at Google in New York since 1988-10-01,ORG,Google
The meeting with Alex from Google is scheduled for 1989-05-03,PERSON,Alex
The meeting with Alex from Google is scheduled for 1989-05-03,ORG,Google
Sara attended a conference on 1978-02-01,PERSON,Sara
The meeting with Mary from Amazon is scheduled for 1983-03-14,PERSON,Mary
The meeting with Mary from Amazon is scheduled for 1983-03-14,ORG,Amazon
Mary works at Google in Paris since 1980-03-31,PERSON,Mary
Mary works at Google in Paris since 1980-03-31,ORG,Google
Mary works at Google in Paris since 1980-03-31,GPE,Paris
Paris will host the event in 1987-12-30,GPE,Paris
Google announced new projects starting 2019-02-12,ORG,Google
Tokyo will host the event in 1979-11-11,GPE,Tokyo
Amazon announced new projects starting 2024-01-02,ORG,Amazon
Google announced new projects starting 1986-06-08,ORG,Google
John works at Google in Tokyo since 2003-10-24,PERSON,John
John works at Google in Tokyo since 2003-10-24,ORG,Google
John works at Google in Tokyo since 2003-10-24,GPE,Tokyo
John works at Microsoft in Tokyo since 2008-05-08,PERSON,John
John works at Microsoft in Tokyo since 2008-05-08,ORG,Microsoft
John works at Microsoft in Tokyo since 2008-05-08,GPE,Tokyo
Paris will host the event in 2019-09-09,GPE,Paris
Mary works at Amazon in London since 2009-07-09,PERSON,Mary
Mary works at Amazon in London since 2009-07-09,ORG,Amazon
Mary works at Amazon in London since 2009-07-09,GPE,London
Paris will host the event in 2021-05-03,GPE,Paris
London will host the event in 1998-09-01,GPE,London
Amazon announced new projects starting 2000-11-21,ORG,Amazon
Microsoft announced new projects starting 2014-10-31,ORG,Microsoft
John works at Google in Tokyo since 1997-01-05,PERSON,John
John works at Google in Tokyo since 1997-01-05,ORG,Google
John works at Google in Tokyo since 1997-01-05,GPE,Tokyo
Alex works at Amazon in Tokyo since 1975-07-01,PERSON,Alex
Alex works at Amazon in Tokyo since 1975-07-01,ORG,Amazon
Alex works at Amazon in Tokyo since 1975-07-01,GPE,Tokyo
Google announced new projects starting 1981-11-21,ORG,Google
Amazon announced new projects starting 2018-07-19,ORG,Amazon
The meeting with John from Microsoft is scheduled for 1980-05-25,PERSON,John
The meeting with John from Microsoft is scheduled for 1980-05-25,ORG,Microsoft
John attended a conference on 2012-01-29,PERSON,John
Paris will host the event in 2013-03-05,GPE,Paris
Mary works at Amazon in London since 2021-09-26,PERSON,Mary
Mary works at Amazon in London since 2021-09-26,ORG,Amazon
Mary works at Amazon in London since 2021-09-26,GPE,London
Mary works at Microsoft in Tokyo since 2014-02-10,PERSON,Mary
Mary works at Microsoft in Tokyo since 2014-02-10,ORG,Microsoft
Mary works at Microsoft in Tokyo since 2014-02-10,GPE,Tokyo
John attended a conference on 2015-07-28,PERSON,John
Microsoft announced new projects starting 1997-05-16,ORG,Microsoft
John attended a conference on 1977-08-28,PERSON,John
Alex works at Meta in Tokyo since 2019-08-06,PERSON,Alex
Alex works at Meta in Tokyo since 2019-08-06,ORG,Meta
Alex works at Meta in Tokyo since 2019-08-06,GPE,Tokyo
The meeting with Alex from Microsoft is scheduled for 1997-04-02,PERSON,Alex
The meeting with Alex from Microsoft is scheduled for 1997-04-02,ORG,Microsoft
The meeting with John from Meta is scheduled for 1984-06-09,PERSON,John
The meeting with John from Meta is scheduled for 1984-06-09,ORG,Meta
Alex attended a conference on 1971-07-12,PERSON,Alex
Alex attended a conference on 1992-09-10,PERSON,Alex
The meeting with Alex from Google is scheduled for 1989-06-01,PERSON,Alex
The meeting with Alex from Google is scheduled for 1989-06-01,ORG,Google
Mary attended a conference on 1978-07-05,PERSON,Mary
Paris will host the event in 2007-03-14,GPE,Paris
Mary attended a conference on 2001-05-20,PERSON,Mary
Sara works at Google in Paris since 2008-07-09,PERSON,Sara
Sara works at Google in Paris since 2008-07-09,ORG,Google
Sara works at Google in Paris since 2008-07-09,GPE,Paris
Tokyo will host the event in 2010-08-01,GPE,Tokyo
Meta announced new projects starting 1979-01-12,ORG,Meta
Sara attended a conference on 2013-06-15,PERSON,Sara
Microsoft announced new projects starting 2019-06-16,ORG,Microsoft
Sara works at Google in New York since 2018-12-22,PERSON,Sara
Sara works at Google in New York since 2018-12-22,ORG,Google
Google announced new projects starting 1997-08-21,ORG,Google
Paris will host the event in 2016-07-26,GPE,Paris
Sara attended a conference on 1977-02-10,PERSON,Sara
Mary works at Meta in Tokyo since 1980-11-02,PERSON,Mary
Mary works at Meta in Tokyo since 1980-11-02,ORG,Meta
Mary works at Meta in Tokyo since 1980-11-02,GPE,Tokyo
John attended a conference on 2000-08-09,PERSON,John
Google announced new projects starting 2021-11-14,ORG,Google
Sara works at Meta in Paris since 1977-12-23,PERSON,Sara
Sara works at Meta in Paris since 1977-12-23,ORG,Meta
Sara works at Meta in Paris since 1977-12-23,GPE,Paris
Paris will host the event in 1986-09-20,GPE,Paris
Alex works at Meta in Tokyo since 2010-09-09,PERSON,Alex
Alex works at Meta in Tokyo since 2010-09-09,ORG,Meta
Alex works at Meta in Tokyo since 2010-09-09,GPE,Tokyo
Mary attended a conference on 1982-05-16,PERSON,Mary
Sara attended a conference on 1987-03-07,PERSON,Sara
John works at Microsoft in New York since 1989-09-05,PERSON,John
John works at Microsoft in New York since 1989-09-05,ORG,Microsoft
Amazon announced new projects starting 2014-02-23,ORG,Amazon
Mary attended a conference on 1985-04-25,PERSON,Mary
John works at Google in Tokyo since 2006-01-06,PERSON,John
John works at Google in Tokyo since 2006-01-06,ORG,Google
John works at Google in Tokyo since 2006-01-06,GPE,Tokyo
Alex works at Google in New York since 1972-10-27,PERSON,Alex
Alex works at Google in New York since 1972-10-27,ORG,Google
Paris will host the event in 1971-09-08,GPE,Paris
Google announced new projects starting 2014-11-01,ORG,Google
Mary attended a conference on 2014-03-03,PERSON,Mary
John works at Meta in Paris since 1994-07-07,PERSON,John
John works at Meta in Paris since 1994-07-07,ORG,Meta
John works at Meta in Paris since 1994-07-07,GPE,Paris
London will host the event in 2015-09-11,GPE,London
Paris will host the event in 1979-10-08,GPE,Paris
Paris will host the event in 2014-06-07,GPE,Paris
Sara attended a conference on 1990-02-05,PERSON,Sara
Google announced new projects starting 1986-08-11,ORG,Google
The meeting with Mary from Microsoft is scheduled for 1998-04-28,PERSON,Mary
The meeting with Mary from Microsoft is scheduled for 1998-04-28,ORG,Microsoft
The meeting with John from Meta is scheduled for 2019-06-23,PERSON,John
The meeting with John from Meta is scheduled for 2019-06-23,ORG,Meta
The meeting with John from Amazon is scheduled for 1982-10-15,PERSON,John
The meeting with John from Amazon is scheduled for 1982-10-15,ORG,Amazon
John works at Meta in Paris since 2004-08-04,PERSON,John
John works at Meta in Paris since 2004-08-04,ORG,Meta
John works at Meta in Paris since 2004-08-04,GPE,Paris
Alex works at Google in London since 1972-01-23,PERSON,Alex
Alex works at Google in London since 1972-01-23,ORG,Google
Alex works at Google in London since 1972-01-23,GPE,London
Mary works at Amazon in New York since 1971-08-11,PERSON,Mary
Mary works at Amazon in New York since 1971-08-11,ORG,Amazon
The meeting with Sara from Google is scheduled for 1978-11-15,PERSON,Sara
The meeting with Sara from Google is scheduled for 1978-11-15,ORG,Google
The meeting with Alex from Google is scheduled for 1978-04-16,PERSON,Alex
The meeting with Alex from Google is scheduled for 1978-04-16,ORG,Google
Microsoft announced new projects starting 2022-03-24,ORG,Microsoft
The meeting with Sara from Amazon is scheduled for 2014-09-15,PERSON,Sara
The meeting with Sara from Amazon is scheduled for 2014-09-15,ORG,Amazon
The meeting with John from Meta is scheduled for 2022-09-25,PERSON,John
The meeting with John from Meta is scheduled for 2022-09-25,ORG,Meta
Alex works at Meta in New York since 1986-05-23,PERSON,Alex
Alex works at Meta in New York since 1986-05-23,ORG,Meta
Meta announced new projects starting 1999-03-12,ORG,Meta
Alex attended a conference on 1995-02-09,PERSON,Alex
The meeting with Alex from Meta is scheduled for 1979-04-25,PERSON,Alex
The meeting with Alex from Meta is scheduled for 1979-04-25,ORG,Meta
Mary works at Meta in London since 2016-04-11,PERSON,Mary
Mary works at Meta in London since 2016-04-11,ORG,Meta
Mary works at Meta in London since 2016-04-11,GPE,London
Alex works at Google in London since 2023-04-10,PERSON,Alex
Alex works at Google in London since 2023-04-10,ORG,Google
Alex works at Google in London since 2023-04-10,GPE,London
John works at Microsoft in New York since 1978-03-02,PERSON,John
John works at Microsoft in New York since 1978-03-02,ORG,Microsoft
Meta announced new projects starting 1982-11-29,ORG,Meta
Meta announced new projects starting 2007-12-11,ORG,Meta
John works at Microsoft in Tokyo since 1978-04-04,PERSON,John
John works at Microsoft in Tokyo since 1978-04-04,ORG,Microsoft
John works at Microsoft in Tokyo since 1978-04-04,GPE,Tokyo
The meeting with Sara from Microsoft is scheduled for 2010-04-07,PERSON,Sara
The meeting with Sara from Microsoft is scheduled for 2010-04-07,ORG,Microsoft
The meeting with John from Google is scheduled for 1978-02-17,PERSON,John
The meeting with John from Google is scheduled for 1978-02-17,ORG,Google
The meeting with Sara from Google is scheduled for 2016-07-12,PERSON,Sara
The meeting with Sara from Google is scheduled for 2016-07-12,ORG,Google
Sara works at Amazon in Tokyo since 2011-02-25,PERSON,Sara
Sara works at Amazon in Tokyo since 2011-02-25,ORG,Amazon
Sara works at Amazon in Tokyo since 2011-02-25,GPE,Tokyo
Alex attended a conference on 1972-03-18,PERSON,Alex
Microsoft announced new projects starting 1993-01-24,ORG,Microsoft
Sara works at Google in London since 1977-02-15,PERSON,Sara
Sara works at Google in London since 1977-02-15,ORG,Google
Sara works at Google in London since 1977-02-15,GPE,London
Tokyo will host the event in 1973-12-07,GPE,Tokyo
Mary works at Amazon in Tokyo since 1997-02-19,PERSON,Mary
Mary works at Amazon in Tokyo since 1997-02-19,ORG,Amazon
Mary works at Amazon in Tokyo since 1997-02-19,GPE,Tokyo
Google announced new projects starting 2013-06-16,ORG,Google
Amazon announced new projects starting 2016-03-14,ORG,Amazon
The meeting with Mary from Amazon is scheduled for 2023-01-19,PERSON,Mary
The meeting with Mary from Amazon is scheduled for 2023-01-19,ORG,Amazon
Mary attended a conference on 2018-04-28,PERSON,Mary
Google announced new projects starting 1987-05-28,ORG,Google
Google announced new projects starting 1989-04-25,ORG,Google
Google announced new projects starting 1983-04-17,ORG,Google
Google announced new projects starting 1982-09-30,ORG,Google
Alex works at Microsoft in Tokyo since 1986-06-06,PERSON,Alex
Alex works at Microsoft in Tokyo since 1986-06-06,ORG,Microsoft
Alex works at Microsoft in Tokyo since 1986-06-06,GPE,Tokyo
Tokyo will host the event in 2019-04-06,GPE,Tokyo
The meeting with Alex from Amazon is scheduled for 1988-11-25,PERSON,Alex
The meeting with Alex from Amazon is scheduled for 1988-11-25,ORG,Amazon
John attended a conference on 1994-09-03,PERSON,John
Alex attended a conference on 2024-02-21,PERSON,Alex
Alex attended a conference on 1996-11-30,PERSON,Alex
John attended a conference on 2021-02-15,PERSON,John
Tokyo will host the event in 2019-08-18,GPE,Tokyo
John attended a conference on 1998-01-07,PERSON,John
The meeting with John from Meta is scheduled for 1987-01-22,PERSON,John
The meeting with John from Meta is scheduled for 1987-01-22,ORG,Meta
The meeting with John from Google is scheduled for 1978-10-03,PERSON,John
The meeting with John from Google is scheduled for 1978-10-03,ORG,Google
Tokyo will host the event in 2004-03-16,GPE,Tokyo
Paris will host the event in 1988-07-31,GPE,Paris
Tokyo will host the event in 2001-05-21,GPE,Tokyo
Mary works at Meta in London since 1981-09-06,PERSON,Mary
Mary works at Meta in London since 1981-09-06,ORG,Meta
Mary works at Meta in London since 1981-09-06,GPE,London
The meeting with Sara from Meta is scheduled for 2007-10-13,PERSON,Sara
The meeting with Sara from Meta is scheduled for 2007-10-13,ORG,Meta
The meeting with John from Meta is scheduled for 2023-03-29,PERSON,John
The meeting with John from Meta is scheduled for 2023-03-29,ORG,Meta
Amazon announced new projects starting 1989-10-11,ORG,Amazon
John attended a conference on 1975-12-05,PERSON,John
The meeting with Alex from Meta is scheduled for 1975-10-10,PERSON,Alex
The meeting with Alex from Meta is scheduled for 1975-10-10,ORG,Meta
Sara attended a conference on 1978-04-26,PERSON,Sara
Amazon announced new projects starting 1977-06-09,ORG,Amazon
Sara works at Microsoft in London since 2000-02-02,PERSON,Sara
Sara works at Microsoft in London since 2000-02-02,ORG,Microsoft
Sara works at Microsoft in London since 2000-02-02,GPE,London
Meta announced new projects starting 2016-05-15,ORG,Meta
London will host the event in 1985-07-12,GPE,London
Microsoft announced new projects starting 1989-05-11,ORG,Microsoft
Tokyo will host the event in 1970-08-20,GPE,Tokyo
London will host the event in 2019-10-27,GPE,London
Alex attended a conference on 1977-10-20,PERSON,Alex
London will host the event in 1999-11-08,GPE,London
Paris will host the event in 2008-04-12,GPE,Paris
John attended a conference on 1981-11-10,PERSON,John
Alex attended a conference on 1991-09-10,PERSON,Alex
Sara attended a conference on 1970-12-16,PERSON,Sara
Sara works at Amazon in London since 2024-07-22,PERSON,Sara
Sara works at Amazon in London since 2024-07-22,ORG,Amazon
Sara works at Amazon in London since 2024-07-22,GPE,London
The meeting with John from Meta is scheduled for 1999-06-01,PERSON,John
The meeting with John from Meta is scheduled for 1999-06-01,ORG,Meta
Sara attended a conference on 1979-10-18,PERSON,Sara
The meeting with Mary from Microsoft is scheduled for 1981-07-18,PERSON,Mary
The meeting with Mary from Microsoft is scheduled for 1981-07-18,ORG,Microsoft
The meeting with Alex from Amazon is scheduled for 1993-01-01,PERSON,Alex
The meeting with Alex from Amazon is scheduled for 1993-01-01,ORG,Amazon
Meta announced new projects starting 2007-07-22,ORG,Meta
Sara attended a conference on 1992-10-10,PERSON,Sara
The meeting with Alex from Microsoft is scheduled for 2006-12-24,PERSON,Alex
The meeting with Alex from Microsoft is scheduled for 2006-12-24,ORG,Microsoft
The meeting with Sara from Microsoft is scheduled for 1981-06-25,PERSON,Sara
The meeting with Sara from Microsoft is scheduled for 1981-06-25,ORG,Microsoft
The meeting with Sara from Microsoft is scheduled for 1991-11-30,PERSON,Sara
The meeting with Sara from Microsoft is scheduled for 1991-11-30,ORG,Microsoft
The meeting with Sara from Google is scheduled for 2014-06-17,PERSON,Sara
The meeting with Sara from Google is scheduled for 2014-06-17,ORG,Google
John works at Amazon in Tokyo since 2003-11-10,PERSON,John
John works at Amazon in Tokyo since 2003-11-10,ORG,Amazon
John works at Amazon in Tokyo since 2003-11-10,GPE,Tokyo
The meeting with Alex from Meta is scheduled for 2022-08-30,PERSON,Alex
The meeting with Alex from Meta is scheduled for 2022-08-30,ORG,Meta
Meta announced new projects starting 1973-09-14,ORG,Meta
The meeting with John from Amazon is scheduled for 1990-05-16,PERSON,John
The meeting with John from Amazon is scheduled for 1990-05-16,ORG,Amazon
John attended a conference on 1980-01-05,PERSON,John
Sara works at Amazon in Paris since 2016-07-02,PERSON,Sara
Sara works at Amazon in Paris since 2016-07-02,ORG,Amazon
Sara works at Amazon in Paris since 2016-07-02,GPE,Paris
London will host the event in 1983-08-25,GPE,London
Sara works at Microsoft in Paris since 1984-10-22,PERSON,Sara
Sara works at Microsoft in Paris since 1984-10-22,ORG,Microsoft
Sara works at Microsoft in Paris since 1984-10-22,GPE,Paris
Paris will host the event in 1994-09-07,GPE,Paris
London will host the event in 1989-11-09,GPE,London
John attended a conference on 1981-03-15,PERSON,John
The meeting with Sara from Microsoft is scheduled for 1981-08-01,PERSON,Sara
The meeting with Sara from Microsoft is scheduled for 1981-08-01,ORG,Microsoft
The meeting with Alex from Amazon is scheduled for 1972-10-20,PERSON,Alex
The meeting with Alex from Amazon is scheduled for 1972-10-20,ORG,Amazon
Sara works at Amazon in Paris since 1977-04-10,PERSON,Sara
Sara works at Amazon in Paris since 1977-04-10,ORG,Amazon
Sara works at Amazon in Paris since 1977-04-10,GPE,Paris
London will host the event in 1984-09-26,GPE,London
Paris will host the event in 1978-10-13,GPE,Paris
The meeting with Mary from Google is scheduled for 1974-05-23,PERSON,Mary
The meeting with Mary from Google is scheduled for 1974-05-23,ORG,Google
Sara attended a conference on 1986-03-28,PERSON,Sara
Mary attended a conference on 2011-04-24,PERSON,Mary
The meeting with Mary from Google is scheduled for 1989-11-15,PERSON,Mary
The meeting with Mary from Google is scheduled for 1989-11-15,ORG,Google
Tokyo will host the event in 2010-12-25,GPE,Tokyo
Mary attended a conference on 2005-03-30,PERSON,Mary
John attended a conference on 2022-10-12,PERSON,John
Google announced new projects starting 1991-03-28,ORG,Google
Microsoft announced new projects starting 1973-07-15,ORG,Microsoft
Amazon announced new projects starting 1982-03-09,ORG,Amazon
Sara works at Amazon in London since 2003-11-20,PERSON,Sara
Sara works at Amazon in London since 2003-11-20,ORG,Amazon
Sara works at Amazon in London since 2003-11-20,GPE,London
Alex attended a conference on 1973-09-05,PERSON,Alex
John attended a conference on 1974-07-24,PERSON,John
Meta announced new projects starting 1985-02-24,ORG,Meta
Amazon announced new projects starting 2006-02-07,ORG,Amazon
Microsoft announced new projects starting 2016-12-30,ORG,Microsoft
Microsoft announced new projects starting 1983-07-17,ORG,Microsoft
London will host the event in 1987-07-05,GPE,London
The meeting with Sara from Meta is scheduled for 1992-08-22,PERSON,Sara
The meeting with Sara from Meta is scheduled for 1992-08-22,ORG,Meta
Mary attended a conference on 1990-04-01,PERSON,Mary
The meeting with Mary from Amazon is scheduled for 1987-11-10,PERSON,Mary
The meeting with Mary from Amazon is scheduled for 1987-11-10,ORG,Amazon
Mary attended a conference on 2023-08-23,PERSON,Mary
Tokyo will host the event in 2024-05-31,GPE,Tokyo
The meeting with Mary from Meta is scheduled for 1993-04-29,PERSON,Mary
The meeting with Mary from Meta is scheduled for 1993-04-29,ORG,Meta
London will host the event in 1991-08-27,GPE,London
Mary attended a conference on 2023-03-25,PERSON,Mary
The meeting with Mary from Microsoft is scheduled for 2011-01-31,PERSON,Mary
The meeting with Mary from Microsoft is scheduled for 2011-01-31,ORG,Microsoft
Mary works at Microsoft in London since 1982-11-20,PERSON,Mary
Mary works at Microsoft in London since 1982-11-20,ORG,Microsoft
Mary works at Microsoft in London since 1982-11-20,GPE,London
Mary works at Amazon in London since 1982-04-09,PERSON,Mary
Mary works at Amazon in London since 1982-04-09,ORG,Amazon
Mary works at Amazon in London since 1982-04-09,GPE,London
Paris will host the event in 2005-01-23,GPE,Paris
The meeting with Alex from Amazon is scheduled for 1984-05-27,PERSON,Alex
The meeting with Alex from Amazon is scheduled for 1984-05-27,ORG,Amazon
Sara works at Microsoft in New York since 2013-03-31,PERSON,Sara
Sara works at Microsoft in New York since 2013-03-31,ORG,Microsoft
Mary works at Amazon in London since 2012-07-03,PERSON,Mary
Mary works at Amazon in London since 2012-07-03,ORG,Amazon
Mary works at Amazon in London since 2012-07-03,GPE,London
Alex works at Amazon in London since 1973-09-26,PERSON,Alex
Alex works at Amazon in London since 1973-09-26,ORG,Amazon
Alex works at Amazon in London since 1973-09-26,GPE,London
London will host the event in 2007-09-06,GPE,London
Tokyo will host the event in 1994-09-23,GPE,Tokyo
Tokyo will host the event in 2016-03-11,GPE,Tokyo
John works at Amazon in New York since 2017-03-25,PERSON,John
John works at Amazon in New York since 2017-03-25,ORG,Amazon
The meeting with Mary from Meta is scheduled for 2015-07-02,PERSON,Mary
The meeting with Mary from Meta is scheduled for 2015-07-02,ORG,Meta
John attended a conference on 2011-12-14,PERSON,John
The meeting with Mary from Amazon is scheduled for 1984-02-08,PERSON,Mary
The meeting with Mary from Amazon is scheduled for 1984-02-08,ORG,Amazon
Amazon announced new projects starting 2007-02-19,ORG,Amazon
Microsoft announced new projects starting 1981-01-30,ORG,Microsoft
Tokyo will host the event in 1970-08-19,GPE,Tokyo
Mary works at Amazon in London since 1972-10-20,PERSON,Mary
Mary works at Amazon in London since 1972-10-20,ORG,Amazon
Mary works at Amazon in London since 1972-10-20,GPE,London
The meeting with Mary from Google is scheduled for 2007-08-05,PERSON,Mary
The meeting with Mary from Google is scheduled for 2007-08-05,ORG,Google
Sara attended a conference on 2011-08-16,PERSON,Sara
John works at Meta in New York since 1984-07-31,PERSON,John
John works at Meta in New York since 1984-07-31,ORG,Meta
London will host the event in 2015-06-29,GPE,London
Sara attended a conference on 1986-07-26,PERSON,Sara
Microsoft announced new projects starting 1974-02-18,ORG,Microsoft
Mary attended a conference on 2008-06-05,PERSON,Mary
Meta announced new projects starting 1996-11-25,ORG,Meta
The meeting with Alex from Amazon is scheduled for 1980-03-13,PERSON,Alex
The meeting with Alex from Amazon is scheduled for 1980-03-13,ORG,Amazon
Meta announced new projects starting 1975-01-01,ORG,Meta
The meeting with Mary from Microsoft is scheduled for 2005-12-17,PERSON,Mary
The meeting with Mary from Microsoft is scheduled for 2005-12-17,ORG,Microsoft
The meeting with Sara from Amazon is scheduled for 1980-06-02,PERSON,Sara
The meeting with Sara from Amazon is scheduled for 1980-06-02,ORG,Amazon
London will host the event in 2024-09-04,GPE,London
Meta announced new projects starting 2005-02-13,ORG,Meta
Mary attended a conference on 1973-12-28,PERSON,Mary
Google announced new projects starting 1977-03-17,ORG,Google
The meeting with Alex from Meta is scheduled for 2015-06-10,PERSON,Alex
The meeting with Alex from Meta is scheduled for 2015-06-10,ORG,Meta
The meeting with Alex from Amazon is scheduled for 1974-02-24,PERSON,Alex
The meeting with Alex from Amazon is scheduled for 1974-02-24,ORG,Amazon
John works at Microsoft in London since 1996-05-15,PERSON,John
John works at Microsoft in London since 1996-05-15,ORG,Microsoft
John works at Microsoft in London since 1996-05-15,GPE,London
Sara attended a conference on 1989-05-03,PERSON,Sara
The meeting with Mary from Microsoft is scheduled for 1983-11-08,PERSON,Mary
The meeting with Mary from Microsoft is scheduled for 1983-11-08,ORG,Microsoft
Tokyo will host the event in 1974-09-23,GPE,Tokyo
The meeting with John from Amazon is scheduled for 1991-03-10,PERSON,John
The meeting with John from Amazon is scheduled for 1991-03-10,ORG,Amazon
Meta announced new projects starting 1974-09-21,ORG,Meta
Amazon announced new projects starting 1990-06-23,ORG,Amazon
The meeting with Alex from Google is scheduled for 1975-03-15,PERSON,Alex
The meeting with Alex from Google is scheduled for 1975-03-15,ORG,Google
The meeting with John from Google is scheduled for 1984-03-14,PERSON,John
The meeting with John from Google is scheduled for 1984-03-14,ORG,Google
Sara works at Microsoft in Paris since 1990-09-22,PERSON,Sara
Sara works at Microsoft in Paris since 1990-09-22,ORG,Microsoft
Sara works at Microsoft in Paris since 1990-09-22,GPE,Paris
Meta announced new projects starting 2003-04-24,ORG,Meta
Sara works at Amazon in Paris since 2017-02-04,PERSON,Sara
Sara works at Amazon in Paris since 2017-02-04,ORG,Amazon
Sara works at Amazon in Paris since 2017-02-04,GPE,Paris
Amazon announced new projects starting 2012-10-01,ORG,Amazon
Mary works at Microsoft in New York since 1985-01-17,PERSON,Mary
Mary works at Microsoft in New York since 1985-01-17,ORG,Microsoft
London will host the event in 2009-10-18,GPE,London
The meeting with John from Microsoft is scheduled for 2019-01-27,PERSON,John
The meeting with John from Microsoft is scheduled for 2019-01-27,ORG,Microsoft
Tokyo will host the event in 1992-06-28,GPE,Tokyo
The meeting with Alex from Microsoft is scheduled for 1974-12-04,PERSON,Alex
The meeting with Alex from Microsoft is scheduled for 1974-12-04,ORG,Microsoft
John works at Google in New York since 2006-11-27,PERSON,John
John works at Google in New York since 2006-11-27,ORG,Google
The meeting with Alex from Google is scheduled for 2000-09-11,PERSON,Alex
The meeting with Alex from Google is scheduled for 2000-09-11,ORG,Google
John works at Amazon in Tokyo since 2006-12-31,PERSON,John
John works at Amazon in Tokyo since 2006-12-31,ORG,Amazon
John works at Amazon in Tokyo since 2006-12-31,GPE,Tokyo
Microsoft announced new projects starting 2012-10-04,ORG,Microsoft
Google announced new projects starting 1992-10-02,ORG,Google
Meta announced new projects starting 1996-09-23,ORG,Meta
Mary works at Google in Tokyo since 1987-10-14,PERSON,Mary
Mary works at Google in Tokyo since 1987-10-14,ORG,Google
Mary works at Google in Tokyo since 1987-10-14,GPE,Tokyo
Sara attended a conference on 2013-05-16,PERSON,Sara
Microsoft announced new projects starting 1997-11-11,ORG,Microsoft
Meta announced new projects starting 1995-04-22,ORG,Meta
London will host the event in 1981-04-26,GPE,London
The meeting with Sara from Google is scheduled for 1999-04-27,PERSON,Sara
The meeting with Sara from Google is scheduled for 1999-04-27,ORG,Google
Amazon announced new projects starting 2007-02-04,ORG,Amazon
John attended a conference on 1990-08-22,PERSON,John
Alex attended a conference on 2009-11-02,PERSON,Alex
The meeting with Alex from Amazon is scheduled for 2001-06-03,PERSON,Alex
The meeting with Alex from Amazon is scheduled for 2001-06-03,ORG,Amazon
Mary works at Google in Tokyo since 1999-08-11,PERSON,Mary
Mary works at Google in Tokyo since 1999-08-11,ORG,Google
Mary works at Google in Tokyo since 1999-08-11,GPE,Tokyo
The meeting with Sara from Google is scheduled for 1995-05-20,PERSON,Sara
The meeting with Sara from Google is scheduled for 1995-05-20,ORG,Google
The meeting with Mary from Amazon is scheduled for 2021-07-26,PERSON,Mary
The meeting with Mary from Amazon is scheduled for 2021-07-26,ORG,Amazon
Paris will host the event in 1970-11-28,GPE,Paris
The meeting with Alex from Microsoft is scheduled for 1993-02-06,PERSON,Alex
The meeting with Alex from Microsoft is scheduled for 1993-02-06,ORG,Microsoft
John works at Meta in Paris since 1973-07-27,PERSON,John
John works at Meta in Paris since 1973-07-27,ORG,Meta
John works at Meta in Paris since 1973-07-27,GPE,Paris
The meeting with Alex from Microsoft is scheduled for 2018-05-29,PERSON,Alex
The meeting with Alex from Microsoft is scheduled for 2018-05-29,ORG,Microsoft
Amazon announced new projects starting 1998-01-08,ORG,Amazon
Tokyo will host the event in 1970-05-24,GPE,Tokyo
Sara works at Amazon in London since 2005-11-08,PERSON,Sara
Sara works at Amazon in London since 2005-11-08,ORG,Amazon
Sara works at Amazon in London since 2005-11-08,GPE,London
Tokyo will host the event in 1971-02-27,GPE,Tokyo
Sara attended a conference on 1984-07-17,PERSON,Sara
London will host the event in 1975-12-20,GPE,London
Mary attended a conference on 1971-03-28,PERSON,Mary
Tokyo will host the event in 1976-12-16,GPE,Tokyo
Mary works at Meta in London since 1994-02-18,PERSON,Mary
Mary works at Meta in London since 1994-02-18,ORG,Meta
Mary works at Meta in London since 1994-02-18,GPE,London
Amazon announced new projects starting 1991-01-29,ORG,Amazon
Alex works at Meta in London since 2013-07-25,PERSON,Alex
Alex works at Meta in London since 2013-07-25,ORG,Meta
Alex works at Meta in London since 2013-07-25,GPE,London
London will host the event in 2013-07-07,GPE,London
Google announced new projects starting 2019-04-19,ORG,Google
John attended a conference on 2008-01-06,PERSON,John
Google announced new projects starting 1974-10-22,ORG,Google
Microsoft announced new projects starting 2006-09-04,ORG,Microsoft
Sara works at Amazon in London since 2024-09-06,PERSON,Sara
Sara works at Amazon in London since 2024-09-06,ORG,Amazon
Sara works at Amazon in London since 2024-09-06,GPE,London
Paris will host the event in 1997-01-14,GPE,Paris
The meeting with Sara from Google is scheduled for 1999-10-22,PERSON,Sara
The meeting with Sara from Google is scheduled for 1999-10-22,ORG,Google
Paris will host the event in 2014-12-29,GPE,Paris
Mary works at Microsoft in New York since 1972-08-11,PERSON,Mary
Mary works at Microsoft in New York since 1972-08-11,ORG,Microsoft
Google announced new projects starting 1976-07-22,ORG,Google
London will host the event in 1993-04-21,GPE,London
The meeting with John from Google is scheduled for 1973-06-01,PERSON,John
The meeting with John from Google is scheduled for 1973-06-01,ORG,Google
Microsoft announced new projects starting 1982-06-25,ORG,Microsoft
The meeting with Sara from Google is scheduled for 1996-11-28,PERSON,Sara
The meeting with Sara from Google is scheduled for 1996-11-28,ORG,Google
Mary works at Meta in Tokyo since 2009-09-22,PERSON,Mary
Mary works at Meta in Tokyo since 2009-09-22,ORG,Meta
Mary works at Meta in Tokyo since 2009-09-22,GPE,Tokyo
The meeting with Mary from Amazon is scheduled for 2004-04-26,PERSON,Mary
The meeting with Mary from Amazon is scheduled for 2004-04-26,ORG,Amazon
Alex attended a conference on 1990-06-23,PERSON,Alex
The meeting with Alex from Meta is scheduled for 2007-01-20,PERSON,Alex
The meeting with Alex from Meta is scheduled for 2007-01-20,ORG,Meta
Sara works at Amazon in Paris since 1994-06-28,PERSON,Sara
Sara works at Amazon in Paris since 1994-06-28,ORG,Amazon
Sara works at Amazon in Paris since 1994-06-28,GPE,Paris
Meta announced new projects starting 2012-12-04,ORG,Meta
The meeting with John from Google is scheduled for 2022-01-07,PERSON,John
The meeting with John from Google is scheduled for 2022-01-07,ORG,Google
Sara attended a conference on 1971-06-30,PERSON,Sara
The meeting with Sara from Meta is scheduled for 2006-12-03,PERSON,Sara
The meeting with Sara from Meta is scheduled for 2006-12-03,ORG,Meta
The meeting with Mary from Meta is scheduled for 1979-11-01,PERSON,Mary
The meeting with Mary from Meta is scheduled for 1979-11-01,ORG,Meta
London will host the event in 2024-12-26,GPE,London
The meeting with Alex from Microsoft is scheduled for 2010-07-14,PERSON,Alex
The meeting with Alex from Microsoft is scheduled for 2010-07-14,ORG,Microsoft
London will host the event in 1988-11-15,GPE,London
Alex attended a conference on 1972-12-26,PERSON,Alex
Tokyo will host the event in 1992-07-11,GPE,Tokyo
John attended a conference on 2015-05-08,PERSON,John
Tokyo will host the event in 2021-04-15,GPE,Tokyo
The meeting with Alex from Amazon is scheduled for 1980-01-08,PERSON,Alex
The meeting with Alex from Amazon is scheduled for 1980-01-08,ORG,Amazon
Tokyo will host the event in 2023-11-23,GPE,Tokyo
Sara attended a conference on 1992-09-05,PERSON,Sara
Mary works at Google in London since 2001-10-08,PERSON,Mary
Mary works at Google in London since 2001-10-08,ORG,Google
Mary works at Google in London since 2001-10-08,GPE,London
Sara works at Meta in New York since 1983-03-23,PERSON,Sara
Sara works at Meta in New York since 1983-03-23,ORG,Meta
John attended a conference on 2001-10-28,PERSON,John
Microsoft announced new projects starting 2023-03-18,ORG,Microsoft
Alex attended a conference on 1972-02-16,PERSON,Alex
Mary attended a conference on 2004-12-16,PERSON,Mary
Microsoft announced new projects starting 2000-10-12,ORG,Microsoft
Google announced new projects starting 1990-09-04,ORG,Google
Mary works at Amazon in Tokyo since 2012-12-18,PERSON,Mary
Mary works at Amazon in Tokyo since 2012-12-18,ORG,Amazon
Mary works at Amazon in Tokyo since 2012-12-18,GPE,Tokyo
The meeting with Alex from Microsoft is scheduled for 1987-06-28,PERSON,Alex
The meeting with Alex from Microsoft is scheduled for 1987-06-28,ORG,Microsoft
Paris will host the event in 2002-01-07,GPE,Paris
John attended a conference on 2012-02-09,PERSON,John
Sara attended a conference on 2001-12-29,PERSON,Sara
Paris will host the event in 2014-04-13,GPE,Paris
The meeting with John from Google is scheduled for 2022-11-22,PERSON,John
The meeting with John from Google is scheduled for 2022-11-22,ORG,Google
The meeting with John from Microsoft is scheduled for 1990-04-30,PERSON,John
The meeting with John from Microsoft is scheduled for 1990-04-30,ORG,Microsoft
London will host the event in 2011-04-08,GPE,London
John works at Meta in London since 1989-04-25,PERSON,John
John works at Meta in London since 1989-04-25,ORG,Meta
John works at Meta in London since 1989-04-25,GPE,London
Microsoft announced new projects starting 1993-01-10,ORG,Microsoft
The meeting with Alex from Google is scheduled for 2020-06-27,PERSON,Alex
The meeting with Alex from Google is scheduled for 2020-06-27,ORG,Google
Meta announced new projects starting 2016-05-28,ORG,Meta
Sara works at Microsoft in Paris since 1985-01-24,PERSON,Sara
Sara works at Microsoft in Paris since 1985-01-24,ORG,Microsoft
Sara works at Microsoft in Paris since 1985-01-24,GPE,Paris
John works at Meta in London since 1976-06-18,PERSON,John
John works at Meta in London since 1976-06-18,ORG,Meta
John works at Meta in London since 1976-06-18,GPE,London
The meeting with Alex from Amazon is scheduled for 1972-03-10,PERSON,Alex
The meeting with Alex from Amazon is scheduled for 1972-03-10,ORG,Amazon
Microsoft announced new projects starting 1974-07-22,ORG,Microsoft
The meeting with John from Meta is scheduled for 2000-11-24,PERSON,John
The meeting with John from Meta is scheduled for 2000-11-24,ORG,Meta
Tokyo will host the event in 2015-10-02,GPE,Tokyo
Alex works at Amazon in Paris since 1995-12-30,PERSON,Alex
Alex works at Amazon in Paris since 1995-12-30,ORG,Amazon
Alex works at Amazon in Paris since 1995-12-30,GPE,Paris
London will host the event in 1986-06-22,GPE,London
The meeting with John from Meta is scheduled for 2018-09-06,PERSON,John
The meeting with John from Meta is scheduled for 2018-09-06,ORG,Meta
Alex attended a conference on 1986-01-22,PERSON,Alex
Paris will host the event in 1977-12-21,GPE,Paris
Microsoft announced new projects starting 2017-02-03,ORG,Microsoft
The meeting with Alex from Amazon is scheduled for 2011-09-27,PERSON,Alex
The meeting with Alex from Amazon is scheduled for 2011-09-27,ORG,Amazon
John works at Meta in Paris since 2007-04-15,PERSON,John
John works at Meta in Paris since 2007-04-15,ORG,Meta
John works at Meta in Paris since 2007-04-15,GPE,Paris
John works at Microsoft in Paris since 2004-06-24,PERSON,John
John works at Microsoft in Paris since 2004-06-24,ORG,Microsoft
John works at Microsoft in Paris since 2004-06-24,GPE,Paris
John attended a conference on 1980-06-17,PERSON,John
Alex attended a conference on 2012-08-30,PERSON,Alex
Meta announced new projects starting 2006-06-15,ORG,Meta
Alex works at Google in Paris since 1994-11-02,PERSON,Alex
Alex works at Google in Paris since 1994-11-02,ORG,Google
Alex works at Google in Paris since 1994-11-02,GPE,Paris
Meta announced new projects starting 1975-04-14,ORG,Meta
Paris will host the event in 2021-02-12,GPE,Paris
Alex works at Meta in Paris since 1999-12-20,PERSON,Alex
Alex works at Meta in Paris since 1999-12-20,ORG,Meta
Alex works at Meta in Paris since 1999-12-20,GPE,Paris
Amazon announced new projects starting 1995-05-17,ORG,Amazon
Google announced new projects starting 2021-06-02,ORG,Google
The meeting with Sara from Amazon is scheduled for 1988-05-14,PERSON,Sara
The meeting with Sara from Amazon is scheduled for 1988-05-14,ORG,Amazon
The meeting with Mary from Amazon is scheduled for 2024-10-23,PERSON,Mary
The meeting with Mary from Amazon is scheduled for 2024-10-23,ORG,Amazon
The meeting with Mary from Amazon is scheduled for 2020-05-18,PERSON,Mary
The meeting with Mary from Amazon is scheduled for 2020-05-18,ORG,Amazon
Alex attended a conference on 2000-04-16,PERSON,Alex
Alex attended a conference on 2008-05-28,PERSON,Alex
Mary works at Microsoft in Paris since 2021-06-21,PERSON,Mary
Mary works at Microsoft in Paris since 2021-06-21,ORG,Microsoft
Mary works at Microsoft in Paris since 2021-06-21,GPE,Paris
Microsoft announced new projects starting 1977-09-30,ORG,Microsoft
The meeting with Sara from Microsoft is scheduled for 1978-06-05,PERSON,Sara
The meeting with Sara from Microsoft is scheduled for 1978-06-05,ORG,Microsoft
Sara attended a conference on 1977-06-21,PERSON,Sara
Google announced new projects starting 1989-03-16,ORG,Google
The meeting with Mary from Amazon is scheduled for 1980-02-25,PERSON,Mary
The meeting with Mary from Amazon is scheduled for 1980-02-25,ORG,Amazon
The meeting with Alex from Microsoft is scheduled for 1977-06-28,PERSON,Alex
The meeting with Alex from Microsoft is scheduled for 1977-06-28,ORG,Microsoft
The meeting with John from Meta is scheduled for 2009-01-31,PERSON,John
The meeting with John from Meta is scheduled for 2009-01-31,ORG,Meta
Sara works at Google in New York since 2014-05-07,PERSON,Sara
Sara works at Google in New York since 2014-05-07,ORG,Google
Alex works at Meta in New York since 1970-04-21,PERSON,Alex
Alex works at Meta in New York since 1970-04-21,ORG,Meta
Sara works at Amazon in London since 1983-06-09,PERSON,Sara
Sara works at Amazon in London since 1983-06-09,ORG,Amazon
Sara works at Amazon in London since 1983-06-09,GPE,London
Paris will host the event in 1992-07-08,GPE,Paris
Alex attended a conference on 1991-03-20,PERSON,Alex
The meeting with Sara from Meta is scheduled for 2017-09-29,PERSON,Sara
The meeting with Sara from Meta is scheduled for 2017-09-29,ORG,Meta
John works at Amazon in Paris since 2018-08-27,PERSON,John
John works at Amazon in Paris since 2018-08-27,ORG,Amazon
John works at Amazon in Paris since 2018-08-27,GPE,Paris
Paris will host the event in 2015-01-05,GPE,Paris
Alex works at Amazon in London since 1993-09-24,PERSON,Alex
Alex works at Amazon in London since 1993-09-24,ORG,Amazon
Alex works at Amazon in London since 1993-09-24,GPE,London
Mary attended a conference on 1980-05-26,PERSON,Mary
Google announced new projects starting 1972-01-25,ORG,Google
Amazon announced new projects starting 2007-04-02,ORG,Amazon
Paris will host the event in 2020-09-18,GPE,Paris
Tokyo will host the event in 2014-02-27,GPE,Tokyo
The meeting with John from Amazon is scheduled for 2019-03-07,PERSON,John
The meeting with John from Amazon is scheduled for 2019-03-07,ORG,Amazon
Sara attended a conference on 2010-06-06,PERSON,Sara
Paris will host the event in 2024-09-05,GPE,Paris
Sara works at Amazon in Tokyo since 1997-11-11,PERSON,Sara
Sara works at Amazon in Tokyo since 1997-11-11,ORG,Amazon
Sara works at Amazon in Tokyo since 1997-11-11,GPE,Tokyo
John attended a conference on 1996-05-18,PERSON,John
Sara attended a conference on 2012-11-30,PERSON,Sara
Alex works at Amazon in New York since 1979-04-14,PERSON,Alex
Alex works at Amazon in New York since 1979-04-14,ORG,Amazon
John attended a conference on 1976-07-09,PERSON,John
The meeting with Alex from Amazon is scheduled for 1991-08-11,PERSON,Alex
The meeting with Alex from Amazon is scheduled for 1991-08-11,ORG,Amazon
Google announced new projects starting 1993-04-09,ORG,Google
The meeting with Alex from Google is scheduled for 1974-05-07,PERSON,Alex
The meeting with Alex from Google is scheduled for 1974-05-07,ORG,Google
The meeting with John from Meta is scheduled for 1976-12-27,PERSON,John
The meeting with John from Meta is scheduled for 1976-12-27,ORG,Meta
Mary attended a conference on 1979-12-13,PERSON,Mary
John works at Amazon in Tokyo since 1988-12-25,PERSON,John
John works at Amazon in Tokyo since 1988-12-25,ORG,Amazon
John works at Amazon in Tokyo since 1988-12-25,GPE,Tokyo
Amazon announced new projects starting 1999-04-23,ORG,Amazon
Mary works at Amazon in London since 1979-11-29,PERSON,Mary
Mary works at Amazon in London since 1979-11-29,ORG,Amazon
Mary works at Amazon in London since 1979-11-29,GPE,London
Alex attended a conference on 1972-10-19,PERSON,Alex
Alex works at Amazon in London since 2022-03-08,PERSON,Alex
Alex works at Amazon in London since 2022-03-08,ORG,Amazon
Alex works at Amazon in London since 2022-03-08,GPE,London
The meeting with John from Amazon is scheduled for 1996-07-30,PERSON,John
The meeting with John from Amazon is scheduled for 1996-07-30,ORG,Amazon
John works at Microsoft in Paris since 1984-12-11,PERSON,John
John works at Microsoft in Paris since 1984-12-11,ORG,Microsoft
John works at Microsoft in Paris since 1984-12-11,GPE,Paris
Meta announced new projects starting 1972-03-07,ORG,Meta
London will host the event in 1990-01-15,GPE,London
Sara works at Google in London since 2000-03-06,PERSON,Sara
Sara works at Google in London since 2000-03-06,ORG,Google
Sara works at Google in London since 2000-03-06,GPE,London
Paris will host the event in 1997-08-18,GPE,Paris
London will host the event in 2011-12-26,GPE,London
The meeting with Alex from Amazon is scheduled for 1996-12-17,PERSON,Alex
The meeting with Alex from Amazon is scheduled for 1996-12-17,ORG,Amazon
John attended a conference on 1990-05-08,PERSON,John
Google announced new projects starting 1987-02-02,ORG,Google
Mary works at Amazon in London since 1980-03-25,PERSON,Mary
Mary works at Amazon in London since 1980-03-25,ORG,Amazon
Mary works at Amazon in London since 1980-03-25,GPE,London
Sara attended a conference on 1990-03-11,PERSON,Sara
John works at Amazon in Paris since 1998-11-23,PERSON,John
John works at Amazon in Paris since 1998-11-23,ORG,Amazon
John works at Amazon in Paris since 1998-11-23,GPE,Paris
Mary works at Microsoft in Tokyo since 1984-08-05,PERSON,Mary
Mary works at Microsoft in Tokyo since 1984-08-05,ORG,Microsoft
Mary works at Microsoft in Tokyo since 1984-08-05,GPE,Tokyo
Amazon announced new projects starting 2000-08-06,ORG,Amazon
John works at Amazon in New York since 2004-06-18,PERSON,John
John works at Amazon in New York since 2004-06-18,ORG,Amazon
The meeting with Alex from Meta is scheduled for 2000-08-30,PERSON,Alex
The meeting with Alex from Meta is scheduled for 2000-08-30,ORG,Meta
Alex works at Google in Tokyo since 2024-02-27,PERSON,Alex
Alex works at Google in Tokyo since 2024-02-27,ORG,Google
Alex works at Google in Tokyo since 2024-02-27,GPE,Tokyo
Amazon announced new projects starting 1991-12-17,ORG,Amazon
Microsoft announced new projects starting 2018-06-05,ORG,Microsoft
John attended a conference on 1986-05-26,PERSON,John
Amazon announced new projects starting 2008-05-10,ORG,Amazon
John works at Amazon in London since 1979-04-23,PERSON,John
John works at Amazon in London since 1979-04-23,ORG,Amazon
John works at Amazon in London since 1979-04-23,GPE,London
The meeting with Alex from Meta is scheduled for 2014-02-13,PERSON,Alex
The meeting with Alex from Meta is scheduled for 2014-02-13,ORG,Meta
Tokyo will host the event in 2011-12-29,GPE,Tokyo
Paris will host the event in 2021-03-07,GPE,Paris
The meeting with Sara from Meta is scheduled for 2004-06-14,PERSON,Sara
The meeting with Sara from Meta is scheduled for 2004-06-14,ORG,Meta
Tokyo will host the event in 2025-01-23,GPE,Tokyo
John works at Microsoft in New York since 1989-03-22,PERSON,John
John works at Microsoft in New York since 1989-03-22,ORG,Microsoft
John works at Microsoft in Paris since 2014-11-17,PERSON,John
John works at Microsoft in Paris since 2014-11-17,ORG,Microsoft
John works at Microsoft in Paris since 2014-11-17,GPE,Paris
London will host the event in 2017-06-14,GPE,London
Amazon announced new projects starting 1970-03-23,ORG,Amazon
The meeting with Mary from Meta is scheduled for 2019-12-02,PERSON,Mary
The meeting with Mary from Meta is scheduled for 2019-12-02,ORG,Meta
Amazon announced new projects starting 1971-08-04,ORG,Amazon
Meta announced new projects starting 2012-02-16,ORG,Meta
Amazon announced new projects starting 1975-05-05,ORG,Amazon
John works at Microsoft in New York since 1990-06-17,PERSON,John
John works at Microsoft in New York since 1990-06-17,ORG,Microsoft
Tokyo will host the event in 2004-09-01,GPE,Tokyo
Tokyo will host the event in 2022-11-07,GPE,Tokyo
Amazon announced new projects starting 1970-07-09,ORG,Amazon
Mary works at Meta in Tokyo since 1975-10-05,PERSON,Mary
Mary works at Meta in Tokyo since 1975-10-05,ORG,Meta
Mary works at Meta in Tokyo since 1975-10-05,GPE,Tokyo
John works at Amazon in Tokyo since 2011-09-05,PERSON,John
John works at Amazon in Tokyo since 2011-09-05,ORG,Amazon
John works at Amazon in Tokyo since 2011-09-05,GPE,Tokyo
The meeting with Sara from Meta is scheduled for 1985-03-30,PERSON,Sara
The meeting with Sara from Meta is scheduled for 1985-03-30,ORG,Meta
Mary works at Meta in New York since 2001-09-13,PERSON,Mary
Mary works at Meta in New York since 2001-09-13,ORG,Meta
Sara works at Google in New York since 1984-07-20,PERSON,Sara
Sara works at Google in New York since 1984-07-20,ORG,Google
Alex attended a conference on 2014-04-09,PERSON,Alex
The meeting with John from Meta is scheduled for 2024-04-07,PERSON,John
The meeting with John from Meta is scheduled for 2024-04-07,ORG,Meta
Mary works at Google in London since 2012-10-31,PERSON,Mary
Mary works at Google in London since 2012-10-31,ORG,Google
Mary works at Google in London since 2012-10-31,GPE,London
Tokyo will host the event in 2023-02-10,GPE,Tokyo
London will host the event in 1989-12-18,GPE,London
Amazon announced new projects starting 1980-03-20,ORG,Amazon
Paris will host the event in 1993-05-31,GPE,Paris
Alex works at Microsoft in Paris since 2022-09-05,PERSON,Alex
Alex works at Microsoft in Paris since 2022-09-05,ORG,Microsoft
Alex works at Microsoft in Paris since 2022-09-05,GPE,Paris
Mary works at Microsoft in New York since 2006-03-11,PERSON,Mary
Mary works at Microsoft in New York since 2006-03-11,ORG,Microsoft
Paris will host the event in 2013-09-25,GPE,Paris
Sara attended a conference on 1999-06-11,PERSON,Sara
John works at Microsoft in Paris since 1989-05-03,PERSON,John
John works at Microsoft in Paris since 1989-05-03,ORG,Microsoft
John works at Microsoft in Paris since 1989-05-03,GPE,Paris
Microsoft announced new projects starting 1984-12-28,ORG,Microsoft
Alex attended a conference on 2002-12-14,PERSON,Alex
Microsoft announced new projects starting 1973-03-10,ORG,Microsoft
Microsoft announced new projects starting 1976-01-13,ORG,Microsoft
John works at Microsoft in London since 1992-09-11,PERSON,John
John works at Microsoft in London since 1992-09-11,ORG,Microsoft
John works at Microsoft in London since 1992-09-11,GPE,London
Alex works at Google in London since 1989-09-12,PERSON,Alex
Alex works at Google in London since 1989-09-12,ORG,Google
Alex works at Google in London since 1989-09-12,GPE,London
Alex attended a conference on 1975-01-09,PERSON,Alex
The meeting with Mary from Meta is scheduled for 2003-01-06,PERSON,Mary
The meeting with Mary from Meta is scheduled for 2003-01-06,ORG,Meta
Sara works at Meta in Paris since 2000-04-10,PERSON,Sara
Sara works at Meta in Paris since 2000-04-10,ORG,Meta
Sara works at Meta in Paris since 2000-04-10,GPE,Paris
Sara works at Amazon in Paris since 2012-08-22,PERSON,Sara
Sara works at Amazon in Paris since 2012-08-22,ORG,Amazon
Sara works at Amazon in Paris since 2012-08-22,GPE,Paris
London will host the event in 1980-12-05,GPE,London
Amazon announced new projects starting 1972-01-04,ORG,Amazon
London will host the event in 1972-05-27,GPE,London
Sara attended a conference on 1977-08-04,PERSON,Sara
The meeting with Sara from Meta is scheduled for 2013-08-25,PERSON,Sara
The meeting with Sara from Meta is scheduled for 2013-08-25,ORG,Meta
Microsoft announced new projects starting 2000-08-18,ORG,Microsoft
Google announced new projects starting 2010-01-20,ORG,Google
The meeting with Alex from Google is scheduled for 2006-01-12,PERSON,Alex
The meeting with Alex from Google is scheduled for 2006-01-12,ORG,Google
Microsoft announced new projects starting 1998-04-19,ORG,Microsoft
John attended a conference on 2021-05-21,PERSON,John
John attended a conference on 2012-05-25,PERSON,John
Sara works at Google in Paris since 1990-05-27,PERSON,Sara
Sara works at Google in Paris since 1990-05-27,ORG,Google
Sara works at Google in Paris since 1990-05-27,GPE,Paris
Alex works at Microsoft in London since 2002-07-02,PERSON,Alex
Alex works at Microsoft in London since 2002-07-02,ORG,Microsoft
Alex works at Microsoft in London since 2002-07-02,GPE,London
Tokyo will host the event in 2004-10-21,GPE,Tokyo
The meeting with John from Amazon is scheduled for 2017-02-24,PERSON,John
The meeting with John from Amazon is scheduled for 2017-02-24,ORG,Amazon
The meeting with John from Amazon is scheduled for 2016-01-09,PERSON,John
The meeting with John from Amazon is scheduled for 2016-01-09,ORG,Amazon
John works at Amazon in New York since 1970-04-04,PERSON,John
John works at Amazon in New York since 1970-04-04,ORG,Amazon
London will host the event in 1985-03-29,GPE,London
Microsoft announced new projects starting 1997-03-11,ORG,Microsoft
John works at Google in New York since 1979-07-30,PERSON,John
John works at Google in New York since 1979-07-30,ORG,Google
Microsoft announced new projects starting 1981-12-12,ORG,Microsoft
The meeting with John from Google is scheduled for 2018-06-13,PERSON,John
The meeting with John from Google is scheduled for 2018-06-13,ORG,Google
London will host the event in 1984-06-14,GPE,London
London will host the event in 2022-11-12,GPE,London
Meta announced new projects starting 1999-06-19,ORG,Meta
John works at Microsoft in Paris since 2024-07-27,PERSON,John
John works at Microsoft in Paris since 2024-07-27,ORG,Microsoft
John works at Microsoft in Paris since 2024-07-27,GPE,Paris
Microsoft announced new projects starting 1980-08-23,ORG,Microsoft
Google announced new projects starting 2012-11-30,ORG,Google
London will host the event in 1985-05-11,GPE,London
John attended a conference on 1999-06-07,PERSON,John
John attended a conference on 1996-02-27,PERSON,John
Tokyo will host the event in 1983-01-18,GPE,Tokyo
The meeting with Mary from Meta is scheduled for 2022-05-06,PERSON,Mary
The meeting with Mary from Meta is scheduled for 2022-05-06,ORG,Meta
Meta announced new projects starting 1990-08-06,ORG,Meta
The meeting with Mary from Google is scheduled for 1997-04-28,PERSON,Mary
The meeting with Mary from Google is scheduled for 1997-04-28,ORG,Google
Tokyo will host the event in 1975-02-27,GPE,Tokyo
The meeting with Mary from Amazon is scheduled for 2000-10-27,PERSON,Mary
The meeting with Mary from Amazon is scheduled for 2000-10-27,ORG,Amazon
London will host the event in 1988-02-05,GPE,London
The meeting with John from Microsoft is scheduled for 1985-01-09,PERSON,John
The meeting with John from Microsoft is scheduled for 1985-01-09,ORG,Microsoft
Sara works at Amazon in London since 2000-09-16,PERSON,Sara
Sara works at Amazon in London since 2000-09-16,ORG,Amazon
Sara works at Amazon in London since 2000-09-16,GPE,London
Amazon announced new projects starting 2013-06-27,ORG,Amazon
The meeting with Alex from Google is scheduled for 1998-12-11,PERSON,Alex
The meeting with Alex from Google is scheduled for 1998-12-11,ORG,Google
John attended a conference on 2004-10-15,PERSON,John
The meeting with Mary from Amazon is scheduled for 2004-03-26,PERSON,Mary
The meeting with Mary from Amazon is scheduled for 2004-03-26,ORG,Amazon
Microsoft announced new projects starting 2003-03-28,ORG,Microsoft
Paris will host the event in 1997-12-18,GPE,Paris
The meeting with Alex from Amazon is scheduled for 2024-04-14,PERSON,Alex
The meeting with Alex from Amazon is scheduled for 2024-04-14,ORG,Amazon
Amazon announced new projects starting 2001-05-30,ORG,Amazon
Amazon announced new projects starting 2020-01-09,ORG,Amazon
Mary attended a conference on 1998-12-06,PERSON,Mary
Mary works at Google in Tokyo since 1978-04-17,PERSON,Mary
Mary works at Google in Tokyo since 1978-04-17,ORG,Google
Mary works at Google in Tokyo since 1978-04-17,GPE,Tokyo
The meeting with John from Google is scheduled for 1991-09-15,PERSON,John
The meeting with John from Google is scheduled for 1991-09-15,ORG,Google
Sara attended a conference on 1985-09-28,PERSON,Sara
Alex attended a conference on 1987-02-16,PERSON,Alex
London will host the event in 2007-03-17,GPE,London
The meeting with Alex from Microsoft is scheduled for 2017-01-21,PERSON,Alex
The meeting with Alex from Microsoft is scheduled for 2017-01-21,ORG,Microsoft
Google announced new projects starting 1977-07-18,ORG,Google
Sara works at Meta in New York since 1987-02-19,PERSON,Sara
Sara works at Meta in New York since 1987-02-19,ORG,Meta
Paris will host the event in 1987-05-26,GPE,Paris
The meeting with Mary from Amazon is scheduled for 2010-06-26,PERSON,Mary
The meeting with Mary from Amazon is scheduled for 2010-06-26,ORG,Amazon
The meeting with Mary from Amazon is scheduled for 2020-12-03,PERSON,Mary
The meeting with Mary from Amazon is scheduled for 2020-12-03,ORG,Amazon
Paris will host the event in 1972-10-25,GPE,Paris
Tokyo will host the event in 2010-07-19,GPE,Tokyo
The meeting with Sara from Amazon is scheduled for 1971-06-29,PERSON,Sara
The meeting with Sara from Amazon is scheduled for 1971-06-29,ORG,Amazon
Meta announced new projects starting 1999-03-22,ORG,Meta
The meeting with Alex from Amazon is scheduled for 2005-11-09,PERSON,Alex
The meeting with Alex from Amazon is scheduled for 2005-11-09,ORG,Amazon
London will host the event in 2015-05-18,GPE,London
Sara attended a conference on 2003-07-09,PERSON,Sara
Mary works at Microsoft in New York since 1998-07-13,PERSON,Mary
Mary works at Microsoft in New York since 1998-07-13,ORG,Microsoft
Sara attended a conference on 2004-12-02,PERSON,Sara
Microsoft announced new projects starting 1984-05-14,ORG,Microsoft
The meeting with Mary from Amazon is scheduled for 1988-07-30,PERSON,Mary
The meeting with Mary from Amazon is scheduled for 1988-07-30,ORG,Amazon
Alex works at Microsoft in Paris since 1972-01-01,PERSON,Alex
Alex works at Microsoft in Paris since 1972-01-01,ORG,Microsoft
Alex works at Microsoft in Paris since 1972-01-01,GPE,Paris
Google announced new projects starting 1972-09-09,ORG,Google
The meeting with Mary from Google is scheduled for 1992-06-14,PERSON,Mary
The meeting with Mary from Google is scheduled for 1992-06-14,ORG,Google
Sara attended a conference on 2000-11-25,PERSON,Sara
Mary works at Microsoft in Tokyo since 2007-09-18,PERSON,Mary
Mary works at Microsoft in Tokyo since 2007-09-18,ORG,Microsoft
Mary works at Microsoft in Tokyo since 2007-09-18,GPE,Tokyo
London will host the event in 2002-10-08,GPE,London
Sara attended a conference on 1998-09-11,PERSON,Sara
Tokyo will host the event in 2003-06-22,GPE,Tokyo
John works at Google in New York since 2005-07-21,PERSON,John
John works at Google in New York since 2005-07-21,ORG,Google
London will host the event in 1984-08-20,GPE,London
The meeting with Alex from Amazon is scheduled for 1987-07-21,PERSON,Alex
The meeting with Alex from Amazon is scheduled for 1987-07-21,ORG,Amazon
Mary attended a conference on 2022-04-26,PERSON,Mary
London will host the event in 1986-08-28,GPE,London
Mary works at Meta in London since 2005-10-16,PERSON,Mary
Mary works at Meta in London since 2005-10-16,ORG,Meta
Mary works at Meta in London since 2005-10-16,GPE,London
Amazon announced new projects starting 2013-04-16,ORG,Amazon
Mary works at Meta in Tokyo since 1979-03-29,PERSON,Mary
Mary works at Meta in Tokyo since 1979-03-29,ORG,Meta
Mary works at Meta in Tokyo since 1979-03-29,GPE,Tokyo
The meeting with John from Meta is scheduled for 1986-02-15,PERSON,John
The meeting with John from Meta is scheduled for 1986-02-15,ORG,Meta
Microsoft announced new projects starting 1986-11-21,ORG,Microsoft
The meeting with John from Meta is scheduled for 1985-06-17,PERSON,John
The meeting with John from Meta is scheduled for 1985-06-17,ORG,Meta
The meeting with Sara from Google is scheduled for 2025-01-21,PERSON,Sara
The meeting with Sara from Google is scheduled for 2025-01-21,ORG,Google
Amazon announced new projects starting 2019-08-28,ORG,Amazon
Mary works at Amazon in Tokyo since 2003-01-14,PERSON,Mary
Mary works at Amazon in Tokyo since 2003-01-14,ORG,Amazon
Mary works at Amazon in Tokyo since 2003-01-14,GPE,Tokyo
John attended a conference on 1981-09-18,PERSON,John
The meeting with Sara from Amazon is scheduled for 1982-04-23,PERSON,Sara
The meeting with Sara from Amazon is scheduled for 1982-04-23,ORG,Amazon
Tokyo will host the event in 1994-06-28,GPE,Tokyo
Sara works at Meta in Paris since 2006-09-07,PERSON,Sara
Sara works at Meta in Paris since 2006-09-07,ORG,Meta
Sara works at Meta in Paris since 2006-09-07,GPE,Paris
London will host the event in 2010-07-17,GPE,London
Tokyo will host the event in 2019-07-01,GPE,Tokyo
Amazon announced new projects starting 1984-07-21,ORG,Amazon
John attended a conference on 1989-02-09,PERSON,John
The meeting with Mary from Microsoft is scheduled for 2010-04-28,PERSON,Mary
The meeting with Mary from Microsoft is scheduled for 2010-04-28,ORG,Microsoft
Microsoft announced new projects starting 1973-08-29,ORG,Microsoft
Google announced new projects starting 1999-12-01,ORG,Google
Tokyo will host the event in 2008-05-02,GPE,Tokyo
Google announced new projects starting 2017-09-21,ORG,Google
Google announced new projects starting 1996-03-11,ORG,Google
Mary works at Meta in Tokyo since 1996-11-21,PERSON,Mary
Mary works at Meta in Tokyo since 1996-11-21,ORG,Meta
Mary works at Meta in Tokyo since 1996-11-21,GPE,Tokyo
Paris will host the event in 2006-03-23,GPE,Paris
Mary works at Microsoft in Paris since 1975-04-16,PERSON,Mary
Mary works at Microsoft in Paris since 1975-04-16,ORG,Microsoft
Mary works at Microsoft in Paris since 1975-04-16,GPE,Paris
The meeting with Sara from Microsoft is scheduled for 2008-06-01,PERSON,Sara
The meeting with Sara from Microsoft is scheduled for 2008-06-01,ORG,Microsoft
The meeting with Mary from Google is scheduled for 1992-10-25,PERSON,Mary
The meeting with Mary from Google is scheduled for 1992-10-25,ORG,Google
Meta announced new projects starting 2016-10-02,ORG,Meta
London will host the event in 1979-09-12,GPE,London
Alex works at Meta in Tokyo since 1999-06-23,PERSON,Alex
Alex works at Meta in Tokyo since 1999-06-23,ORG,Meta
Alex works at Meta in Tokyo since 1999-06-23,GPE,Tokyo
Google announced new projects starting 2018-08-28,ORG,Google
Microsoft announced new projects starting 1983-09-06,ORG,Microsoft
Alex works at Microsoft in New York since 1975-04-16,PERSON,Alex
Alex works at Microsoft in New York since 1975-04-16,ORG,Microsoft
Mary works at Google in London since 2014-01-19,PERSON,Mary
Mary works at Google in London since 2014-01-19,ORG,Google
Mary works at Google in London since 2014-01-19,GPE,London
Sara attended a conference on 1972-12-19,PERSON,Sara
The meeting with Alex from Google is scheduled for 1989-02-24,PERSON,Alex
The meeting with Alex from Google is scheduled for 1989-02-24,ORG,Google
John works at Google in New York since 2006-10-19,PERSON,John
John works at Google in New York since 2006-10-19,ORG,Google
The meeting with Mary from Google is scheduled for 1988-11-01,PERSON,Mary
The meeting with Mary from Google is scheduled for 1988-11-01,ORG,Google
Tokyo will host the event in 1973-08-04,GPE,Tokyo
Google announced new projects starting 1974-07-28,ORG,Google
Tokyo will host the event in 2004-12-04,GPE,Tokyo
Meta announced new projects starting 1984-02-24,ORG,Meta
Mary works at Microsoft in Paris since 2021-09-22,PERSON,Mary
Mary works at Microsoft in Paris since 2021-09-22,ORG,Microsoft
Mary works at Microsoft in Paris since 2021-09-22,GPE,Paris
The meeting with John from Microsoft is scheduled for 1993-01-01,PERSON,John
The meeting with John from Microsoft is scheduled for 1993-01-01,ORG,Microsoft
The meeting with Sara from Amazon is scheduled for 1990-01-27,PERSON,Sara
The meeting with Sara from Amazon is scheduled for 1990-01-27,ORG,Amazon
John attended a conference on 2016-08-16,PERSON,John
Sara works at Google in New York since 1985-08-02,PERSON,Sara
Sara works at Google in New York since 1985-08-02,ORG,Google
Paris will host the event in 2015-11-07,GPE,Paris
John attended a conference on 1976-07-19,PERSON,John
John attended a conference on 2017-12-06,PERSON,John
Mary works at Meta in Paris since 2023-01-23,PERSON,Mary
Mary works at Meta in Paris since 2023-01-23,ORG,Meta
Mary works at Meta in Paris since 2023-01-23,GPE,Paris
Tokyo will host the event in 2015-01-30,GPE,Tokyo
Paris will host the event in 2023-12-26,GPE,Paris
Sara attended a conference on 2001-08-19,PERSON,Sara
The meeting with Mary from Meta is scheduled for 1977-02-01,PERSON,Mary
The meeting with Mary from Meta is scheduled for 1977-02-01,ORG,Meta
Google announced new projects starting 2002-10-25,ORG,Google
The meeting with Mary from Microsoft is scheduled for 1988-10-21,PERSON,Mary
The meeting with Mary from Microsoft is scheduled for 1988-10-21,ORG,Microsoft
Amazon announced new projects starting 2009-04-27,ORG,Amazon
Sara works at Meta in Paris since 1991-01-03,PERSON,Sara
Sara works at Meta in Paris since 1991-01-03,ORG,Meta
Sara works at Meta in Paris since 1991-01-03,GPE,Paris
Paris will host the event in 2000-10-05,GPE,Paris
Microsoft announced new projects starting 2022-08-30,ORG,Microsoft
The meeting with Sara from Google is scheduled for 1997-09-20,PERSON,Sara
The meeting with Sara from Google is scheduled for 1997-09-20,ORG,Google
Sara works at Amazon in Paris since 2015-05-17,PERSON,Sara
Sara works at Amazon in Paris since 2015-05-17,ORG,Amazon
Sara works at Amazon in Paris since 2015-05-17,GPE,Paris
The meeting with John from Meta is scheduled for 1999-01-03,PERSON,John
The meeting with John from Meta is scheduled for 1999-01-03,ORG,Meta
Paris will host the event in 2023-05-22,GPE,Paris
John attended a conference on 2008-01-02,PERSON,John
Mary works at Google in Paris since 2007-11-08,PERSON,Mary
Mary works at Google in Paris since 2007-11-08,ORG,Google
Mary works at Google in Paris since 2007-11-08,GPE,Paris
Microsoft announced new projects starting 1987-11-10,ORG,Microsoft
Sara attended a conference on 1994-06-03,PERSON,Sara
London will host the event in 2005-08-20,GPE,London
Alex attended a conference on 1980-01-26,PERSON,Alex
Tokyo will host the event in 2022-09-02,GPE,Tokyo
Amazon announced new projects starting 1985-07-09,ORG,Amazon
Sara attended a conference on 1988-06-13,PERSON,Sara
Google announced new projects starting 2014-04-28,ORG,Google
Meta announced new projects starting 1986-10-18,ORG,Meta
The meeting with Mary from Google is scheduled for 1995-03-02,PERSON,Mary
The meeting with Mary from Google is scheduled for 1995-03-02,ORG,Google
Alex works at Amazon in Paris since 1974-02-07,PERSON,Alex
Alex works at Amazon in Paris since 1974-02-07,ORG,Amazon
Alex works at Amazon in Paris since 1974-02-07,GPE,Paris
Sara works at Meta in Paris since 2004-07-06,PERSON,Sara
Sara works at Meta in Paris since 2004-07-06,ORG,Meta
Sara works at Meta in Paris since 2004-07-06,GPE,Paris
Amazon announced new projects starting 1974-03-03,ORG,Amazon
Sara attended a conference on 2002-03-24,PERSON,Sara
London will host the event in 1991-07-19,GPE,London
John attended a conference on 1984-12-11,PERSON,John
Alex works at Meta in Tokyo since 1981-03-11,PERSON,Alex
Alex works at Meta in Tokyo since 1981-03-11,ORG,Meta
Alex works at Meta in Tokyo since 1981-03-11,GPE,Tokyo
Meta announced new projects starting 1983-11-03,ORG,Meta
John works at Meta in Tokyo since 1993-02-18,PERSON,John
John works at Meta in Tokyo since 1993-02-18,ORG,Meta
John works at Meta in Tokyo since 1993-02-18,GPE,Tokyo
Google announced new projects starting 1982-02-13,ORG,Google
Amazon announced new projects starting 1980-02-01,ORG,Amazon
Mary works at Amazon in Paris since 1974-02-08,PERSON,Mary
Mary works at Amazon in Paris since 1974-02-08,ORG,Amazon
Mary works at Amazon in Paris since 1974-02-08,GPE,Paris
The meeting with Mary from Google is scheduled for 1971-07-15,PERSON,Mary
The meeting with Mary from Google is scheduled for 1971-07-15,ORG,Google
Meta announced new projects starting 2017-07-05,ORG,Meta
The meeting with Sara from Microsoft is scheduled for 1995-07-03,PERSON,Sara
The meeting with Sara from Microsoft is scheduled for 1995-07-03,ORG,Microsoft
Mary works at Amazon in Tokyo since 1999-05-15,PERSON,Mary
Mary works at Amazon in Tokyo since 1999-05-15,ORG,Amazon
Mary works at Amazon in Tokyo since 1999-05-15,GPE,Tokyo
Microsoft announced new projects starting 2023-02-16,ORG,Microsoft
The meeting with Mary from Amazon is scheduled for 2012-01-13,PERSON,Mary
The meeting with Mary from Amazon is scheduled for 2012-01-13,ORG,Amazon
Amazon announced new projects starting 1991-02-25,ORG,Amazon
The meeting with Mary from Google is scheduled for 2005-09-30,PERSON,Mary
The meeting with Mary from Google is scheduled for 2005-09-30,ORG,Google
The meeting with Alex from Google is scheduled for 2018-02-09,PERSON,Alex
The meeting with Alex from Google is scheduled for 2018-02-09,ORG,Google
The meeting with Sara from Microsoft is scheduled for 1980-08-18,PERSON,Sara
The meeting with Sara from Microsoft is scheduled for 1980-08-18,ORG,Microsoft
London will host the event in 2002-11-04,GPE,London
Meta announced new projects starting 2001-10-05,ORG,Meta
The meeting with Mary from Meta is scheduled for 1994-04-08,PERSON,Mary
The meeting with Mary from Meta is scheduled for 1994-04-08,ORG,Meta
London will host the event in 1998-07-05,GPE,London
Sara attended a conference on 2021-09-22,PERSON,Sara
Tokyo will host the event in 1993-10-07,GPE,Tokyo
Alex attended a conference on 1992-05-05,PERSON,Alex
John works at Google in New York since 1975-11-26,PERSON,John
John works at Google in New York since 1975-11-26,ORG,Google
The meeting with John from Google is scheduled for 1988-05-26,PERSON,John
The meeting with John from Google is scheduled for 1988-05-26,ORG,Google
Google announced new projects starting 1993-11-14,ORG,Google
Amazon announced new projects starting 1985-09-23,ORG,Amazon
The meeting with Alex from Google is scheduled for 1991-12-11,PERSON,Alex
The meeting with Alex from Google is scheduled for 1991-12-11,ORG,Google
Sara works at Amazon in London since 1999-11-17,PERSON,Sara
Sara works at Amazon in London since 1999-11-17,ORG,Amazon
Sara works at Amazon in London since 1999-11-17,GPE,London
John attended a conference on 2006-10-31,PERSON,John
Mary attended a conference on 1989-08-14,PERSON,Mary
Google announced new projects starting 2024-04-27,ORG,Google
John attended a conference on 2020-03-19,PERSON,John
Mary attended a conference on 1980-02-05,PERSON,Mary
The meeting with John from Microsoft is scheduled for 2006-10-07,PERSON,John
The meeting with John from Microsoft is scheduled for 2006-10-07,ORG,Microsoft
Google announced new projects starting 1998-01-09,ORG,Google
Alex works at Microsoft in Paris since 1982-10-10,PERSON,Alex
Alex works at Microsoft in Paris since 1982-10-10,ORG,Microsoft
Alex works at Microsoft in Paris since 1982-10-10,GPE,Paris
Mary works at Amazon in London since 1973-10-23,PERSON,Mary
Mary works at Amazon in London since 1973-10-23,ORG,Amazon
Mary works at Amazon in London since 1973-10-23,GPE,London
Paris will host the event in 2009-03-14,GPE,Paris
Sara works at Meta in London since 1977-09-24,PERSON,Sara
Sara works at Meta in London since 1977-09-24,ORG,Meta
Sara works at Meta in London since 1977-09-24,GPE,London
The meeting with John from Amazon is scheduled for 1990-05-21,PERSON,John
The meeting with John from Amazon is scheduled for 1990-05-21,ORG,Amazon
Mary works at Amazon in Tokyo since 2019-04-12,PERSON,Mary
Mary works at Amazon in Tokyo since 2019-04-12,ORG,Amazon
Mary works at Amazon in Tokyo since 2019-04-12,GPE,Tokyo
Alex works at Microsoft in London since 1977-03-14,PERSON,Alex
Alex works at Microsoft in London since 1977-03-14,ORG,Microsoft
Alex works at Microsoft in London since 1977-03-14,GPE,London
Mary attended a conference on 1999-11-29,PERSON,Mary
The meeting with Mary from Meta is scheduled for 1999-06-07,PERSON,Mary
The meeting with Mary from Meta is scheduled for 1999-06-07,ORG,Meta
Meta announced new projects starting 1976-05-25,ORG,Meta
Mary works at Google in London since 2004-02-28,PERSON,Mary
Mary works at Google in London since 2004-02-28,ORG,Google
Mary works at Google in London since 2004-02-28,GPE,London
The meeting with Mary from Amazon is scheduled for 1979-03-16,PERSON,Mary
The meeting with Mary from Amazon is scheduled for 1979-03-16,ORG,Amazon
Sara attended a conference on 1988-07-14,PERSON,Sara
Alex works at Microsoft in Tokyo since 2013-05-01,PERSON,Alex
Alex works at Microsoft in Tokyo since 2013-05-01,ORG,Microsoft
Alex works at Microsoft in Tokyo since 2013-05-01,GPE,Tokyo
Paris will host the event in 1970-08-03,GPE,Paris
Alex attended a conference on 1988-07-12,PERSON,Alex
Tokyo will host the event in 1992-06-11,GPE,Tokyo
Tokyo will host the event in 2019-08-16,GPE,Tokyo
The meeting with John from Google is scheduled for 2006-07-08,PERSON,John
The meeting with John from Google is scheduled for 2006-07-08,ORG,Google
Microsoft announced new projects starting 2021-04-09,ORG,Microsoft
Paris will host the event in 2004-06-14,GPE,Paris
Microsoft announced new projects starting 2022-11-28,ORG,Microsoft
The meeting with John from Meta is scheduled for 1994-09-18,PERSON,John
The meeting with John from Meta is scheduled for 1994-09-18,ORG,Meta
Alex attended a conference on 2000-05-27,PERSON,Alex
Tokyo will host the event in 1992-01-05,GPE,Tokyo
The meeting with Mary from Microsoft is scheduled for 1985-02-12,PERSON,Mary
The meeting with Mary from Microsoft is scheduled for 1985-02-12,ORG,Microsoft
The meeting with Mary from Google is scheduled for 2002-04-06,PERSON,Mary
The meeting with Mary from Google is scheduled for 2002-04-06,ORG,Google
Tokyo will host the event in 2023-03-15,GPE,Tokyo
Meta announced new projects starting 1981-05-20,ORG,Meta
Sara attended a conference on 1984-02-21,PERSON,Sara
Sara attended a conference on 2022-05-16,PERSON,Sara
Tokyo will host the event in 2008-05-27,GPE,Tokyo
Amazon announced new projects starting 1990-09-28,ORG,Amazon
Mary works at Meta in Paris since 2003-08-25,PERSON,Mary
Mary works at Meta in Paris since 2003-08-25,ORG,Meta
Mary works at Meta in Paris since 2003-08-25,GPE,Paris
The meeting with Mary from Meta is scheduled for 1983-11-19,PERSON,Mary
The meeting with Mary from Meta is scheduled for 1983-11-19,ORG,Meta
Sara attended a conference on 2006-06-14,PERSON,Sara
The meeting with Sara from Google is scheduled for 2007-06-30,PERSON,Sara
The meeting with Sara from Google is scheduled for 2007-06-30,ORG,Google
John attended a conference on 1986-01-29,PERSON,John
London will host the event in 2004-03-26,GPE,London
The meeting with Mary from Meta is scheduled for 1989-09-03,PERSON,Mary
The meeting with Mary from Meta is scheduled for 1989-09-03,ORG,Meta
Alex works at Amazon in London since 1992-05-22,PERSON,Alex
Alex works at Amazon in London since 1992-05-22,ORG,Amazon
Alex works at Amazon in London since 1992-05-22,GPE,London
London will host the event in 2021-04-16,GPE,London
Paris will host the event in 1986-06-21,GPE,Paris
Mary works at Google in London since 1977-08-05,PERSON,Mary
Mary works at Google in London since 1977-08-05,ORG,Google
Mary works at Google in London since 1977-08-05,GPE,London
London will host the event in 1993-01-25,GPE,London
Sara attended a conference on 2005-06-13,PERSON,Sara
Mary attended a conference on 2000-10-11,PERSON,Mary
Paris will host the event in 1996-04-16,GPE,Paris
Sara attended a conference on 1972-06-07,PERSON,Sara
John attended a conference on 2012-08-21,PERSON,John
John attended a conference on 1977-11-17,PERSON,John
Microsoft announced new projects starting 2002-07-27,ORG,Microsoft
Google announced new projects starting 2004-01-19,ORG,Google
Mary attended a conference on 1976-11-02,PERSON,Mary
Microsoft announced new projects starting 1987-02-07,ORG,Microsoft
John works at Meta in New York since 2011-11-10,PERSON,John
John works at Meta in New York since 2011-11-10,ORG,Meta
Tokyo will host the event in 1986-05-25,GPE,Tokyo
Paris will host the event in 1996-04-20,GPE,Paris
Amazon announced new projects starting 1980-09-15,ORG,Amazon
Amazon announced new projects starting 1992-02-05,ORG,Amazon
Amazon announced new projects starting 2020-02-07,ORG,Amazon
London will host the event in 1986-08-16,GPE,London
Mary attended a conference on 1993-07-02,PERSON,Mary
The meeting with Mary from Microsoft is scheduled for 1987-03-27,PERSON,Mary
The meeting with Mary from Microsoft is scheduled for 1987-03-27,ORG,Microsoft
The meeting with Alex from Microsoft is scheduled for 1993-09-12,PERSON,Alex
The meeting with Alex from Microsoft is scheduled for 1993-09-12,ORG,Microsoft
Alex works at Google in London since 2013-12-24,PERSON,Alex
Alex works at Google in London since 2013-12-24,ORG,Google
Alex works at Google in London since 2013-12-24,GPE,London
Meta announced new projects starting 2010-01-21,ORG,Meta
Paris will host the event in 2023-04-07,GPE,Paris
Sara works at Google in Paris since 2009-11-27,PERSON,Sara
Sara works at Google in Paris since 2009-11-27,ORG,Google
Sara works at Google in Paris since 2009-11-27,GPE,Paris
London will host the event in 1971-01-17,GPE,London
Microsoft announced new projects starting 2008-09-29,ORG,Microsoft
Sara works at Google in Paris since 1991-11-24,PERSON,Sara
Sara works at Google in Paris since 1991-11-24,ORG,Google
Sara works at Google in Paris since 1991-11-24,GPE,Paris
Meta announced new projects starting 2008-12-24,ORG,Meta
Alex attended a conference on 1984-03-11,PERSON,Alex
John works at Google in London since 2004-11-15,PERSON,John
John works at Google in London since 2004-11-15,ORG,Google
John works at Google in London since 2004-11-15,GPE,London
Amazon announced new projects starting 1973-09-30,ORG,Amazon
John attended a conference on 2017-05-27,PERSON,John
Google announced new projects starting 1984-03-23,ORG,Google
Google announced new projects starting 1998-01-16,ORG,Google
Alex works at Meta in Paris since 2013-01-24,PERSON,Alex
Alex works at Meta in Paris since 2013-01-24,ORG,Meta
Alex works at Meta in Paris since 2013-01-24,GPE,Paris
John works at Microsoft in Tokyo since 2021-08-31,PERSON,John
John works at Microsoft in Tokyo since 2021-08-31,ORG,Microsoft
John works at Microsoft in Tokyo since 2021-08-31,GPE,Tokyo
John attended a conference on 1992-04-21,PERSON,John
The meeting with Mary from Microsoft is scheduled for 1978-01-08,PERSON,Mary
The meeting with Mary from Microsoft is scheduled for 1978-01-08,ORG,Microsoft
Alex attended a conference on 2018-08-23,PERSON,Alex
Sara attended a conference on 1970-06-02,PERSON,Sara
Paris will host the event in 2007-11-18,GPE,Paris
John works at Meta in Tokyo since 1973-02-24,PERSON,John
John works at Meta in Tokyo since 1973-02-24,ORG,Meta
John works at Meta in Tokyo since 1973-02-24,GPE,Tokyo
Google announced new projects starting 1979-12-20,ORG,Google
London will host the event in 1994-05-06,GPE,London
London will host the event in 2010-07-03,GPE,London
Mary attended a conference on 2004-01-10,PERSON,Mary
The meeting with Mary from Amazon is scheduled for 2007-12-11,PERSON,Mary
The meeting with Mary from Amazon is scheduled for 2007-12-11,ORG,Amazon
Sara works at Meta in Paris since 2024-09-10,PERSON,Sara
Sara works at Meta in Paris since 2024-09-10,ORG,Meta
Sara works at Meta in Paris since 2024-09-10,GPE,Paris
Mary attended a conference on 2004-06-01,PERSON,Mary
Alex attended a conference on 1984-07-01,PERSON,Alex
Mary attended a conference on 1995-05-10,PERSON,Mary
John works at Meta in New York since 2008-08-31,PERSON,John
John works at Meta in New York since 2008-08-31,ORG,Meta
Alex attended a conference on 1978-10-25,PERSON,Alex
The meeting with John from Amazon is scheduled for 2023-01-05,PERSON,John
The meeting with John from Amazon is scheduled for 2023-01-05,ORG,Amazon
Sara attended a conference on 1983-04-04,PERSON,Sara
Alex works at Microsoft in London since 2019-10-11,PERSON,Alex
Alex works at Microsoft in London since 2019-10-11,ORG,Microsoft
Alex works at Microsoft in London since 2019-10-11,GPE,London
Amazon announced new projects starting 2001-08-11,ORG,Amazon
Alex attended a conference on 1984-09-11,PERSON,Alex
Sara attended a conference on 1997-11-09,PERSON,Sara
The meeting with John from Amazon is scheduled for 2006-03-20,PERSON,John
The meeting with John from Amazon is scheduled for 2006-03-20,ORG,Amazon
London will host the event in 1985-03-09,GPE,London
Alex attended a conference on 2001-09-09,PERSON,Alex
John attended a conference on 1979-06-13,PERSON,John
Mary attended a conference on 1973-11-17,PERSON,Mary
Paris will host the event in 2012-02-07,GPE,Paris
Tokyo will host the event in 1993-02-22,GPE,Tokyo
Alex works at Amazon in Paris since 1990-07-11,PERSON,Alex
Alex works at Amazon in Paris since 1990-07-11,ORG,Amazon
Alex works at Amazon in Paris since 1990-07-11,GPE,Paris
The meeting with Alex from Amazon is scheduled for 2000-09-19,PERSON,Alex
The meeting with Alex from Amazon is scheduled for 2000-09-19,ORG,Amazon
Tokyo will host the event in 1995-05-17,GPE,Tokyo
Mary works at Microsoft in Tokyo since 2025-01-21,PERSON,Mary
Mary works at Microsoft in Tokyo since 2025-01-21,ORG,Microsoft
Mary works at Microsoft in Tokyo since 2025-01-21,GPE,Tokyo
Mary attended a conference on 2020-12-19,PERSON,Mary
Paris will host the event in 1990-10-15,GPE,Paris
The meeting with Sara from Microsoft is scheduled for 1987-06-01,PERSON,Sara
The meeting with Sara from Microsoft is scheduled for 1987-06-01,ORG,Microsoft
The meeting with Alex from Amazon is scheduled for 1984-09-04,PERSON,Alex
The meeting with Alex from Amazon is scheduled for 1984-09-04,ORG,Amazon
John works at Amazon in Tokyo since 1989-05-06,PERSON,John
John works at Amazon in Tokyo since 1989-05-06,ORG,Amazon
John works at Amazon in Tokyo since 1989-05-06,GPE,Tokyo
Mary works at Meta in London since 2010-02-03,PERSON,Mary
Mary works at Meta in London since 2010-02-03,ORG,Meta
Mary works at Meta in London since 2010-02-03,GPE,London
The meeting with Mary from Microsoft is scheduled for 1991-02-10,PERSON,Mary
The meeting with Mary from Microsoft is scheduled for 1991-02-10,ORG,Microsoft
Sara attended a conference on 2004-02-07,PERSON,Sara
Mary attended a conference on 1973-06-24,PERSON,Mary
London will host the event in 1995-08-16,GPE,London
Mary attended a conference on 1986-12-06,PERSON,Mary
Mary attended a conference on 2009-06-27,PERSON,Mary
Mary works at Meta in Paris since 2006-11-13,PERSON,Mary
Mary works at Meta in Paris since 2006-11-13,ORG,Meta
Mary works at Meta in Paris since 2006-11-13,GPE,Paris
Mary attended a conference on 2013-08-16,PERSON,Mary
Tokyo will host the event in 1981-11-13,GPE,Tokyo
Mary works at Meta in Tokyo since 2024-07-27,PERSON,Mary
Mary works at Meta in Tokyo since 2024-07-27,ORG,Meta
Mary works at Meta in Tokyo since 2024-07-27,GPE,Tokyo
Google announced new projects starting 1974-10-02,ORG,Google
London will host the event in 1994-09-07,GPE,London
Meta announced new projects starting 1976-07-09,ORG,Meta
Mary attended a conference on 1998-02-03,PERSON,Mary
Microsoft announced new projects starting 2008-07-27,ORG,Microsoft
Amazon announced new projects starting 2022-03-17,ORG,Amazon
Microsoft announced new projects starting 1971-01-16,ORG,Microsoft
Google announced new projects starting 1983-11-19,ORG,Google
Alex works at Amazon in London since 2002-12-26,PERSON,Alex
Alex works at Amazon in London since 2002-12-26,ORG,Amazon
Alex works at Amazon in London since 2002-12-26,GPE,London
The meeting with Alex from Google is scheduled for 2015-01-16,PERSON,Alex
The meeting with Alex from Google is scheduled for 2015-01-16,ORG,Google
Microsoft announced new projects starting 2020-10-23,ORG,Microsoft
Paris will host the event in 2019-02-06,GPE,Paris
Sara works at Google in London since 2020-10-06,PERSON,Sara
Sara works at Google in London since 2020-10-06,ORG,Google
Sara works at Google in London since 2020-10-06,GPE,London
Sara works at Microsoft in New York since 2020-09-17,PERSON,Sara
Sara works at Microsoft in New York since 2020-09-17,ORG,Microsoft
Alex works at Meta in Tokyo since 1974-06-20,PERSON,Alex
Alex works at Meta in Tokyo since 1974-06-20,ORG,Meta
Alex works at Meta in Tokyo since 1974-06-20,GPE,Tokyo
London will host the event in 1987-08-06,GPE,London
Sara works at Meta in London since 2024-01-15,PERSON,Sara
Sara works at Meta in London since 2024-01-15,ORG,Meta
Sara works at Meta in London since 2024-01-15,GPE,London
Sara works at Google in Paris since 2007-04-12,PERSON,Sara
Sara works at Google in Paris since 2007-04-12,ORG,Google
Sara works at Google in Paris since 2007-04-12,GPE,Paris
John attended a conference on 1988-03-02,PERSON,John
Amazon announced new projects starting 2007-08-17,ORG,Amazon
The meeting with Mary from Meta is scheduled for 2003-12-19,PERSON,Mary
The meeting with Mary from Meta is scheduled for 2003-12-19,ORG,Meta
Sara works at Google in London since 1972-02-22,PERSON,Sara
Sara works at Google in London since 1972-02-22,ORG,Google
Sara works at Google in London since 1972-02-22,GPE,London
Amazon announced new projects starting 2010-02-11,ORG,Amazon
Mary attended a conference on 1984-01-10,PERSON,Mary
John works at Meta in Tokyo since 2018-11-30,PERSON,John
John works at Meta in Tokyo since 2018-11-30,ORG,Meta
John works at Meta in Tokyo since 2018-11-30,GPE,Tokyo
Alex works at Meta in London since 1971-07-14,PERSON,Alex
Alex works at Meta in London since 1971-07-14,ORG,Meta
Alex works at Meta in London since 1971-07-14,GPE,London
John attended a conference on 1979-05-05,PERSON,John
John attended a conference on 1978-04-15,PERSON,John
Alex attended a conference on 1999-02-14,PERSON,Alex
The meeting with John from Meta is scheduled for 2019-01-19,PERSON,John
The meeting with John from Meta is scheduled for 2019-01-19,ORG,Meta
The meeting with Alex from Meta is scheduled for 2002-01-05,PERSON,Alex
The meeting with Alex from Meta is scheduled for 2002-01-05,ORG,Meta
London will host the event in 1985-05-29,GPE,London
Alex attended a conference on 1995-12-09,PERSON,Alex
The meeting with Sara from Amazon is scheduled for 1970-08-25,PERSON,Sara
The meeting with Sara from Amazon is scheduled for 1970-08-25,ORG,Amazon
Microsoft announced new projects starting 2005-08-25,ORG,Microsoft
The meeting with Alex from Meta is scheduled for 2015-01-05,PERSON,Alex
The meeting with Alex from Meta is scheduled for 2015-01-05,ORG,Meta
Tokyo will host the event in 1970-06-26,GPE,Tokyo
The meeting with Mary from Amazon is scheduled for 1991-06-10,PERSON,Mary
The meeting with Mary from Amazon is scheduled for 1991-06-10,ORG,Amazon
The meeting with Sara from Amazon is scheduled for 2017-06-19,PERSON,Sara
The meeting with Sara from Amazon is scheduled for 2017-06-19,ORG,Amazon
The meeting with Sara from Meta is scheduled for 1975-03-18,PERSON,Sara
The meeting with Sara from Meta is scheduled for 1975-03-18,ORG,Meta
John works at Amazon in New York since 1971-02-22,PERSON,John
John works at Amazon in New York since 1971-02-22,ORG,Amazon
Mary works at Microsoft in Tokyo since 1990-01-22,PERSON,Mary
Mary works at Microsoft in Tokyo since 1990-01-22,ORG,Microsoft
Mary works at Microsoft in Tokyo since 1990-01-22,GPE,Tokyo
The meeting with Mary from Amazon is scheduled for 2022-11-10,PERSON,Mary
The meeting with Mary from Amazon is scheduled for 2022-11-10,ORG,Amazon
Mary works at Meta in London since 1984-10-10,PERSON,Mary
Mary works at Meta in London since 1984-10-10,ORG,Meta
Mary works at Meta in London since 1984-10-10,GPE,London
The meeting with Mary from Microsoft is scheduled for 2022-01-03,PERSON,Mary
The meeting with Mary from Microsoft is scheduled for 2022-01-03,ORG,Microsoft
Sara works at Amazon in London since 2009-02-02,PERSON,Sara
Sara works at Amazon in London since 2009-02-02,ORG,Amazon
Sara works at Amazon in London since 2009-02-02,GPE,London
The meeting with John from Amazon is scheduled for 1994-05-27,PERSON,John
The meeting with John from Amazon is scheduled for 1994-05-27,ORG,Amazon
Tokyo will host the event in 1976-11-27,GPE,Tokyo
Microsoft announced new projects starting 1975-11-04,ORG,Microsoft
John works at Google in London since 1982-10-16,PERSON,John
John works at Google in London since 1982-10-16,ORG,Google
John works at Google in London since 1982-10-16,GPE,London
Microsoft announced new projects starting 1986-10-12,ORG,Microsoft
Sara attended a conference on 2018-04-14,PERSON,Sara
The meeting with John from Meta is scheduled for 1988-04-19,PERSON,John
The meeting with John from Meta is scheduled for 1988-04-19,ORG,Meta
The meeting with John from Microsoft is scheduled for 1977-05-12,PERSON,John
The meeting with John from Microsoft is scheduled for 1977-05-12,ORG,Microsoft
John attended a conference on 1995-12-05,PERSON,John
Alex works at Amazon in Tokyo since 2001-10-22,PERSON,Alex
Alex works at Amazon in Tokyo since 2001-10-22,ORG,Amazon
Alex works at Amazon in Tokyo since 2001-10-22,GPE,Tokyo
John attended a conference on 1978-08-28,PERSON,John
Paris will host the event in 2012-01-22,GPE,Paris
Microsoft announced new projects starting 2011-08-07,ORG,Microsoft
Sara attended a conference on 2007-02-04,PERSON,Sara
Microsoft announced new projects starting 2022-10-27,ORG,Microsoft
Meta announced new projects starting 1984-07-30,ORG,Meta
Alex works at Amazon in Paris since 1997-07-20,PERSON,Alex
Alex works at Amazon in Paris since 1997-07-20,ORG,Amazon
Alex works at Amazon in Paris since 1997-07-20,GPE,Paris
The meeting with Mary from Microsoft is scheduled for 2018-11-09,PERSON,Mary
The meeting with Mary from Microsoft is scheduled for 2018-11-09,ORG,Microsoft
Alex works at Amazon in Tokyo since 2007-09-05,PERSON,Alex
Alex works at Amazon in Tokyo since 2007-09-05,ORG,Amazon
Alex works at Amazon in Tokyo since 2007-09-05,GPE,Tokyo
Google announced new projects starting 1999-12-31,ORG,Google
Alex works at Amazon in London since 1998-05-19,PERSON,Alex
Alex works at Amazon in London since 1998-05-19,ORG,Amazon
Alex works at Amazon in London since 1998-05-19,GPE,London
The meeting with Sara from Google is scheduled for 2004-09-29,PERSON,Sara
The meeting with Sara from Google is scheduled for 2004-09-29,ORG,Google
Meta announced new projects starting 1993-09-23,ORG,Meta
The meeting with Mary from Amazon is scheduled for 2008-06-27,PERSON,Mary
The meeting with Mary from Amazon is scheduled for 2008-06-27,ORG,Amazon
Tokyo will host the event in 2020-10-26,GPE,Tokyo
Alex attended a conference on 1991-08-27,PERSON,Alex
Sara works at Google in London since 1973-02-12,PERSON,Sara
Sara works at Google in London since 1973-02-12,ORG,Google
Sara works at Google in London since 1973-02-12,GPE,London
The meeting with Mary from Google is scheduled for 1985-06-16,PERSON,Mary
The meeting with Mary from Google is scheduled for 1985-06-16,ORG,Google
Meta announced new projects starting 1997-05-11,ORG,Meta
John attended a conference on 1977-07-20,PERSON,John
Mary attended a conference on 1998-01-09,PERSON,Mary
Mary works at Google in New York since 1983-05-25,PERSON,Mary
Mary works at Google in New York since 1983-05-25,ORG,Google
Meta announced new projects starting 1984-01-24,ORG,Meta
John works at Meta in London since 1974-12-12,PERSON,John
John works at Meta in London since 1974-12-12,ORG,Meta
John works at Meta in London since 1974-12-12,GPE,London
Mary works at Google in Paris since 1984-01-26,PERSON,Mary
Mary works at Google in Paris since 1984-01-26,ORG,Google
Mary works at Google in Paris since 1984-01-26,GPE,Paris
The meeting with Mary from Amazon is scheduled for 1987-09-13,PERSON,Mary
The meeting with Mary from Amazon is scheduled for 1987-09-13,ORG,Amazon
Alex attended a conference on 1970-03-31,PERSON,Alex
The meeting with Alex from Google is scheduled for 2005-06-23,PERSON,Alex
The meeting with Alex from Google is scheduled for 2005-06-23,ORG,Google
The meeting with Mary from Google is scheduled for 2003-09-15,PERSON,Mary
The meeting with Mary from Google is scheduled for 2003-09-15,ORG,Google
The meeting with John from Microsoft is scheduled for 1991-05-05,PERSON,John
The meeting with John from Microsoft is scheduled for 1991-05-05,ORG,Microsoft
Tokyo will host the event in 2017-01-27,GPE,Tokyo
John works at Amazon in Paris since 1978-12-01,PERSON,John
John works at Amazon in Paris since 1978-12-01,ORG,Amazon
John works at Amazon in Paris since 1978-12-01,GPE,Paris
The meeting with John from Google is scheduled for 2011-01-06,PERSON,John
The meeting with John from Google is scheduled for 2011-01-06,ORG,Google
Amazon announced new projects starting 1982-02-04,ORG,Amazon
The meeting with Mary from Google is scheduled for 2002-06-18,PERSON,Mary
The meeting with Mary from Google is scheduled for 2002-06-18,ORG,Google
Tokyo will host the event in 2009-01-18,GPE,Tokyo
Meta announced new projects starting 2014-08-27,ORG,Meta
Tokyo will host the event in 2016-10-24,GPE,Tokyo
Sara attended a conference on 1992-12-23,PERSON,Sara
The meeting with Mary from Microsoft is scheduled for 1974-05-01,PERSON,Mary
The meeting with Mary from Microsoft is scheduled for 1974-05-01,ORG,Microsoft
Meta announced new projects starting 1977-06-12,ORG,Meta
Alex works at Meta in Tokyo since 1984-12-23,PERSON,Alex
Alex works at Meta in Tokyo since 1984-12-23,ORG,Meta
Alex works at Meta in Tokyo since 1984-12-23,GPE,Tokyo
Microsoft announced new projects starting 2011-06-30,ORG,Microsoft
Mary works at Amazon in Tokyo since 2003-05-10,PERSON,Mary
Mary works at Amazon in Tokyo since 2003-05-10,ORG,Amazon
Mary works at Amazon in Tokyo since 2003-05-10,GPE,Tokyo
Paris will host the event in 1999-12-24,GPE,Paris
Sara works at Amazon in Paris since 1979-01-09,PERSON,Sara
Sara works at Amazon in Paris since 1979-01-09,ORG,Amazon
Sara works at Amazon in Paris since 1979-01-09,GPE,Paris
Sara works at Meta in London since 2012-06-26,PERSON,Sara
Sara works at Meta in London since 2012-06-26,ORG,Meta
Sara works at Meta in London since 2012-06-26,GPE,London
Google announced new projects starting 2003-07-17,ORG,Google
Mary attended a conference on 1976-12-18,PERSON,Mary
Sara works at Microsoft in London since 2017-12-06,PERSON,Sara
Sara works at Microsoft in London since 2017-12-06,ORG,Microsoft
Sara works at Microsoft in London since 2017-12-06,GPE,London
Mary attended a conference on 1982-08-23,PERSON,Mary
Sara works at Amazon in New York since 2007-04-23,PERSON,Sara
Sara works at Amazon in New York since 2007-04-23,ORG,Amazon
Tokyo will host the event in 1987-11-18,GPE,Tokyo
Alex attended a conference on 1995-06-25,PERSON,Alex
Google announced new projects starting 2012-06-01,ORG,Google
The meeting with Alex from Microsoft is scheduled for 2025-02-21,PERSON,Alex
The meeting with Alex from Microsoft is scheduled for 2025-02-21,ORG,Microsoft
The meeting with Mary from Microsoft is scheduled for 1983-03-13,PERSON,Mary
The meeting with Mary from Microsoft is scheduled for 1983-03-13,ORG,Microsoft
Alex works at Amazon in New York since 1983-06-08,PERSON,Alex
Alex works at Amazon in New York since 1983-06-08,ORG,Amazon
Meta announced new projects starting 2012-11-30,ORG,Meta
Amazon announced new projects starting 1998-11-07,ORG,Amazon
Tokyo will host the event in 1972-01-21,GPE,Tokyo
London will host the event in 1974-05-12,GPE,London
The meeting with John from Amazon is scheduled for 1977-11-24,PERSON,John
The meeting with John from Amazon is scheduled for 1977-11-24,ORG,Amazon
Mary works at Amazon in Paris since 1974-05-10,PERSON,Mary
Mary works at Amazon in Paris since 1974-05-10,ORG,Amazon
Mary works at Amazon in Paris since 1974-05-10,GPE,Paris
Sara works at Google in New York since 1971-08-22,PERSON,Sara
Sara works at Google in New York since 1971-08-22,ORG,Google
The meeting with Sara from Microsoft is scheduled for 2012-01-07,PERSON,Sara
The meeting with Sara from Microsoft is scheduled for 2012-01-07,ORG,Microsoft
The meeting with Mary from Meta is scheduled for 1986-05-09,PERSON,Mary
The meeting with Mary from Meta is scheduled for 1986-05-09,ORG,Meta
Mary works at Amazon in Tokyo since 2003-01-06,PERSON,Mary
Mary works at Amazon in Tokyo since 2003-01-06,ORG,Amazon
Mary works at Amazon in Tokyo since 2003-01-06,GPE,Tokyo
Google announced new projects starting 2011-11-18,ORG,Google
John works at Google in Tokyo since 2009-11-08,PERSON,John
John works at Google in Tokyo since 2009-11-08,ORG,Google
John works at Google in Tokyo since 2009-11-08,GPE,Tokyo
The meeting with John from Meta is scheduled for 1994-06-22,PERSON,John
The meeting with John from Meta is scheduled for 1994-06-22,ORG,Meta
Google announced new projects starting 1995-03-13,ORG,Google
Alex attended a conference on 2010-11-03,PERSON,Alex
London will host the event in 1971-10-17,GPE,London
The meeting with Alex from Google is scheduled for 1995-11-05,PERSON,Alex
The meeting with Alex from Google is scheduled for 1995-11-05,ORG,Google
Mary works at Meta in Tokyo since 1981-02-17,PERSON,Mary
Mary works at Meta in Tokyo since 1981-02-17,ORG,Meta
Mary works at Meta in Tokyo since 1981-02-17,GPE,Tokyo
Alex attended a conference on 1979-03-12,PERSON,Alex
Alex works at Microsoft in New York since 2020-01-14,PERSON,Alex
Alex works at Microsoft in New York since 2020-01-14,ORG,Microsoft
Sara works at Google in London since 1980-11-05,PERSON,Sara
Sara works at Google in London since 1980-11-05,ORG,Google
Sara works at Google in London since 1980-11-05,GPE,London
John works at Google in Tokyo since 2014-10-06,PERSON,John
John works at Google in Tokyo since 2014-10-06,ORG,Google
John works at Google in Tokyo since 2014-10-06,GPE,Tokyo
The meeting with Sara from Amazon is scheduled for 1978-01-20,PERSON,Sara
The meeting with Sara from Amazon is scheduled for 1978-01-20,ORG,Amazon
Mary attended a conference on 1972-11-21,PERSON,Mary
The meeting with Mary from Google is scheduled for 2019-06-18,PERSON,Mary
The meeting with Mary from Google is scheduled for 2019-06-18,ORG,Google
The meeting with Sara from Meta is scheduled for 2022-08-25,PERSON,Sara
The meeting with Sara from Meta is scheduled for 2022-08-25,ORG,Meta
John works at Meta in London since 1980-07-19,PERSON,John
John works at Meta in London since 1980-07-19,ORG,Meta
John works at Meta in London since 1980-07-19,GPE,London
The meeting with John from Meta is scheduled for 1990-10-11,PERSON,John
The meeting with John from Meta is scheduled for 1990-10-11,ORG,Meta
Alex works at Microsoft in New York since 2018-06-03,PERSON,Alex
Alex works at Microsoft in New York since 2018-06-03,ORG,Microsoft
Sara attended a conference on 2017-09-21,PERSON,Sara
Mary attended a conference on 2016-04-14,PERSON,Mary
The meeting with Mary from Microsoft is scheduled for 2008-11-20,PERSON,Mary
The meeting with Mary from Microsoft is scheduled for 2008-11-20,ORG,Microsoft
Amazon announced new projects starting 1993-05-30,ORG,Amazon
The meeting with Sara from Google is scheduled for 2017-06-13,PERSON,Sara
The meeting with Sara from Google is scheduled for 2017-06-13,ORG,Google
Mary attended a conference on 1982-06-27,PERSON,Mary
London will host the event in 1971-06-24,GPE,London
Sara attended a conference on 1970-06-25,PERSON,Sara
Microsoft announced new projects starting 2017-10-08,ORG,Microsoft
Alex works at Meta in Paris since 2007-06-02,PERSON,Alex
Alex works at Meta in Paris since 2007-06-02,ORG,Meta
Alex works at Meta in Paris since 2007-06-02,GPE,Paris
John attended a conference on 1973-04-22,PERSON,John
Sara works at Amazon in New York since 2015-03-15,PERSON,Sara
Sara works at Amazon in New York since 2015-03-15,ORG,Amazon
John works at Google in London since 1977-05-31,PERSON,John
John works at Google in London since 1977-05-31,ORG,Google
John works at Google in London since 1977-05-31,GPE,London
Amazon announced new projects starting 1991-01-26,ORG,Amazon
London will host the event in 1987-08-16,GPE,London
John works at Amazon in Paris since 2007-02-04,PERSON,John
John works at Amazon in Paris since 2007-02-04,ORG,Amazon
John works at Amazon in Paris since 2007-02-04,GPE,Paris
The meeting with Sara from Meta is scheduled for 2023-09-09,PERSON,Sara
The meeting with Sara from Meta is scheduled for 2023-09-09,ORG,Meta
Amazon announced new projects starting 1985-07-30,ORG,Amazon
Meta announced new projects starting 1986-01-05,ORG,Meta
Tokyo will host the event in 1999-03-28,GPE,Tokyo
Microsoft announced new projects starting 2008-09-16,ORG,Microsoft
The meeting with Alex from Meta is scheduled for 2006-08-04,PERSON,Alex
The meeting with Alex from Meta is scheduled for 2006-08-04,ORG,Meta
Tokyo will host the event in 2005-11-02,GPE,Tokyo
Alex works at Meta in Paris since 1978-01-04,PERSON,Alex
Alex works at Meta in Paris since 1978-01-04,ORG,Meta
Alex works at Meta in Paris since 1978-01-04,GPE,Paris
Tokyo will host the event in 1993-05-05,GPE,Tokyo
Alex attended a conference on 1971-01-01,PERSON,Alex
The meeting with Alex from Microsoft is scheduled for 2000-08-20,PERSON,Alex
The meeting with Alex from Microsoft is scheduled for 2000-08-20,ORG,Microsoft
The meeting with Alex from Microsoft is scheduled for 2008-12-24,PERSON,Alex
The meeting with Alex from Microsoft is scheduled for 2008-12-24,ORG,Microsoft
John works at Amazon in London since 1986-12-05,PERSON,John
John works at Amazon in London since 1986-12-05,ORG,Amazon
John works at Amazon in London since 1986-12-05,GPE,London
Mary attended a conference on 1984-11-25,PERSON,Mary
Meta announced new projects starting 1984-01-04,ORG,Meta
John works at Google in Tokyo since 1986-07-03,PERSON,John
John works at Google in Tokyo since 1986-07-03,ORG,Google
John works at Google in Tokyo since 1986-07-03,GPE,Tokyo
Mary works at Google in London since 2006-10-09,PERSON,Mary
Mary works at Google in London since 2006-10-09,ORG,Google
Mary works at Google in London since 2006-10-09,GPE,London
London will host the event in 1979-02-07,GPE,London
John works at Microsoft in Tokyo since 2003-03-10,PERSON,John
John works at Microsoft in Tokyo since 2003-03-10,ORG,Microsoft
John works at Microsoft in Tokyo since 2003-03-10,GPE,Tokyo
The meeting with Sara from Amazon is scheduled for 1975-06-01,PERSON,Sara
The meeting with Sara from Amazon is scheduled for 1975-06-01,ORG,Amazon
The meeting with Alex from Amazon is scheduled for 2013-06-05,PERSON,Alex
The meeting with Alex from Amazon is scheduled for 2013-06-05,ORG,Amazon
The meeting with Sara from Microsoft is scheduled for 2007-06-16,PERSON,Sara
The meeting with Sara from Microsoft is scheduled for 2007-06-16,ORG,Microsoft
London will host the event in 2022-06-14,GPE,London
The meeting with Mary from Meta is scheduled for 1989-09-14,PERSON,Mary
The meeting with Mary from Meta is scheduled for 1989-09-14,ORG,Meta
Meta announced new projects starting 1972-05-26,ORG,Meta
Mary attended a conference on 1981-02-25,PERSON,Mary
John attended a conference on 1986-08-28,PERSON,John
Alex works at Microsoft in Paris since 2020-02-18,PERSON,Alex
Alex works at Microsoft in Paris since 2020-02-18,ORG,Microsoft
Alex works at Microsoft in Paris since 2020-02-18,GPE,Paris
Amazon announced new projects starting 2014-06-27,ORG,Amazon
Sara works at Amazon in New York since 1997-06-19,PERSON,Sara
Sara works at Amazon in New York since 1997-06-19,ORG,Amazon
The meeting with Mary from Google is scheduled for 1999-04-09,PERSON,Mary
The meeting with Mary from Google is scheduled for 1999-04-09,ORG,Google
Tokyo will host the event in 2017-12-03,GPE,Tokyo
Mary works at Google in Tokyo since 1987-12-22,PERSON,Mary
Mary works at Google in Tokyo since 1987-12-22,ORG,Google
Mary works at Google in Tokyo since 1987-12-22,GPE,Tokyo
The meeting with Alex from Meta is scheduled for 2005-07-03,PERSON,Alex
The meeting with Alex from Meta is scheduled for 2005-07-03,ORG,Meta
Alex attended a conference on 2020-09-07,PERSON,Alex
Mary attended a conference on 2008-10-05,PERSON,Mary
Meta announced new projects starting 1975-10-19,ORG,Meta
London will host the event in 2015-05-04,GPE,London
Paris will host the event in 1976-02-06,GPE,Paris
Meta announced new projects starting 2000-12-13,ORG,Meta
Paris will host the event in 2014-01-13,GPE,Paris
Meta announced new projects starting 2016-09-29,ORG,Meta
Mary attended a conference on 1997-12-21,PERSON,Mary
Sara attended a conference on 1995-11-13,PERSON,Sara
London will host the event in 2005-03-16,GPE,London
Paris will host the event in 1987-11-08,GPE,Paris
Alex works at Google in Tokyo since 1986-01-30,PERSON,Alex
Alex works at Google in Tokyo since 1986-01-30,ORG,Google
Alex works at Google in Tokyo since 1986-01-30,GPE,Tokyo
Amazon announced new projects starting 1996-03-19,ORG,Amazon
Meta announced new projects starting 1988-07-28,ORG,Meta
Mary works at Meta in Paris since 2009-06-02,PERSON,Mary
Mary works at Meta in Paris since 2009-06-02,ORG,Meta
Mary works at Meta in Paris since 2009-06-02,GPE,Paris
Meta announced new projects starting 2011-03-11,ORG,Meta
John works at Amazon in New York since 2014-04-08,PERSON,John
John works at Amazon in New York since 2014-04-08,ORG,Amazon
Google announced new projects starting 1990-12-07,ORG,Google
Paris will host the event in 1983-09-14,GPE,Paris
Alex works at Google in London since 2003-03-04,PERSON,Alex
Alex works at Google in London since 2003-03-04,ORG,Google
Alex works at Google in London since 2003-03-04,GPE,London
The meeting with Sara from Microsoft is scheduled for 1985-06-25,PERSON,Sara
The meeting with Sara from Microsoft is scheduled for 1985-06-25,ORG,Microsoft
John attended a conference on 2022-04-16,PERSON,John
Microsoft announced new projects starting 1971-12-13,ORG,Microsoft
Microsoft announced new projects starting 1988-10-28,ORG,Microsoft
Mary attended a conference on 2008-04-27,PERSON,Mary
The meeting with John from Amazon is scheduled for 1975-11-12,PERSON,John
The meeting with John from Amazon is scheduled for 1975-11-12,ORG,Amazon
The meeting with John from Amazon is scheduled for 2007-02-21,PERSON,John
The meeting with John from Amazon is scheduled for 2007-02-21,ORG,Amazon
Alex works at Meta in Paris since 2013-12-04,PERSON,Alex
Alex works at Meta in Paris since 2013-12-04,ORG,Meta
Alex works at Meta in Paris since 2013-12-04,GPE,Paris
The meeting with Mary from Microsoft is scheduled for 1981-10-04,PERSON,Mary
The meeting with Mary from Microsoft is scheduled for 1981-10-04,ORG,Microsoft
The meeting with Sara from Meta is scheduled for 2008-08-20,PERSON,Sara
The meeting with Sara from Meta is scheduled for 2008-08-20,ORG,Meta
The meeting with Mary from Microsoft is scheduled for 1992-03-21,PERSON,Mary
The meeting with Mary from Microsoft is scheduled for 1992-03-21,ORG,Microsoft
London will host the event in 2004-08-18,GPE,London
Mary works at Google in New York since 1994-06-23,PERSON,Mary
Mary works at Google in New York since 1994-06-23,ORG,Google
Alex works at Microsoft in Paris since 2023-07-24,PERSON,Alex
Alex works at Microsoft in Paris since 2023-07-24,ORG,Microsoft
Alex works at Microsoft in Paris since 2023-07-24,GPE,Paris
Microsoft announced new projects starting 1995-09-04,ORG,Microsoft
John attended a conference on 2002-12-05,PERSON,John
Sara works at Meta in Paris since 2004-04-03,PERSON,Sara
Sara works at Meta in Paris since 2004-04-03,ORG,Meta
Sara works at Meta in Paris since 2004-04-03,GPE,Paris
Mary attended a conference on 2021-10-10,PERSON,Mary
Alex attended a conference on 2014-12-10,PERSON,Alex
London will host the event in 2010-04-22,GPE,London
Meta announced new projects starting 1993-07-27,ORG,Meta
Meta announced new projects starting 2001-04-04,ORG,Meta
Sara attended a conference on 2000-01-29,PERSON,Sara
Alex attended a conference on 2002-01-30,PERSON,Alex
The meeting with John from Amazon is scheduled for 1984-08-07,PERSON,John
The meeting with John from Amazon is scheduled for 1984-08-07,ORG,Amazon
The meeting with Alex from Meta is scheduled for 1972-03-01,PERSON,Alex
The meeting with Alex from Meta is scheduled for 1972-03-01,ORG,Meta
Microsoft announced new projects starting 1973-01-30,ORG,Microsoft
The meeting with Mary from Google is scheduled for 2001-11-22,PERSON,Mary
The meeting with Mary from Google is scheduled for 2001-11-22,ORG,Google
The meeting with Alex from Google is scheduled for 2001-09-05,PERSON,Alex
The meeting with Alex from Google is scheduled for 2001-09-05,ORG,Google
Tokyo will host the event in 1997-06-07,GPE,Tokyo
Meta announced new projects starting 2012-08-30,ORG,Meta
John works at Meta in New York since 1976-05-16,PERSON,John
John works at Meta in New York since 1976-05-16,ORG,Meta
The meeting with Mary from Microsoft is scheduled for 1995-02-22,PERSON,Mary
The meeting with Mary from Microsoft is scheduled for 1995-02-22,ORG,Microsoft
John works at Amazon in London since 2008-07-18,PERSON,John
John works at Amazon in London since 2008-07-18,ORG,Amazon
John works at Amazon in London since 2008-07-18,GPE,London
The meeting with Alex from Meta is scheduled for 1983-10-10,PERSON,Alex
The meeting with Alex from Meta is scheduled for 1983-10-10,ORG,Meta
Amazon announced new projects starting 1971-09-09,ORG,Amazon
Meta announced new projects starting 1996-03-06,ORG,Meta
Amazon announced new projects starting 2023-05-21,ORG,Amazon
Google announced new projects starting 2010-12-25,ORG,Google
London will host the event in 2016-05-23,GPE,London
The meeting with Mary from Amazon is scheduled for 2004-01-15,PERSON,Mary
The meeting with Mary from Amazon is scheduled for 2004-01-15,ORG,Amazon
Mary works at Google in Tokyo since 2013-02-02,PERSON,Mary
Mary works at Google in Tokyo since 2013-02-02,ORG,Google
Mary works at Google in Tokyo since 2013-02-02,GPE,Tokyo
The meeting with Mary from Amazon is scheduled for 1977-03-29,PERSON,Mary
The meeting with Mary from Amazon is scheduled for 1977-03-29,ORG,Amazon
Paris will host the event in 2023-04-16,GPE,Paris
Mary works at Google in New York since 1976-06-25,PERSON,Mary
Mary works at Google in New York since 1976-06-25,ORG,Google
Google announced new projects starting 1975-01-26,ORG,Google
Tokyo will host the event in 1992-07-22,GPE,Tokyo
Sara attended a conference on 2009-08-24,PERSON,Sara
Microsoft announced new projects starting 2022-11-26,ORG,Microsoft
The meeting with John from Microsoft is scheduled for 1996-11-02,PERSON,John
The meeting with John from Microsoft is scheduled for 1996-11-02,ORG,Microsoft
The meeting with Alex from Meta is scheduled for 2017-04-14,PERSON,Alex
The meeting with Alex from Meta is scheduled for 2017-04-14,ORG,Meta
Google announced new projects starting 1978-11-10,ORG,Google
The meeting with Alex from Google is scheduled for 2012-07-13,PERSON,Alex
The meeting with Alex from Google is scheduled for 2012-07-13,ORG,Google
Tokyo will host the event in 1975-04-29,GPE,Tokyo
Alex works at Amazon in London since 1988-06-20,PERSON,Alex
Alex works at Amazon in London since 1988-06-20,ORG,Amazon
Alex works at Amazon in London since 1988-06-20,GPE,London
Sara works at Microsoft in Tokyo since 2024-10-28,PERSON,Sara
Sara works at Microsoft in Tokyo since 2024-10-28,ORG,Microsoft
Sara works at Microsoft in Tokyo since 2024-10-28,GPE,Tokyo
Mary attended a conference on 1993-11-06,PERSON,Mary
The meeting with Sara from Google is scheduled for 2019-03-08,PERSON,Sara
The meeting with Sara from Google is scheduled for 2019-03-08,ORG,Google
Microsoft announced new projects starting 1998-07-26,ORG,Microsoft
Amazon announced new projects starting 1984-11-01,ORG,Amazon
John works at Meta in London since 1998-12-23,PERSON,John
John works at Meta in London since 1998-12-23,ORG,Meta
John works at Meta in London since 1998-12-23,GPE,London
Amazon announced new projects starting 2015-10-05,ORG,Amazon
The meeting with Sara from Meta is scheduled for 2012-06-28,PERSON,Sara
The meeting with Sara from Meta is scheduled for 2012-06-28,ORG,Meta
Google announced new projects starting 1977-11-30,ORG,Google
Google announced new projects starting 2003-08-17,ORG,Google
Paris will host the event in 1979-03-18,GPE,Paris
The meeting with Alex from Google is scheduled for 2006-10-10,PERSON,Alex
The meeting with Alex from Google is scheduled for 2006-10-10,ORG,Google
John works at Microsoft in Paris since 2002-01-21,PERSON,John
John works at Microsoft in Paris since 2002-01-21,ORG,Microsoft
John works at Microsoft in Paris since 2002-01-21,GPE,Paris
The meeting with Sara from Google is scheduled for 1989-12-30,PERSON,Sara
The meeting with Sara from Google is scheduled for 1989-12-30,ORG,Google
Sara works at Meta in London since 1993-10-31,PERSON,Sara
Sara works at Meta in London since 1993-10-31,ORG,Meta
Sara works at Meta in London since 1993-10-31,GPE,London
John attended a conference on 2018-04-09,PERSON,John
London will host the event in 2020-03-21,GPE,London
The meeting with John from Microsoft is scheduled for 1986-11-21,PERSON,John
The meeting with John from Microsoft is scheduled for 1986-11-21,ORG,Microsoft
Tokyo will host the event in 2007-02-01,GPE,Tokyo
London will host the event in 1981-02-16,GPE,London
Sara works at Amazon in Paris since 2021-04-12,PERSON,Sara
Sara works at Amazon in Paris since 2021-04-12,ORG,Amazon
Sara works at Amazon in Paris since 2021-04-12,GPE,Paris
Paris will host the event in 2021-09-13,GPE,Paris
John attended a conference on 1986-06-24,PERSON,John
Amazon announced new projects starting 2007-10-20,ORG,Amazon
London will host the event in 1995-07-16,GPE,London
The meeting with Mary from Meta is scheduled for 2013-04-23,PERSON,Mary
The meeting with Mary from Meta is scheduled for 2013-04-23,ORG,Meta
Mary works at Microsoft in Paris since 2001-09-02,PERSON,Mary
Mary works at Microsoft in Paris since 2001-09-02,ORG,Microsoft
Mary works at Microsoft in Paris since 2001-09-02,GPE,Paris
Alex attended a conference on 2021-12-12,PERSON,Alex
Paris will host the event in 2018-03-27,GPE,Paris
Mary works at Microsoft in London since 1987-12-17,PERSON,Mary
Mary works at Microsoft in London since 1987-12-17,ORG,Microsoft
Mary works at Microsoft in London since 1987-12-17,GPE,London
Amazon announced new projects starting 1987-01-13,ORG,Amazon
Meta announced new projects starting 2023-02-07,ORG,Meta
Paris will host the event in 2023-06-17,GPE,Paris
Alex works at Microsoft in Paris since 1991-06-23,PERSON,Alex
Alex works at Microsoft in Paris since 1991-06-23,ORG,Microsoft
Alex works at Microsoft in Paris since 1991-06-23,GPE,Paris
Amazon announced new projects starting 1974-08-31,ORG,Amazon
Google announced new projects starting 2019-08-25,ORG,Google
London will host the event in 1989-12-06,GPE,London
Tokyo will host the event in 1979-07-19,GPE,Tokyo
Alex attended a conference on 1973-11-04,PERSON,Alex
The meeting with John from Meta is scheduled for 1990-06-22,PERSON,John
The meeting with John from Meta is scheduled for 1990-06-22,ORG,Meta
Google announced new projects starting 1979-04-09,ORG,Google
Mary works at Microsoft in New York since 2011-04-15,PERSON,Mary
Mary works at Microsoft in New York since 2011-04-15,ORG,Microsoft
Sara works at Google in Tokyo since 1974-04-17,PERSON,Sara
Sara works at Google in Tokyo since 1974-04-17,ORG,Google
Sara works at Google in Tokyo since 1974-04-17,GPE,Tokyo
Tokyo will host the event in 2014-07-11,GPE,Tokyo
The meeting with Mary from Meta is scheduled for 1993-03-10,PERSON,Mary
The meeting with Mary from Meta is scheduled for 1993-03-10,ORG,Meta
Meta announced new projects starting 2004-06-05,ORG,Meta
The meeting with Mary from Meta is scheduled for 2017-05-10,PERSON,Mary
The meeting with Mary from Meta is scheduled for 2017-05-10,ORG,Meta
Google announced new projects starting 2007-03-06,ORG,Google
Mary attended a conference on 1981-01-10,PERSON,Mary
Mary attended a conference on 2019-09-12,PERSON,Mary
Microsoft announced new projects starting 1990-08-12,ORG,Microsoft
The meeting with John from Amazon is scheduled for 2008-06-26,PERSON,John
The meeting with John from Amazon is scheduled for 2008-06-26,ORG,Amazon
John works at Google in Paris since 1996-06-17,PERSON,John
John works at Google in Paris since 1996-06-17,ORG,Google
John works at Google in Paris since 1996-06-17,GPE,Paris
Amazon announced new projects starting 1993-08-28,ORG,Amazon
Tokyo will host the event in 1979-04-22,GPE,Tokyo
Google announced new projects starting 2012-05-24,ORG,Google
John attended a conference on 1993-10-27,PERSON,John
John attended a conference on 2007-07-25,PERSON,John
The meeting with Sara from Amazon is scheduled for 1972-12-29,PERSON,Sara
The meeting with Sara from Amazon is scheduled for 1972-12-29,ORG,Amazon
Meta announced new projects starting 1980-07-16,ORG,Meta
Mary works at Meta in New York since 2022-03-16,PERSON,Mary
Mary works at Meta in New York since 2022-03-16,ORG,Meta
Alex attended a conference on 1982-09-09,PERSON,Alex
Amazon announced new projects starting 2017-05-17,ORG,Amazon
Mary works at Google in London since 2021-07-17,PERSON,Mary
Mary works at Google in London since 2021-07-17,ORG,Google
Mary works at Google in London since 2021-07-17,GPE,London
The meeting with John from Google is scheduled for 1985-09-30,PERSON,John
The meeting with John from Google is scheduled for 1985-09-30,ORG,Google
Alex attended a conference on 1980-04-06,PERSON,Alex
London will host the event in 1992-09-23,GPE,London
Meta announced new projects starting 2021-04-04,ORG,Meta
The meeting with Sara from Meta is scheduled for 1970-03-11,PERSON,Sara
The meeting with Sara from Meta is scheduled for 1970-03-11,ORG,Meta
Paris will host the event in 2001-12-08,GPE,Paris
The meeting with Alex from Microsoft is scheduled for 1979-07-16,PERSON,Alex
The meeting with Alex from Microsoft is scheduled for 1979-07-16,ORG,Microsoft
Mary works at Google in Tokyo since 1972-09-30,PERSON,Mary
Mary works at Google in Tokyo since 1972-09-30,ORG,Google
Mary works at Google in Tokyo since 1972-09-30,GPE,Tokyo
The meeting with John from Microsoft is scheduled for 2008-06-25,PERSON,John
The meeting with John from Microsoft is scheduled for 2008-06-25,ORG,Microsoft
John attended a conference on 1980-01-04,PERSON,John
The meeting with John from Amazon is scheduled for 2009-11-05,PERSON,John
The meeting with John from Amazon is scheduled for 2009-11-05,ORG,Amazon
Alex attended a conference on 1998-05-21,PERSON,Alex
The meeting with John from Microsoft is scheduled for 2024-05-12,PERSON,John
The meeting with John from Microsoft is scheduled for 2024-05-12,ORG,Microsoft
Sara attended a conference on 2013-12-29,PERSON,Sara
London will host the event in 2018-04-07,GPE,London
Mary attended a conference on 2011-04-14,PERSON,Mary
Alex works at Amazon in Paris since 2023-04-15,PERSON,Alex
Alex works at Amazon in Paris since 2023-04-15,ORG,Amazon
Alex works at Amazon in Paris since 2023-04-15,GPE,Paris
Sara attended a conference on 2023-05-30,PERSON,Sara
Mary works at Amazon in London since 2000-04-21,PERSON,Mary
Mary works at Amazon in London since 2000-04-21,ORG,Amazon
Mary works at Amazon in London since 2000-04-21,GPE,London
The meeting with Sara from Amazon is scheduled for 1984-02-19,PERSON,Sara
The meeting with Sara from Amazon is scheduled for 1984-02-19,ORG,Amazon
The meeting with Mary from Amazon is scheduled for 1984-01-22,PERSON,Mary
The meeting with Mary from Amazon is scheduled for 1984-01-22,ORG,Amazon
Mary attended a conference on 2006-03-02,PERSON,Mary
Alex attended a conference on 1982-04-19,PERSON,Alex
Alex works at Meta in New York since 2005-12-12,PERSON,Alex
Alex works at Meta in New York since 2005-12-12,ORG,Meta
Meta announced new projects starting 1995-11-28,ORG,Meta
Tokyo will host the event in 1990-12-08,GPE,Tokyo
Amazon announced new projects starting 1980-02-15,ORG,Amazon
Paris will host the event in 2001-09-29,GPE,Paris
Amazon announced new projects starting 2016-07-10,ORG,Amazon
John works at Meta in Paris since 1970-09-04,PERSON,John
John works at Meta in Paris since 1970-09-04,ORG,Meta
John works at Meta in Paris since 1970-09-04,GPE,Paris
John attended a conference on 1974-03-21,PERSON,John
Mary attended a conference on 2014-11-10,PERSON,Mary
Mary works at Meta in New York since 1980-05-03,PERSON,Mary
Mary works at Meta in New York since 1980-05-03,ORG,Meta
Alex attended a conference on 2017-09-25,PERSON,Alex
Mary works at Google in Paris since 1988-08-27,PERSON,Mary
Mary works at Google in Paris since 1988-08-27,ORG,Google
Mary works at Google in Paris since 1988-08-27,GPE,Paris
Meta announced new projects starting 1996-09-02,ORG,Meta
The meeting with Mary from Google is scheduled for 2010-05-25,PERSON,Mary
The meeting with Mary from Google is scheduled for 2010-05-25,ORG,Google
Mary works at Microsoft in New York since 1992-12-26,PERSON,Mary
Mary works at Microsoft in New York since 1992-12-26,ORG,Microsoft
The meeting with Sara from Google is scheduled for 1992-03-06,PERSON,Sara
The meeting with Sara from Google is scheduled for 1992-03-06,ORG,Google
Mary attended a conference on 2003-01-15,PERSON,Mary
The meeting with Sara from Meta is scheduled for 1987-12-30,PERSON,Sara
The meeting with Sara from Meta is scheduled for 1987-12-30,ORG,Meta
The meeting with Alex from Google is scheduled for 1977-12-17,PERSON,Alex
The meeting with Alex from Google is scheduled for 1977-12-17,ORG,Google
The meeting with Mary from Microsoft is scheduled for 1987-04-15,PERSON,Mary
The meeting with Mary from Microsoft is scheduled for 1987-04-15,ORG,Microsoft
The meeting with John from Amazon is scheduled for 1992-06-04,PERSON,John
The meeting with John from Amazon is scheduled for 1992-06-04,ORG,Amazon
Sara attended a conference on 2004-12-03,PERSON,Sara
Microsoft announced new projects starting 1984-09-09,ORG,Microsoft
Tokyo will host the event in 1971-06-05,GPE,Tokyo
Meta announced new projects starting 2008-08-06,ORG,Meta
The meeting with John from Microsoft is scheduled for 1993-12-10,PERSON,John
The meeting with John from Microsoft is scheduled for 1993-12-10,ORG,Microsoft
London will host the event in 1992-03-31,GPE,London
Alex works at Microsoft in Paris since 2001-01-12,PERSON,Alex
Alex works at Microsoft in Paris since 2001-01-12,ORG,Microsoft
Alex works at Microsoft in Paris since 2001-01-12,GPE,Paris
Mary attended a conference on 1995-01-04,PERSON,Mary
Tokyo will host the event in 1997-09-04,GPE,Tokyo
London will host the event in 1970-06-25,GPE,London
The meeting with Alex from Google is scheduled for 2010-09-17,PERSON,Alex
The meeting with Alex from Google is scheduled for 2010-09-17,ORG,Google
John works at Google in Tokyo since 1999-05-31,PERSON,John
John works at Google in Tokyo since 1999-05-31,ORG,Google
John works at Google in Tokyo since 1999-05-31,GPE,Tokyo
Microsoft announced new projects starting 2010-05-02,ORG,Microsoft
The meeting with John from Amazon is scheduled for 1982-06-10,PERSON,John
The meeting with John from Amazon is scheduled for 1982-06-10,ORG,Amazon
John works at Microsoft in New York since 2002-08-02,PERSON,John
John works at Microsoft in New York since 2002-08-02,ORG,Microsoft
Microsoft announced new projects starting 2021-03-06,ORG,Microsoft
The meeting with John from Meta is scheduled for 2010-08-12,PERSON,John
The meeting with John from Meta is scheduled for 2010-08-12,ORG,Meta
The meeting with John from Meta is scheduled for 1998-04-26,PERSON,John
The meeting with John from Meta is scheduled for 1998-04-26,ORG,Meta
Paris will host the event in 1970-10-11,GPE,Paris
Amazon announced new projects starting 2014-06-07,ORG,Amazon
The meeting with John from Google is scheduled for 2013-03-22,PERSON,John
The meeting with John from Google is scheduled for 2013-03-22,ORG,Google
London will host the event in 2012-01-10,GPE,London
Mary works at Microsoft in London since 2005-01-26,PERSON,Mary
Mary works at Microsoft in London since 2005-01-26,ORG,Microsoft
Mary works at Microsoft in London since 2005-01-26,GPE,London
Alex works at Google in Tokyo since 1971-11-07,PERSON,Alex
Alex works at Google in Tokyo since 1971-11-07,ORG,Google
Alex works at Google in Tokyo since 1971-11-07,GPE,Tokyo
Paris will host the event in 2021-10-09,GPE,Paris
Tokyo will host the event in 2004-03-28,GPE,Tokyo
Sara works at Microsoft in London since 2021-11-09,PERSON,Sara
Sara works at Microsoft in London since 2021-11-09,ORG,Microsoft
Sara works at Microsoft in London since 2021-11-09,GPE,London
Amazon announced new projects starting 2019-11-29,ORG,Amazon
The meeting with John from Meta is scheduled for 1976-06-30,PERSON,John
The meeting with John from Meta is scheduled for 1976-06-30,ORG,Meta
The meeting with John from Google is scheduled for 1998-02-09,PERSON,John
The meeting with John from Google is scheduled for 1998-02-09,ORG,Google
Alex attended a conference on 1994-11-04,PERSON,Alex
Mary works at Meta in Paris since 1998-08-13,PERSON,Mary
Mary works at Meta in Paris since 1998-08-13,ORG,Meta
Mary works at Meta in Paris since 1998-08-13,GPE,Paris
Sara attended a conference on 1972-05-27,PERSON,Sara
Google announced new projects starting 1997-04-22,ORG,Google
Microsoft announced new projects starting 1988-01-22,ORG,Microsoft
Alex attended a conference on 1990-01-24,PERSON,Alex
Tokyo will host the event in 1995-06-04,GPE,Tokyo
Microsoft announced new projects starting 2022-09-19,ORG,Microsoft
Mary works at Microsoft in London since 1978-01-16,PERSON,Mary
Mary works at Microsoft in London since 1978-01-16,ORG,Microsoft
Mary works at Microsoft in London since 1978-01-16,GPE,London
Amazon announced new projects starting 1970-01-24,ORG,Amazon
London will host the event in 2009-08-17,GPE,London
Amazon announced new projects starting 1998-03-18,ORG,Amazon
Sara works at Microsoft in Paris since 2005-03-01,PERSON,Sara
Sara works at Microsoft in Paris since 2005-03-01,ORG,Microsoft
Sara works at Microsoft in Paris since 2005-03-01,GPE,Paris
Mary works at Meta in Tokyo since 1974-05-29,PERSON,Mary
Mary works at Meta in Tokyo since 1974-05-29,ORG,Meta
Mary works at Meta in Tokyo since 1974-05-29,GPE,Tokyo
London will host the event in 1974-04-04,GPE,London
Alex attended a conference on 2017-07-12,PERSON,Alex
Mary works at Microsoft in Tokyo since 1973-01-03,PERSON,Mary
Mary works at Microsoft in Tokyo since 1973-01-03,ORG,Microsoft
Mary works at Microsoft in Tokyo since 1973-01-03,GPE,Tokyo
Google announced new projects starting 1993-09-19,ORG,Google
Google announced new projects starting 1976-02-20,ORG,Google
Amazon announced new projects starting 1971-07-31,ORG,Amazon
Sara attended a conference on 1978-02-03,PERSON,Sara
John attended a conference on 1981-05-02,PERSON,John
Tokyo will host the event in 1999-12-01,GPE,Tokyo
Mary works at Meta in New York since 1980-02-03,PERSON,Mary
Mary works at Meta in New York since 1980-02-03,ORG,Meta
Sara works at Meta in Tokyo since 2023-07-03,PERSON,Sara
Sara works at Meta in Tokyo since 2023-07-03,ORG,Meta
Sara works at Meta in Tokyo since 2023-07-03,GPE,Tokyo
Mary works at Meta in Tokyo since 1994-02-08,PERSON,Mary
Mary works at Meta in Tokyo since 1994-02-08,ORG,Meta
Mary works at Meta in Tokyo since 1994-02-08,GPE,Tokyo
Mary attended a conference on 1987-09-28,PERSON,Mary
Google announced new projects starting 2012-08-22,ORG,Google
Sara works at Amazon in London since 2021-02-02,PERSON,Sara
Sara works at Amazon in London since 2021-02-02,ORG,Amazon
Sara works at Amazon in London since 2021-02-02,GPE,London
Mary works at Amazon in Paris since 1978-08-31,PERSON,Mary
Mary works at Amazon in Paris since 1978-08-31,ORG,Amazon
Mary works at Amazon in Paris since 1978-08-31,GPE,Paris
Mary attended a conference on 1987-07-10,PERSON,Mary
Meta announced new projects starting 1995-04-16,ORG,Meta
The meeting with Mary from Meta is scheduled for 1992-12-23,PERSON,Mary
The meeting with Mary from Meta is scheduled for 1992-12-23,ORG,Meta
Alex works at Meta in Paris since 1975-10-27,PERSON,Alex
Alex works at Meta in Paris since 1975-10-27,ORG,Meta
Alex works at Meta in Paris since 1975-10-27,GPE,Paris
Google announced new projects starting 1976-10-11,ORG,Google
Sara works at Meta in Tokyo since 1999-07-06,PERSON,Sara
Sara works at Meta in Tokyo since 1999-07-06,ORG,Meta
Sara works at Meta in Tokyo since 1999-07-06,GPE,Tokyo
Paris will host the event in 1971-06-27,GPE,Paris
Mary works at Google in New York since 1994-01-24,PERSON,Mary
Mary works at Google in New York since 1994-01-24,ORG,Google
London will host the event in 1982-11-06,GPE,London
The meeting with John from Google is scheduled for 2006-12-24,PERSON,John
The meeting with John from Google is scheduled for 2006-12-24,ORG,Google
John works at Amazon in Paris since 2002-05-13,PERSON,John
John works at Amazon in Paris since 2002-05-13,ORG,Amazon
John works at Amazon in Paris since 2002-05-13,GPE,Paris
Microsoft announced new projects starting 1976-06-03,ORG,Microsoft
The meeting with Alex from Amazon is scheduled for 2022-08-09,PERSON,Alex
The meeting with Alex from Amazon is scheduled for 2022-08-09,ORG,Amazon
Microsoft announced new projects starting 1995-02-07,ORG,Microsoft
The meeting with Alex from Google is scheduled for 1982-02-22,PERSON,Alex
The meeting with Alex from Google is scheduled for 1982-02-22,ORG,Google
Alex attended a conference on 2006-08-16,PERSON,Alex
Tokyo will host the event in 1991-06-16,GPE,Tokyo
Sara works at Google in Tokyo since 1984-10-07,PERSON,Sara
Sara works at Google in Tokyo since 1984-10-07,ORG,Google
Sara works at Google in Tokyo since 1984-10-07,GPE,Tokyo
Tokyo will host the event in 1973-09-23,GPE,Tokyo
The meeting with John from Microsoft is scheduled for 1991-01-26,PERSON,John
The meeting with John from Microsoft is scheduled for 1991-01-26,ORG,Microsoft
Sara attended a conference on 1988-04-15,PERSON,Sara
London will host the event in 2021-09-09,GPE,London
The meeting with Alex from Microsoft is scheduled for 2007-01-25,PERSON,Alex
The meeting with Alex from Microsoft is scheduled for 2007-01-25,ORG,Microsoft
Google announced new projects starting 1994-09-12,ORG,Google
Sara attended a conference on 1982-09-13,PERSON,Sara
Paris will host the event in 1995-08-02,GPE,Paris
The meeting with Sara from Google is scheduled for 1984-09-08,PERSON,Sara
The meeting with Sara from Google is scheduled for 1984-09-08,ORG,Google
Mary works at Meta in Tokyo since 1993-09-11,PERSON,Mary
Mary works at Meta in Tokyo since 1993-09-11,ORG,Meta
Mary works at Meta in Tokyo since 1993-09-11,GPE,Tokyo
John attended a conference on 1979-10-04,PERSON,John
The meeting with Sara from Microsoft is scheduled for 1982-06-17,PERSON,Sara
The meeting with Sara from Microsoft is scheduled for 1982-06-17,ORG,Microsoft
The meeting with Mary from Google is scheduled for 2022-10-06,PERSON,Mary
The meeting with Mary from Google is scheduled for 2022-10-06,ORG,Google
London will host the event in 1998-09-29,GPE,London
John works at Amazon in New York since 2003-01-03,PERSON,John
John works at Amazon in New York since 2003-01-03,ORG,Amazon
The meeting with Sara from Google is scheduled for 2003-01-28,PERSON,Sara
The meeting with Sara from Google is scheduled for 2003-01-28,ORG,Google
Google announced new projects starting 1988-02-19,ORG,Google
John works at Google in New York since 2019-01-12,PERSON,John
John works at Google in New York since 2019-01-12,ORG,Google
The meeting with Alex from Google is scheduled for 2017-11-13,PERSON,Alex
The meeting with Alex from Google is scheduled for 2017-11-13,ORG,Google
Amazon announced new projects starting 1999-11-01,ORG,Amazon
Sara attended a conference on 1993-07-15,PERSON,Sara
John works at Amazon in Tokyo since 1988-04-22,PERSON,John
John works at Amazon in Tokyo since 1988-04-22,ORG,Amazon
John works at Amazon in Tokyo since 1988-04-22,GPE,Tokyo
Meta announced new projects starting 2003-05-14,ORG,Meta
Microsoft announced new projects starting 1971-12-21,ORG,Microsoft
Tokyo will host the event in 1998-03-04,GPE,Tokyo
Alex works at Microsoft in New York since 1993-12-31,PERSON,Alex
Alex works at Microsoft in New York since 1993-12-31,ORG,Microsoft
The meeting with Mary from Meta is scheduled for 1970-06-15,PERSON,Mary
The meeting with Mary from Meta is scheduled for 1970-06-15,ORG,Meta
Google announced new projects starting 1982-03-06,ORG,Google
Alex attended a conference on 1987-04-06,PERSON,Alex
Microsoft announced new projects starting 2011-06-05,ORG,Microsoft
Microsoft announced new projects starting 2019-01-21,ORG,Microsoft
Microsoft announced new projects starting 1971-06-24,ORG,Microsoft
Tokyo will host the event in 1985-06-15,GPE,Tokyo
Alex works at Google in Paris since 2007-10-23,PERSON,Alex
Alex works at Google in Paris since 2007-10-23,ORG,Google
Alex works at Google in Paris since 2007-10-23,GPE,Paris
John works at Google in Tokyo since 2016-01-13,PERSON,John
John works at Google in Tokyo since 2016-01-13,ORG,Google
John works at Google in Tokyo since 2016-01-13,GPE,Tokyo
Sara attended a conference on 1973-10-10,PERSON,Sara
John attended a conference on 1991-03-19,PERSON,John
The meeting with Alex from Meta is scheduled for 1992-09-11,PERSON,Alex
The meeting with Alex from Meta is scheduled for 1992-09-11,ORG,Meta
Alex works at Meta in Tokyo since 1985-10-22,PERSON,Alex
Alex works at Meta in Tokyo since 1985-10-22,ORG,Meta
Alex works at Meta in Tokyo since 1985-10-22,GPE,Tokyo
The meeting with Alex from Meta is scheduled for 2007-07-15,PERSON,Alex
The meeting with Alex from Meta is scheduled for 2007-07-15,ORG,Meta
Alex attended a conference on 2012-12-30,PERSON,Alex
Tokyo will host the event in 1994-04-30,GPE,Tokyo
Paris will host the event in 1973-04-06,GPE,Paris
Paris will host the event in 1981-10-24,GPE,Paris
John works at Meta in New York since 2008-10-30,PERSON,John
John works at Meta in New York since 2008-10-30,ORG,Meta
John works at Amazon in London since 1982-12-09,PERSON,John
John works at Amazon in London since 1982-12-09,ORG,Amazon
John works at Amazon in London since 1982-12-09,GPE,London
Alex works at Microsoft in Tokyo since 1999-11-02,PERSON,Alex
Alex works at Microsoft in Tokyo since 1999-11-02,ORG,Microsoft
Alex works at Microsoft in Tokyo since 1999-11-02,GPE,Tokyo
Mary attended a conference on 1995-10-20,PERSON,Mary
Microsoft announced new projects starting 1983-05-14,ORG,Microsoft
Google announced new projects starting 2002-01-11,ORG,Google
Paris will host the event in 2016-06-24,GPE,Paris
Alex attended a conference on 2021-06-02,PERSON,Alex
Alex works at Microsoft in London since 2022-02-19,PERSON,Alex
Alex works at Microsoft in London since 2022-02-19,ORG,Microsoft
Alex works at Microsoft in London since 2022-02-19,GPE,London
Microsoft announced new projects starting 1994-01-04,ORG,Microsoft
The meeting with Sara from Amazon is scheduled for 2014-06-16,PERSON,Sara
The meeting with Sara from Amazon is scheduled for 2014-06-16,ORG,Amazon
Sara attended a conference on 2023-09-13,PERSON,Sara
The meeting with John from Meta is scheduled for 1995-10-12,PERSON,John
The meeting with John from Meta is scheduled for 1995-10-12,ORG,Meta
Microsoft announced new projects starting 1975-08-13,ORG,Microsoft
Sara attended a conference on 2018-09-11,PERSON,Sara
Sara attended a conference on 2004-02-17,PERSON,Sara
Google announced new projects starting 2017-06-15,ORG,Google
Paris will host the event in 2014-03-12,GPE,Paris
John attended a conference on 1973-07-03,PERSON,John
The meeting with Alex from Google is scheduled for 2020-03-01,PERSON,Alex
The meeting with Alex from Google is scheduled for 2020-03-01,ORG,Google
Amazon announced new projects starting 1986-05-09,ORG,Amazon
Mary works at Google in Paris since 2006-07-03,PERSON,Mary
Mary works at Google in Paris since 2006-07-03,ORG,Google
Mary works at Google in Paris since 2006-07-03,GPE,Paris
Mary attended a conference on 2016-01-24,PERSON,Mary
Microsoft announced new projects starting 1993-02-13,ORG,Microsoft
Paris will host the event in 1991-08-18,GPE,Paris
The meeting with Alex from Microsoft is scheduled for 2012-03-13,PERSON,Alex
The meeting with Alex from Microsoft is scheduled for 2012-03-13,ORG,Microsoft
The meeting with Alex from Meta is scheduled for 1999-03-09,PERSON,Alex
The meeting with Alex from Meta is scheduled for 1999-03-09,ORG,Meta
The meeting with Alex from Meta is scheduled for 1981-08-01,PERSON,Alex
The meeting with Alex from Meta is scheduled for 1981-08-01,ORG,Meta
John attended a conference on 1970-06-16,PERSON,John
Mary works at Amazon in New York since 1986-03-23,PERSON,Mary
Mary works at Amazon in New York since 1986-03-23,ORG,Amazon
Tokyo will host the event in 1993-12-18,GPE,Tokyo
Alex attended a conference on 2018-06-18,PERSON,Alex
The meeting with John from Microsoft is scheduled for 2008-12-20,PERSON,John
The meeting with John from Microsoft is scheduled for 2008-12-20,ORG,Microsoft
Tokyo will host the event in 1996-06-01,GPE,Tokyo
The meeting with Alex from Amazon is scheduled for 1998-11-03,PERSON,Alex
The meeting with Alex from Amazon is scheduled for 1998-11-03,ORG,Amazon
The meeting with Sara from Amazon is scheduled for 2018-11-06,PERSON,Sara
The meeting with Sara from Amazon is scheduled for 2018-11-06,ORG,Amazon
The meeting with Alex from Amazon is scheduled for 2022-09-02,PERSON,Alex
The meeting with Alex from Amazon is scheduled for 2022-09-02,ORG,Amazon
Amazon announced new projects starting 1976-09-02,ORG,Amazon
Sara works at Microsoft in New York since 2014-02-26,PERSON,Sara
Sara works at Microsoft in New York since 2014-02-26,ORG,Microsoft
The meeting with Mary from Microsoft is scheduled for 2012-12-20,PERSON,Mary
The meeting with Mary from Microsoft is scheduled for 2012-12-20,ORG,Microsoft
The meeting with Mary from Google is scheduled for 2007-10-01,PERSON,Mary
The meeting with Mary from Google is scheduled for 2007-10-01,ORG,Google
Amazon announced new projects starting 1984-03-18,ORG,Amazon
London will host the event in 1982-02-20,GPE,London
Meta announced new projects starting 1998-02-06,ORG,Meta
Amazon announced new projects starting 1990-09-29,ORG,Amazon
Amazon announced new projects starting 1972-03-12,ORG,Amazon
Alex works at Amazon in Tokyo since 2008-05-19,PERSON,Alex
Alex works at Amazon in Tokyo since 2008-05-19,ORG,Amazon
Alex works at Amazon in Tokyo since 2008-05-19,GPE,Tokyo
Amazon announced new projects starting 1977-03-20,ORG,Amazon
Sara works at Google in New York since 2022-12-14,PERSON,Sara
Sara works at Google in New York since 2022-12-14,ORG,Google
Sara works at Google in London since 1990-02-18,PERSON,Sara
Sara works at Google in London since 1990-02-18,ORG,Google
Sara works at Google in London since 1990-02-18,GPE,London
The meeting with Mary from Amazon is scheduled for 1992-05-21,PERSON,Mary
The meeting with Mary from Amazon is scheduled for 1992-05-21,ORG,Amazon
Microsoft announced new projects starting 1977-06-26,ORG,Microsoft
Meta announced new projects starting 1989-01-07,ORG,Meta
Sara works at Google in Tokyo since 2011-02-22,PERSON,Sara
Sara works at Google in Tokyo since 2011-02-22,ORG,Google
Sara works at Google in Tokyo since 2011-02-22,GPE,Tokyo
Mary attended a conference on 2001-07-28,PERSON,Mary
Microsoft announced new projects starting 2011-05-17,ORG,Microsoft
John works at Amazon in Paris since 2003-08-10,PERSON,John
John works at Amazon in Paris since 2003-08-10,ORG,Amazon
John works at Amazon in Paris since 2003-08-10,GPE,Paris
John works at Google in Tokyo since 2014-05-30,PERSON,John
John works at Google in Tokyo since 2014-05-30,ORG,Google
John works at Google in Tokyo since 2014-05-30,GPE,Tokyo
The meeting with Alex from Google is scheduled for 2019-08-10,PERSON,Alex
The meeting with Alex from Google is scheduled for 2019-08-10,ORG,Google
Meta announced new projects starting 2021-11-20,ORG,Meta
John attended a conference on 2002-02-05,PERSON,John
Paris will host the event in 2000-08-21,GPE,Paris
Microsoft announced new projects starting 1985-03-10,ORG,Microsoft
Sara works at Google in Paris since 2020-04-01,PERSON,Sara
Sara works at Google in Paris since 2020-04-01,ORG,Google
Sara works at Google in Paris since 2020-04-01,GPE,Paris
Tokyo will host the event in 1994-06-20,GPE,Tokyo
The meeting with Sara from Amazon is scheduled for 1972-10-29,PERSON,Sara
The meeting with Sara from Amazon is scheduled for 1972-10-29,ORG,Amazon
The meeting with Alex from Amazon is scheduled for 2003-05-26,PERSON,Alex
The meeting with Alex from Amazon is scheduled for 2003-05-26,ORG,Amazon
Google announced new projects starting 1971-08-03,ORG,Google
Alex attended a conference on 1971-11-24,PERSON,Alex
The meeting with Sara from Amazon is scheduled for 1976-03-09,PERSON,Sara
The meeting with Sara from Amazon is scheduled for 1976-03-09,ORG,Amazon
London will host the event in 1986-07-10,GPE,London
Alex works at Google in Paris since 1999-09-28,PERSON,Alex
Alex works at Google in Paris since 1999-09-28,ORG,Google
Alex works at Google in Paris since 1999-09-28,GPE,Paris
The meeting with Sara from Meta is scheduled for 2021-12-04,PERSON,Sara
The meeting with Sara from Meta is scheduled for 2021-12-04,ORG,Meta
Amazon announced new projects starting 2004-08-02,ORG,Amazon
Google announced new projects starting 2019-07-02,ORG,Google
Microsoft announced new projects starting 2018-10-22,ORG,Microsoft
Alex works at Amazon in Tokyo since 1986-02-01,PERSON,Alex
Alex works at Amazon in Tokyo since 1986-02-01,ORG,Amazon
Alex works at Amazon in Tokyo since 1986-02-01,GPE,Tokyo
Microsoft announced new projects starting 2012-05-21,ORG,Microsoft
Sara attended a conference on 1995-07-26,PERSON,Sara
The meeting with Sara from Amazon is scheduled for 2017-09-08,PERSON,Sara
The meeting with Sara from Amazon is scheduled for 2017-09-08,ORG,Amazon
John attended a conference on 1977-09-02,PERSON,John
Amazon announced new projects starting 1992-05-10,ORG,Amazon
Mary attended a conference on 2015-09-11,PERSON,Mary
Tokyo will host the event in 1978-04-30,GPE,Tokyo
The meeting with Alex from Google is scheduled for 2021-10-03,PERSON,Alex
The meeting with Alex from Google is scheduled for 2021-10-03,ORG,Google
Meta announced new projects starting 2002-01-03,ORG,Meta
Mary attended a conference on 2002-10-13,PERSON,Mary
Microsoft announced new projects starting 1975-11-10,ORG,Microsoft
Sara attended a conference on 2023-01-07,PERSON,Sara
Meta announced new projects starting 1998-02-08,ORG,Meta
Microsoft announced new projects starting 1979-02-01,ORG,Microsoft
The meeting with Mary from Meta is scheduled for 1980-10-06,PERSON,Mary
The meeting with Mary from Meta is scheduled for 1980-10-06,ORG,Meta
Meta announced new projects starting 2017-08-03,ORG,Meta
Amazon announced new projects starting 1973-11-25,ORG,Amazon
Mary works at Google in New York since 1981-12-15,PERSON,Mary
Mary works at Google in New York since 1981-12-15,ORG,Google
Meta announced new projects starting 2011-02-25,ORG,Meta
Amazon announced new projects starting 1974-06-14,ORG,Amazon
Sara works at Microsoft in Tokyo since 1980-02-04,PERSON,Sara
Sara works at Microsoft in Tokyo since 1980-02-04,ORG,Microsoft
Sara works at Microsoft in Tokyo since 1980-02-04,GPE,Tokyo
Mary attended a conference on 2010-08-31,PERSON,Mary
Alex works at Meta in Paris since 1994-03-05,PERSON,Alex
Alex works at Meta in Paris since 1994-03-05,ORG,Meta
Alex works at Meta in Paris since 1994-03-05,GPE,Paris
Sara works at Google in Tokyo since 1970-06-22,PERSON,Sara
Sara works at Google in Tokyo since 1970-06-22,ORG,Google
Sara works at Google in Tokyo since 1970-06-22,GPE,Tokyo
Mary attended a conference on 2020-08-16,PERSON,Mary
Microsoft announced new projects starting 1983-09-18,ORG,Microsoft
Amazon announced new projects starting 1995-09-24,ORG,Amazon
Sara works at Meta in New York since 2000-09-24,PERSON,Sara
Sara works at Meta in New York since 2000-09-24,ORG,Meta
The meeting with Sara from Google is scheduled for 2011-08-10,PERSON,Sara
The meeting with Sara from Google is scheduled for 2011-08-10,ORG,Google
Tokyo will host the event in 1989-07-04,GPE,Tokyo
John attended a conference on 1989-10-15,PERSON,John
John works at Meta in Tokyo since 2011-09-20,PERSON,John
John works at Meta in Tokyo since 2011-09-20,ORG,Meta
John works at Meta in Tokyo since 2011-09-20,GPE,Tokyo
Sara works at Google in Tokyo since 1999-11-08,PERSON,Sara
Sara works at Google in Tokyo since 1999-11-08,ORG,Google
Sara works at Google in Tokyo since 1999-11-08,GPE,Tokyo
John attended a conference on 1991-03-26,PERSON,John
Mary attended a conference on 1977-02-24,PERSON,Mary
Google announced new projects starting 1992-07-21,ORG,Google
John works at Google in Paris since 2011-12-10,PERSON,John
John works at Google in Paris since 2011-12-10,ORG,Google
John works at Google in Paris since 2011-12-10,GPE,Paris
Tokyo will host the event in 1975-03-21,GPE,Tokyo
Sara attended a conference on 1970-08-18,PERSON,Sara
London will host the event in 1970-09-08,GPE,London
The meeting with Mary from Microsoft is scheduled for 1973-05-14,PERSON,Mary
The meeting with Mary from Microsoft is scheduled for 1973-05-14,ORG,Microsoft
Paris will host the event in 2019-05-18,GPE,Paris
The meeting with Sara from Amazon is scheduled for 2009-09-23,PERSON,Sara
The meeting with Sara from Amazon is scheduled for 2009-09-23,ORG,Amazon
Sara attended a conference on 1991-09-27,PERSON,Sara
The meeting with Alex from Google is scheduled for 1978-02-13,PERSON,Alex
The meeting with Alex from Google is scheduled for 1978-02-13,ORG,Google
Tokyo will host the event in 1987-04-11,GPE,Tokyo
The meeting with Alex from Microsoft is scheduled for 2009-08-04,PERSON,Alex
The meeting with Alex from Microsoft is scheduled for 2009-08-04,ORG,Microsoft
Meta announced new projects starting 1979-07-19,ORG,Meta
London will host the event in 1986-09-08,GPE,London
Sara works at Google in London since 1978-03-11,PERSON,Sara
Sara works at Google in London since 1978-03-11,ORG,Google
Sara works at Google in London since 1978-03-11,GPE,London
Sara works at Microsoft in Paris since 1977-07-30,PERSON,Sara
Sara works at Microsoft in Paris since 1977-07-30,ORG,Microsoft
Sara works at Microsoft in Paris since 1977-07-30,GPE,Paris
Sara works at Microsoft in London since 2024-05-11,PERSON,Sara
Sara works at Microsoft in London since 2024-05-11,ORG,Microsoft
Sara works at Microsoft in London since 2024-05-11,GPE,London
Amazon announced new projects starting 1989-07-10,ORG,Amazon
The meeting with John from Microsoft is scheduled for 1999-08-08,PERSON,John
The meeting with John from Microsoft is scheduled for 1999-08-08,ORG,Microsoft
Alex attended a conference on 2009-06-13,PERSON,Alex
Meta announced new projects starting 2012-08-10,ORG,Meta
Alex works at Amazon in New York since 1980-03-24,PERSON,Alex
Alex works at Amazon in New York since 1980-03-24,ORG,Amazon
Alex works at Meta in London since 2001-12-09,PERSON,Alex
Alex works at Meta in London since 2001-12-09,ORG,Meta
Alex works at Meta in London since 2001-12-09,GPE,London
Sara attended a conference on 1997-05-29,PERSON,Sara
Alex works at Google in New York since 1992-07-29,PERSON,Alex
Alex works at Google in New York since 1992-07-29,ORG,Google
Paris will host the event in 1984-06-14,GPE,Paris
Paris will host the event in 1982-03-19,GPE,Paris
Amazon announced new projects starting 2000-04-05,ORG,Amazon
The meeting with Sara from Microsoft is scheduled for 1986-10-30,PERSON,Sara
The meeting with Sara from Microsoft is scheduled for 1986-10-30,ORG,Microsoft
Amazon announced new projects starting 1992-09-07,ORG,Amazon
Sara attended a conference on 2003-03-04,PERSON,Sara
John works at Amazon in New York since 2015-05-12,PERSON,John
John works at Amazon in New York since 2015-05-12,ORG,Amazon
The meeting with Alex from Google is scheduled for 2000-02-24,PERSON,Alex
The meeting with Alex from Google is scheduled for 2000-02-24,ORG,Google
The meeting with Sara from Microsoft is scheduled for 1977-12-20,PERSON,Sara
The meeting with Sara from Microsoft is scheduled for 1977-12-20,ORG,Microsoft
The meeting with John from Microsoft is scheduled for 2004-04-30,PERSON,John
The meeting with John from Microsoft is scheduled for 2004-04-30,ORG,Microsoft
Microsoft announced new projects starting 2003-08-26,ORG,Microsoft
The meeting with John from Microsoft is scheduled for 1974-09-11,PERSON,John
The meeting with John from Microsoft is scheduled for 1974-09-11,ORG,Microsoft
Mary works at Amazon in New York since 2004-04-14,PERSON,Mary
Mary works at Amazon in New York since 2004-04-14,ORG,Amazon
Paris will host the event in 1991-06-02,GPE,Paris
Sara attended a conference on 1994-11-28,PERSON,Sara
John works at Meta in New York since 1975-11-27,PERSON,John
John works at Meta in New York since 1975-11-27,ORG,Meta
John works at Amazon in New York since 1982-04-09,PERSON,John
John works at Amazon in New York since 1982-04-09,ORG,Amazon
Paris will host the event in 2020-07-16,GPE,Paris
Paris will host the event in 1988-07-24,GPE,Paris
Mary works at Amazon in Paris since 1985-12-05,PERSON,Mary
Mary works at Amazon in Paris since 1985-12-05,ORG,Amazon
Mary works at Amazon in Paris since 1985-12-05,GPE,Paris
Sara attended a conference on 1999-10-23,PERSON,Sara
Alex attended a conference on 2021-08-03,PERSON,Alex
Tokyo will host the event in 1998-03-15,GPE,Tokyo
The meeting with Alex from Meta is scheduled for 1994-04-15,PERSON,Alex
The meeting with Alex from Meta is scheduled for 1994-04-15,ORG,Meta
London will host the event in 2024-10-04,GPE,London
Alex attended a conference on 2014-06-13,PERSON,Alex
The meeting with Mary from Microsoft is scheduled for 1991-04-26,PERSON,Mary
The meeting with Mary from Microsoft is scheduled for 1991-04-26,ORG,Microsoft
Google announced new projects starting 1978-12-04,ORG,Google
Meta announced new projects starting 2013-12-29,ORG,Meta
Meta announced new projects starting 1991-07-14,ORG,Meta
The meeting with Sara from Microsoft is scheduled for 1999-09-27,PERSON,Sara
The meeting with Sara from Microsoft is scheduled for 1999-09-27,ORG,Microsoft
The meeting with Sara from Amazon is scheduled for 2002-04-28,PERSON,Sara
The meeting with Sara from Amazon is scheduled for 2002-04-28,ORG,Amazon
John attended a conference on 1975-10-18,PERSON,John
The meeting with John from Amazon is scheduled for 1993-03-20,PERSON,John
The meeting with John from Amazon is scheduled for 1993-03-20,ORG,Amazon
Mary attended a conference on 1985-05-21,PERSON,Mary
Alex attended a conference on 2006-01-09,PERSON,Alex
The meeting with Mary from Microsoft is scheduled for 1985-10-18,PERSON,Mary
The meeting with Mary from Microsoft is scheduled for 1985-10-18,ORG,Microsoft
Microsoft announced new projects starting 2002-05-12,ORG,Microsoft
Alex attended a conference on 2014-06-04,PERSON,Alex
The meeting with Sara from Amazon is scheduled for 1991-10-25,PERSON,Sara
The meeting with Sara from Amazon is scheduled for 1991-10-25,ORG,Amazon
London will host the event in 1984-12-15,GPE,London
London will host the event in 2004-09-27,GPE,London
The meeting with Sara from Google is scheduled for 2021-01-26,PERSON,Sara
The meeting with Sara from Google is scheduled for 2021-01-26,ORG,Google
Paris will host the event in 2018-08-30,GPE,Paris
Tokyo will host the event in 1972-12-14,GPE,Tokyo
John works at Meta in New York since 2024-01-07,PERSON,John
John works at Meta in New York since 2024-01-07,ORG,Meta
Amazon announced new projects starting 2010-05-06,ORG,Amazon
The meeting with John from Meta is scheduled for 2012-08-25,PERSON,John
The meeting with John from Meta is scheduled for 2012-08-25,ORG,Meta
Sara attended a conference on 1997-09-13,PERSON,Sara
The meeting with Alex from Google is scheduled for 1971-02-27,PERSON,Alex
The meeting with Alex from Google is scheduled for 1971-02-27,ORG,Google
Microsoft announced new projects starting 2002-06-13,ORG,Microsoft
Microsoft announced new projects starting 1970-04-20,ORG,Microsoft
Meta announced new projects starting 2003-04-11,ORG,Meta
The meeting with Mary from Amazon is scheduled for 2020-05-20,PERSON,Mary
The meeting with Mary from Amazon is scheduled for 2020-05-20,ORG,Amazon
The meeting with Sara from Microsoft is scheduled for 2008-03-31,PERSON,Sara
The meeting with Sara from Microsoft is scheduled for 2008-03-31,ORG,Microsoft
Google announced new projects starting 2010-08-19,ORG,Google
London will host the event in 1978-08-06,GPE,London
Amazon announced new projects starting 1971-07-10,ORG,Amazon
Meta announced new projects starting 1973-04-24,ORG,Meta
Google announced new projects starting 1979-11-14,ORG,Google
Meta announced new projects starting 1971-03-25,ORG,Meta
The meeting with Mary from Amazon is scheduled for 2007-05-26,PERSON,Mary
The meeting with Mary from Amazon is scheduled for 2007-05-26,ORG,Amazon
London will host the event in 1990-06-08,GPE,London
John works at Microsoft in New York since 1973-04-06,PERSON,John
John works at Microsoft in New York since 1973-04-06,ORG,Microsoft
Amazon announced new projects starting 2021-05-14,ORG,Amazon
John works at Meta in Tokyo since 1986-04-22,PERSON,John
John works at Meta in Tokyo since 1986-04-22,ORG,Meta
John works at Meta in Tokyo since 1986-04-22,GPE,Tokyo
The meeting with Sara from Meta is scheduled for 1985-02-20,PERSON,Sara
The meeting with Sara from Meta is scheduled for 1985-02-20,ORG,Meta
Google announced new projects starting 1981-06-20,ORG,Google
Mary attended a conference on 1978-12-29,PERSON,Mary
John works at Amazon in Tokyo since 1976-04-18,PERSON,John
John works at Amazon in Tokyo since 1976-04-18,ORG,Amazon
John works at Amazon in Tokyo since 1976-04-18,GPE,Tokyo
Mary works at Microsoft in Paris since 2022-08-27,PERSON,Mary
Mary works at Microsoft in Paris since 2022-08-27,ORG,Microsoft
Mary works at Microsoft in Paris since 2022-08-27,GPE,Paris
Google announced new projects starting 1972-11-26,ORG,Google
John attended a conference on 2023-02-22,PERSON,John
London will host the event in 1972-12-10,GPE,London
The meeting with Mary from Amazon is scheduled for 1971-08-30,PERSON,Mary
The meeting with Mary from Amazon is scheduled for 1971-08-30,ORG,Amazon
Alex works at Google in Tokyo since 1994-12-13,PERSON,Alex
Alex works at Google in Tokyo since 1994-12-13,ORG,Google
Alex works at Google in Tokyo since 1994-12-13,GPE,Tokyo
John works at Microsoft in Tokyo since 1982-11-08,PERSON,John
John works at Microsoft in Tokyo since 1982-11-08,ORG,Microsoft
John works at Microsoft in Tokyo since 1982-11-08,GPE,Tokyo
Tokyo will host the event in 1994-05-19,GPE,Tokyo
Sara attended a conference on 1987-10-15,PERSON,Sara
The meeting with John from Amazon is scheduled for 2012-04-18,PERSON,John
The meeting with John from Amazon is scheduled for 2012-04-18,ORG,Amazon
Mary works at Google in Tokyo since 2014-11-28,PERSON,Mary
Mary works at Google in Tokyo since 2014-11-28,ORG,Google
Mary works at Google in Tokyo since 2014-11-28,GPE,Tokyo
London will host the event in 1988-10-25,GPE,London
Alex works at Amazon in New York since 2020-08-25,PERSON,Alex
Alex works at Amazon in New York since 2020-08-25,ORG,Amazon
Sara attended a conference on 2024-01-09,PERSON,Sara
The meeting with Alex from Amazon is scheduled for 2011-01-19,PERSON,Alex
The meeting with Alex from Amazon is scheduled for 2011-01-19,ORG,Amazon
The meeting with John from Meta is scheduled for 2017-05-22,PERSON,John
The meeting with John from Meta is scheduled for 2017-05-22,ORG,Meta
Amazon announced new projects starting 2010-10-04,ORG,Amazon
Google announced new projects starting 2020-01-06,ORG,Google
Alex works at Meta in London since 2014-11-10,PERSON,Alex
Alex works at Meta in London since 2014-11-10,ORG,Meta
Alex works at Meta in London since 2014-11-10,GPE,London
Alex works at Amazon in Tokyo since 1978-05-16,PERSON,Alex
Alex works at Amazon in Tokyo since 1978-05-16,ORG,Amazon
Alex works at Amazon in Tokyo since 1978-05-16,GPE,Tokyo
Sara attended a conference on 2012-06-14,PERSON,Sara
John works at Meta in Paris since 1984-09-08,PERSON,John
John works at Meta in Paris since 1984-09-08,ORG,Meta
John works at Meta in Paris since 1984-09-08,GPE,Paris
Paris will host the event in 1979-09-21,GPE,Paris
John attended a conference on 1997-07-21,PERSON,John
Mary works at Meta in Paris since 2024-06-11,PERSON,Mary
Mary works at Meta in Paris since 2024-06-11,ORG,Meta
Mary works at Meta in Paris since 2024-06-11,GPE,Paris
Mary works at Amazon in Tokyo since 1975-12-03,PERSON,Mary
Mary works at Amazon in Tokyo since 1975-12-03,ORG,Amazon
Mary works at Amazon in Tokyo since 1975-12-03,GPE,Tokyo
John works at Microsoft in London since 2002-05-02,PERSON,John
John works at Microsoft in London since 2002-05-02,ORG,Microsoft
John works at Microsoft in London since 2002-05-02,GPE,London
Sara works at Microsoft in Tokyo since 1971-03-12,PERSON,Sara
Sara works at Microsoft in Tokyo since 1971-03-12,ORG,Microsoft
Sara works at Microsoft in Tokyo since 1971-03-12,GPE,Tokyo
Paris will host the event in 2022-09-02,GPE,Paris
Tokyo will host the event in 1972-03-14,GPE,Tokyo
London will host the event in 2020-09-22,GPE,London
Mary attended a conference on 1972-10-31,PERSON,Mary
The meeting with Sara from Google is scheduled for 2005-04-13,PERSON,Sara
The meeting with Sara from Google is scheduled for 2005-04-13,ORG,Google
London will host the event in 2004-09-17,GPE,London
Amazon announced new projects starting 1993-08-10,ORG,Amazon
Microsoft announced new projects starting 1988-02-21,ORG,Microsoft
Sara works at Microsoft in London since 1981-02-18,PERSON,Sara
Sara works at Microsoft in London since 1981-02-18,ORG,Microsoft
Sara works at Microsoft in London since 1981-02-18,GPE,London
Mary attended a conference on 2000-12-11,PERSON,Mary
The meeting with Alex from Amazon is scheduled for 1986-01-23,PERSON,Alex
The meeting with Alex from Amazon is scheduled for 1986-01-23,ORG,Amazon
Sara works at Google in London since 2000-02-25,PERSON,Sara
Sara works at Google in London since 2000-02-25,ORG,Google
Sara works at Google in London since 2000-02-25,GPE,London
The meeting with Sara from Google is scheduled for 2019-05-03,PERSON,Sara
The meeting with Sara from Google is scheduled for 2019-05-03,ORG,Google
Alex attended a conference on 1988-01-31,PERSON,Alex
Sara works at Meta in New York since 1985-08-24,PERSON,Sara
Sara works at Meta in New York since 1985-08-24,ORG,Meta
London will host the event in 2005-06-29,GPE,London
Tokyo will host the event in 1973-03-15,GPE,Tokyo
Tokyo will host the event in 1983-02-04,GPE,Tokyo
Meta announced new projects starting 2004-12-06,ORG,Meta
Sara attended a conference on 1982-12-31,PERSON,Sara
John works at Amazon in New York since 2005-02-16,PERSON,John
John works at Amazon in New York since 2005-02-16,ORG,Amazon
John attended a conference on 1979-11-18,PERSON,John
Tokyo will host the event in 2024-03-09,GPE,Tokyo
The meeting with Sara from Microsoft is scheduled for 2021-10-20,PERSON,Sara
The meeting with Sara from Microsoft is scheduled for 2021-10-20,ORG,Microsoft
The meeting with Mary from Google is scheduled for 2020-11-16,PERSON,Mary
The meeting with Mary from Google is scheduled for 2020-11-16,ORG,Google
The meeting with Sara from Google is scheduled for 2022-09-10,PERSON,Sara
The meeting with Sara from Google is scheduled for 2022-09-10,ORG,Google
John works at Meta in Tokyo since 2022-06-06,PERSON,John
John works at Meta in Tokyo since 2022-06-06,ORG,Meta
John works at Meta in Tokyo since 2022-06-06,GPE,Tokyo
The meeting with Alex from Microsoft is scheduled for 1978-04-29,PERSON,Alex
The meeting with Alex from Microsoft is scheduled for 1978-04-29,ORG,Microsoft
John works at Google in Tokyo since 2011-04-23,PERSON,John
John works at Google in Tokyo since 2011-04-23,ORG,Google
John works at Google in Tokyo since 2011-04-23,GPE,Tokyo
Mary attended a conference on 1975-08-06,PERSON,Mary
Meta announced new projects starting 2020-01-24,ORG,Meta
Mary works at Amazon in London since 1995-04-15,PERSON,Mary
Mary works at Amazon in London since 1995-04-15,ORG,Amazon
Mary works at Amazon in London since 1995-04-15,GPE,London
Mary attended a conference on 2020-07-26,PERSON,Mary
The meeting with John from Meta is scheduled for 1994-08-07,PERSON,John
The meeting with John from Meta is scheduled for 1994-08-07,ORG,Meta
The meeting with Mary from Amazon is scheduled for 1973-03-07,PERSON,Mary
The meeting with Mary from Amazon is scheduled for 1973-03-07,ORG,Amazon
Microsoft announced new projects starting 2023-07-06,ORG,Microsoft
John attended a conference on 2004-02-20,PERSON,John
Alex attended a conference on 2020-03-11,PERSON,Alex
Paris will host the event in 2003-11-06,GPE,Paris
Alex attended a conference on 1976-10-15,PERSON,Alex
Alex works at Google in London since 2016-11-27,PERSON,Alex
Alex works at Google in London since 2016-11-27,ORG,Google
Alex works at Google in London since 2016-11-27,GPE,London
Paris will host the event in 1986-03-13,GPE,Paris
Sara attended a conference on 1994-03-12,PERSON,Sara
The meeting with Mary from Microsoft is scheduled for 2008-12-24,PERSON,Mary
The meeting with Mary from Microsoft is scheduled for 2008-12-24,ORG,Microsoft
Google announced new projects starting 1975-05-21,ORG,Google
Sara works at Amazon in New York since 1995-08-13,PERSON,Sara
Sara works at Amazon in New York since 1995-08-13,ORG,Amazon
Mary works at Google in Tokyo since 2011-05-04,PERSON,Mary
Mary works at Google in Tokyo since 2011-05-04,ORG,Google
Mary works at Google in Tokyo since 2011-05-04,GPE,Tokyo
John attended a conference on 2022-02-14,PERSON,John
Mary works at Amazon in Tokyo since 1973-10-08,PERSON,Mary
Mary works at Amazon in Tokyo since 1973-10-08,ORG,Amazon
Mary works at Amazon in Tokyo since 1973-10-08,GPE,Tokyo
Microsoft announced new projects starting 1984-02-06,ORG,Microsoft
Meta announced new projects starting 2017-10-19,ORG,Meta
Sara works at Google in Tokyo since 1993-09-08,PERSON,Sara
Sara works at Google in Tokyo since 1993-09-08,ORG,Google
Sara works at Google in Tokyo since 1993-09-08,GPE,Tokyo
Paris will host the event in 1997-05-15,GPE,Paris
Microsoft announced new projects starting 1970-08-30,ORG,Microsoft
Amazon announced new projects starting 1999-07-13,ORG,Amazon
London will host the event in 1991-08-24,GPE,London
Microsoft announced new projects starting 1987-11-13,ORG,Microsoft
Google announced new projects starting 1981-05-23,ORG,Google
Amazon announced new projects starting 2019-07-18,ORG,Amazon
Alex works at Microsoft in Paris since 2019-11-20,PERSON,Alex
Alex works at Microsoft in Paris since 2019-11-20,ORG,Microsoft
Alex works at Microsoft in Paris since 2019-11-20,GPE,Paris
Sara attended a conference on 1996-07-22,PERSON,Sara
Tokyo will host the event in 1978-11-28,GPE,Tokyo
The meeting with Mary from Amazon is scheduled for 2000-11-21,PERSON,Mary
The meeting with Mary from Amazon is scheduled for 2000-11-21,ORG,Amazon
Mary works at Microsoft in London since 2009-01-27,PERSON,Mary
Mary works at Microsoft in London since 2009-01-27,ORG,Microsoft
Mary works at Microsoft in London since 2009-01-27,GPE,London
London will host the event in 1980-04-06,GPE,London
Sara attended a conference on 1986-11-10,PERSON,Sara
London will host the event in 1982-04-08,GPE,London
Alex works at Meta in Tokyo since 1981-02-28,PERSON,Alex
Alex works at Meta in Tokyo since 1981-02-28,ORG,Meta
Alex works at Meta in Tokyo since 1981-02-28,GPE,Tokyo
London will host the event in 1999-03-25,GPE,London
John works at Meta in London since 1981-06-18,PERSON,John
John works at Meta in London since 1981-06-18,ORG,Meta
John works at Meta in London since 1981-06-18,GPE,London
Sara works at Meta in Paris since 2015-08-31,PERSON,Sara
Sara works at Meta in Paris since 2015-08-31,ORG,Meta
Sara works at Meta in Paris since 2015-08-31,GPE,Paris
Alex attended a conference on 1990-06-09,PERSON,Alex
The meeting with Sara from Meta is scheduled for 2008-11-30,PERSON,Sara
The meeting with Sara from Meta is scheduled for 2008-11-30,ORG,Meta
Microsoft announced new projects starting 1975-12-08,ORG,Microsoft
John attended a conference on 2004-05-28,PERSON,John
Mary works at Google in Tokyo since 1985-05-14,PERSON,Mary
Mary works at Google in Tokyo since 1985-05-14,ORG,Google
Mary works at Google in Tokyo since 1985-05-14,GPE,Tokyo
Alex attended a conference on 1975-03-30,PERSON,Alex
The meeting with John from Amazon is scheduled for 1970-11-25,PERSON,John
The meeting with John from Amazon is scheduled for 1970-11-25,ORG,Amazon
Alex attended a conference on 2004-01-02,PERSON,Alex
Mary attended a conference on 2013-06-18,PERSON,Mary
Alex attended a conference on 1991-02-24,PERSON,Alex
Mary works at Meta in Paris since 1987-06-25,PERSON,Mary
Mary works at Meta in Paris since 1987-06-25,ORG,Meta
Mary works at Meta in Paris since 1987-06-25,GPE,Paris
Sara works at Meta in Paris since 2024-03-03,PERSON,Sara
Sara works at Meta in Paris since 2024-03-03,ORG,Meta
Sara works at Meta in Paris since 2024-03-03,GPE,Paris
The meeting with Alex from Google is scheduled for 1970-11-25,PERSON,Alex
The meeting with Alex from Google is scheduled for 1970-11-25,ORG,Google
Sara works at Google in Paris since 1970-11-13,PERSON,Sara
Sara works at Google in Paris since 1970-11-13,ORG,Google
Sara works at Google in Paris since 1970-11-13,GPE,Paris
Meta announced new projects starting 2020-05-19,ORG,Meta
Paris will host the event in 1973-08-18,GPE,Paris
The meeting with Alex from Amazon is scheduled for 2000-11-12,PERSON,Alex
The meeting with Alex from Amazon is scheduled for 2000-11-12,ORG,Amazon
The meeting with Alex from Amazon is scheduled for 1990-10-19,PERSON,Alex
The meeting with Alex from Amazon is scheduled for 1990-10-19,ORG,Amazon
The meeting with Alex from Google is scheduled for 2002-01-30,PERSON,Alex
The meeting with Alex from Google is scheduled for 2002-01-30,ORG,Google
Mary works at Google in Paris since 1982-12-23,PERSON,Mary
Mary works at Google in Paris since 1982-12-23,ORG,Google
Mary works at Google in Paris since 1982-12-23,GPE,Paris
The meeting with Mary from Meta is scheduled for 1986-06-20,PERSON,Mary
The meeting with Mary from Meta is scheduled for 1986-06-20,ORG,Meta
Mary attended a conference on 2024-04-06,PERSON,Mary
Tokyo will host the event in 2013-11-08,GPE,Tokyo
Alex attended a conference on 1988-06-09,PERSON,Alex
Sara attended a conference on 2005-10-01,PERSON,Sara
London will host the event in 2011-10-30,GPE,London
Microsoft announced new projects starting 2011-04-02,ORG,Microsoft
The meeting with Alex from Google is scheduled for 2018-11-09,PERSON,Alex
The meeting with Alex from Google is scheduled for 2018-11-09,ORG,Google
Sara works at Amazon in New York since 2019-09-12,PERSON,Sara
Sara works at Amazon in New York since 2019-09-12,ORG,Amazon
Alex works at Microsoft in Tokyo since 1976-10-25,PERSON,Alex
Alex works at Microsoft in Tokyo since 1976-10-25,ORG,Microsoft
Alex works at Microsoft in Tokyo since 1976-10-25,GPE,Tokyo
The meeting with Sara from Google is scheduled for 2024-01-19,PERSON,Sara
The meeting with Sara from Google is scheduled for 2024-01-19,ORG,Google
Meta announced new projects starting 1999-10-18,ORG,Meta
Google announced new projects starting 2012-04-12,ORG,Google
Microsoft announced new projects starting 1978-12-13,ORG,Microsoft
Sara works at Microsoft in London since 2013-10-29,PERSON,Sara
Sara works at Microsoft in London since 2013-10-29,ORG,Microsoft
Sara works at Microsoft in London since 2013-10-29,GPE,London
Microsoft announced new projects starting 2021-12-16,ORG,Microsoft
Alex works at Meta in New York since 2021-02-23,PERSON,Alex
Alex works at Meta in New York since 2021-02-23,ORG,Meta
The meeting with Sara from Amazon is scheduled for 1991-10-16,PERSON,Sara
The meeting with Sara from Amazon is scheduled for 1991-10-16,ORG,Amazon
Paris will host the event in 2014-08-23,GPE,Paris
Sara attended a conference on 2013-05-14,PERSON,Sara
Mary works at Meta in Paris since 1983-08-18,PERSON,Mary
Mary works at Meta in Paris since 1983-08-18,ORG,Meta
Mary works at Meta in Paris since 1983-08-18,GPE,Paris
Amazon announced new projects starting 1977-08-01,ORG,Amazon
Sara works at Amazon in London since 1988-04-09,PERSON,Sara
Sara works at Amazon in London since 1988-04-09,ORG,Amazon
Sara works at Amazon in London since 1988-04-09,GPE,London
John works at Meta in Paris since 1989-08-15,PERSON,John
John works at Meta in Paris since 1989-08-15,ORG,Meta
John works at Meta in Paris since 1989-08-15,GPE,Paris
The meeting with Alex from Amazon is scheduled for 2003-12-30,PERSON,Alex
The meeting with Alex from Amazon is scheduled for 2003-12-30,ORG,Amazon
John attended a conference on 2002-06-30,PERSON,John
Google announced new projects starting 1997-06-04,ORG,Google
Alex attended a conference on 1984-11-23,PERSON,Alex
Meta announced new projects starting 2018-09-03,ORG,Meta
Tokyo will host the event in 2007-02-14,GPE,Tokyo
Amazon announced new projects starting 1997-11-16,ORG,Amazon
The meeting with Sara from Google is scheduled for 2011-03-02,PERSON,Sara
The meeting with Sara from Google is scheduled for 2011-03-02,ORG,Google
John attended a conference on 1990-12-16,PERSON,John
Sara works at Meta in Paris since 1989-12-04,PERSON,Sara
Sara works at Meta in Paris since 1989-12-04,ORG,Meta
Sara works at Meta in Paris since 1989-12-04,GPE,Paris
John works at Microsoft in London since 2001-02-21,PERSON,John
John works at Microsoft in London since 2001-02-21,ORG,Microsoft
John works at Microsoft in London since 2001-02-21,GPE,London
The meeting with Mary from Google is scheduled for 2000-01-27,PERSON,Mary
The meeting with Mary from Google is scheduled for 2000-01-27,ORG,Google
The meeting with Mary from Microsoft is scheduled for 1980-04-20,PERSON,Mary
The meeting with Mary from Microsoft is scheduled for 1980-04-20,ORG,Microsoft
Microsoft announced new projects starting 2004-09-13,ORG,Microsoft
Sara works at Microsoft in New York since 1990-12-19,PERSON,Sara
Sara works at Microsoft in New York since 1990-12-19,ORG,Microsoft
The meeting with Mary from Amazon is scheduled for 2000-05-19,PERSON,Mary
The meeting with Mary from Amazon is scheduled for 2000-05-19,ORG,Amazon
Sara attended a conference on 2000-06-11,PERSON,Sara
The meeting with Sara from Meta is scheduled for 2016-06-26,PERSON,Sara
The meeting with Sara from Meta is scheduled for 2016-06-26,ORG,Meta
The meeting with Alex from Meta is scheduled for 1984-07-31,PERSON,Alex
The meeting with Alex from Meta is scheduled for 1984-07-31,ORG,Meta
Microsoft announced new projects starting 1990-07-28,ORG,Microsoft
London will host the event in 2018-06-20,GPE,London
Microsoft announced new projects starting 1989-07-27,ORG,Microsoft
The meeting with Alex from Google is scheduled for 1987-02-15,PERSON,Alex
The meeting with Alex from Google is scheduled for 1987-02-15,ORG,Google
John attended a conference on 2024-10-27,PERSON,John
Google announced new projects starting 2002-01-02,ORG,Google
Meta announced new projects starting 1988-09-25,ORG,Meta
Sara works at Meta in New York since 1990-03-03,PERSON,Sara
Sara works at Meta in New York since 1990-03-03,ORG,Meta
The meeting with Mary from Meta is scheduled for 1992-09-27,PERSON,Mary
The meeting with Mary from Meta is scheduled for 1992-09-27,ORG,Meta
Mary works at Google in London since 2005-12-11,PERSON,Mary
Mary works at Google in London since 2005-12-11,ORG,Google
Mary works at Google in London since 2005-12-11,GPE,London
The meeting with John from Google is scheduled for 2022-07-08,PERSON,John
The meeting with John from Google is scheduled for 2022-07-08,ORG,Google
London will host the event in 2008-02-16,GPE,London
John works at Meta in New York since 2014-05-04,PERSON,John
John works at Meta in New York since 2014-05-04,ORG,Meta
Google announced new projects starting 1973-06-26,ORG,Google
Paris will host the event in 1980-03-08,GPE,Paris
London will host the event in 2004-09-21,GPE,London
John attended a conference on 1994-12-15,PERSON,John
Amazon announced new projects starting 1996-09-04,ORG,Amazon
Mary works at Amazon in Paris since 2006-07-02,PERSON,Mary
Mary works at Amazon in Paris since 2006-07-02,ORG,Amazon
Mary works at Amazon in Paris since 2006-07-02,GPE,Paris
Alex works at Microsoft in London since 2003-06-30,PERSON,Alex
Alex works at Microsoft in London since 2003-06-30,ORG,Microsoft
Alex works at Microsoft in London since 2003-06-30,GPE,London
Sara attended a conference on 1993-10-23,PERSON,Sara
Paris will host the event in 1982-07-17,GPE,Paris
Microsoft announced new projects starting 2021-07-16,ORG,Microsoft
John works at Meta in Tokyo since 2020-01-31,PERSON,John
John works at Meta in Tokyo since 2020-01-31,ORG,Meta
John works at Meta in Tokyo since 2020-01-31,GPE,Tokyo
Sara works at Meta in New York since 1972-01-27,PERSON,Sara
Sara works at Meta in New York since 1972-01-27,ORG,Meta
The meeting with Alex from Microsoft is scheduled for 1997-11-08,PERSON,Alex
The meeting with Alex from Microsoft is scheduled for 1997-11-08,ORG,Microsoft
The meeting with Mary from Microsoft is scheduled for 1983-12-09,PERSON,Mary
The meeting with Mary from Microsoft is scheduled for 1983-12-09,ORG,Microsoft
John works at Google in Tokyo since 2022-04-06,PERSON,John
John works at Google in Tokyo since 2022-04-06,ORG,Google
John works at Google in Tokyo since 2022-04-06,GPE,Tokyo
Meta announced new projects starting 2000-11-24,ORG,Meta
Mary works at Meta in London since 1999-07-22,PERSON,Mary
Mary works at Meta in London since 1999-07-22,ORG,Meta
Mary works at Meta in London since 1999-07-22,GPE,London
Amazon announced new projects starting 2013-08-02,ORG,Amazon
Mary attended a conference on 1996-03-29,PERSON,Mary
The meeting with Mary from Google is scheduled for 2009-12-12,PERSON,Mary
The meeting with Mary from Google is scheduled for 2009-12-12,ORG,Google
Sara works at Google in Tokyo since 2024-05-26,PERSON,Sara
Sara works at Google in Tokyo since 2024-05-26,ORG,Google
Sara works at Google in Tokyo since 2024-05-26,GPE,Tokyo
Meta announced new projects starting 1989-10-10,ORG,Meta
Alex works at Meta in Tokyo since 2001-08-05,PERSON,Alex
Alex works at Meta in Tokyo since 2001-08-05,ORG,Meta
Alex works at Meta in Tokyo since 2001-08-05,GPE,Tokyo
Sara works at Meta in Paris since 1988-01-01,PERSON,Sara
Sara works at Meta in Paris since 1988-01-01,ORG,Meta
Sara works at Meta in Paris since 1988-01-01,GPE,Paris
Alex works at Microsoft in London since 1995-09-16,PERSON,Alex
Alex works at Microsoft in London since 1995-09-16,ORG,Microsoft
Alex works at Microsoft in London since 1995-09-16,GPE,London
Mary attended a conference on 1978-11-20,PERSON,Mary
Microsoft announced new projects starting 1997-11-12,ORG,Microsoft
Paris will host the event in 1974-10-14,GPE,Paris
Microsoft announced new projects starting 1977-01-13,ORG,Microsoft
Tokyo will host the event in 2002-04-29,GPE,Tokyo
Amazon announced new projects starting 2014-04-01,ORG,Amazon
Mary attended a conference on 2002-08-13,PERSON,Mary
Mary works at Amazon in London since 1992-05-25,PERSON,Mary
Mary works at Amazon in London since 1992-05-25,ORG,Amazon
Mary works at Amazon in London since 1992-05-25,GPE,London
Mary attended a conference on 1976-01-22,PERSON,Mary
Alex attended a conference on 2016-07-26,PERSON,Alex
John attended a conference on 1987-09-11,PERSON,John
Alex attended a conference on 2010-08-05,PERSON,Alex
Alex attended a conference on 2015-03-27,PERSON,Alex
Alex attended a conference on 1987-12-31,PERSON,Alex
Paris will host the event in 1978-02-04,GPE,Paris
Google announced new projects starting 2024-04-29,ORG,Google
John works at Meta in London since 1994-06-19,PERSON,John
John works at Meta in London since 1994-06-19,ORG,Meta
John works at Meta in London since 1994-06-19,GPE,London
Sara works at Microsoft in New York since 1972-10-06,PERSON,Sara
Sara works at Microsoft in New York since 1972-10-06,ORG,Microsoft
The meeting with Alex from Meta is scheduled for 1982-08-27,PERSON,Alex
The meeting with Alex from Meta is scheduled for 1982-08-27,ORG,Meta
Microsoft announced new projects starting 2015-08-30,ORG,Microsoft
Google announced new projects starting 2016-04-23,ORG,Google
Meta announced new projects starting 1970-12-17,ORG,Meta
The meeting with Sara from Microsoft is scheduled for 1999-11-11,PERSON,Sara
The meeting with Sara from Microsoft is scheduled for 1999-11-11,ORG,Microsoft
John attended a conference on 2007-03-17,PERSON,John
Tokyo will host the event in 2002-10-25,GPE,Tokyo
The meeting with Mary from Meta is scheduled for 2003-07-06,PERSON,Mary
The meeting with Mary from Meta is scheduled for 2003-07-06,ORG,Meta
Tokyo will host the event in 1978-01-19,GPE,Tokyo
Microsoft announced new projects starting 2023-11-04,ORG,Microsoft
Tokyo will host the event in 1985-12-27,GPE,Tokyo
Mary works at Amazon in Paris since 1992-02-22,PERSON,Mary
Mary works at Amazon in Paris since 1992-02-22,ORG,Amazon
Mary works at Amazon in Paris since 1992-02-22,GPE,Paris
Google announced new projects starting 2016-03-17,ORG,Google
Microsoft announced new projects starting 2023-06-12,ORG,Microsoft
Amazon announced new projects starting 2016-11-27,ORG,Amazon
Google announced new projects starting 2004-05-31,ORG,Google
The meeting with Mary from Google is scheduled for 2024-11-02,PERSON,Mary
The meeting with Mary from Google is scheduled for 2024-11-02,ORG,Google
Meta announced new projects starting 1986-01-18,ORG,Meta
The meeting with Sara from Google is scheduled for 2002-01-06,PERSON,Sara
The meeting with Sara from Google is scheduled for 2002-01-06,ORG,Google
Google announced new projects starting 1977-05-02,ORG,Google
Meta announced new projects starting 2011-04-04,ORG,Meta
Amazon announced new projects starting 1983-12-21,ORG,Amazon
The meeting with Sara from Google is scheduled for 2001-01-30,PERSON,Sara
The meeting with Sara from Google is scheduled for 2001-01-30,ORG,Google
Microsoft announced new projects starting 1987-09-27,ORG,Microsoft
The meeting with John from Microsoft is scheduled for 1975-10-28,PERSON,John
The meeting with John from Microsoft is scheduled for 1975-10-28,ORG,Microsoft
Meta announced new projects starting 2008-12-17,ORG,Meta
The meeting with Alex from Microsoft is scheduled for 1982-07-02,PERSON,Alex
The meeting with Alex from Microsoft is scheduled for 1982-07-02,ORG,Microsoft
The meeting with Alex from Meta is scheduled for 1970-10-19,PERSON,Alex
The meeting with Alex from Meta is scheduled for 1970-10-19,ORG,Meta
The meeting with Sara from Amazon is scheduled for 1977-12-12,PERSON,Sara
The meeting with Sara from Amazon is scheduled for 1977-12-12,ORG,Amazon
The meeting with Mary from Meta is scheduled for 2010-04-21,PERSON,Mary
The meeting with Mary from Meta is scheduled for 2010-04-21,ORG,Meta
Mary works at Microsoft in London since 2007-03-12,PERSON,Mary
Mary works at Microsoft in London since 2007-03-12,ORG,Microsoft
Mary works at Microsoft in London since 2007-03-12,GPE,London
London will host the event in 1982-05-25,GPE,London
Tokyo will host the event in 1978-02-25,GPE,Tokyo
Alex works at Amazon in Tokyo since 1975-08-20,PERSON,Alex
Alex works at Amazon in Tokyo since 1975-08-20,ORG,Amazon
Alex works at Amazon in Tokyo since 1975-08-20,GPE,Tokyo
Google announced new projects starting 1992-03-16,ORG,Google
Alex attended a conference on 1976-06-05,PERSON,Alex
The meeting with John from Meta is scheduled for 2022-06-07,PERSON,John
The meeting with John from Meta is scheduled for 2022-06-07,ORG,Meta
Sara attended a conference on 1993-09-09,PERSON,Sara
John works at Microsoft in Paris since 2012-09-07,PERSON,John
John works at Microsoft in Paris since 2012-09-07,ORG,Microsoft
John works at Microsoft in Paris since 2012-09-07,GPE,Paris
London will host the event in 2015-11-06,GPE,London
Alex works at Microsoft in Tokyo since 2016-06-04,PERSON,Alex
Alex works at Microsoft in Tokyo since 2016-06-04,ORG,Microsoft
Alex works at Microsoft in Tokyo since 2016-06-04,GPE,Tokyo
Tokyo will host the event in 2023-07-17,GPE,Tokyo
The meeting with Mary from Meta is scheduled for 1982-02-21,PERSON,Mary
The meeting with Mary from Meta is scheduled for 1982-02-21,ORG,Meta
Mary attended a conference on 1975-05-13,PERSON,Mary
Google announced new projects starting 1977-08-20,ORG,Google
John works at Microsoft in New York since 2016-07-25,PERSON,John
John works at Microsoft in New York since 2016-07-25,ORG,Microsoft
The meeting with Sara from Meta is scheduled for 1970-10-07,PERSON,Sara
The meeting with Sara from Meta is scheduled for 1970-10-07,ORG,Meta
Sara attended a conference on 2024-06-21,PERSON,Sara
Google announced new projects starting 1997-07-28,ORG,Google
John attended a conference on 1988-03-07,PERSON,John
The meeting with Mary from Amazon is scheduled for 2020-11-25,PERSON,Mary
The meeting with Mary from Amazon is scheduled for 2020-11-25,ORG,Amazon
Alex attended a conference on 2003-02-03,PERSON,Alex
Meta announced new projects starting 1999-04-16,ORG,Meta
Google announced new projects starting 2019-12-26,ORG,Google
John works at Meta in Paris since 1977-05-24,PERSON,John
John works at Meta in Paris since 1977-05-24,ORG,Meta
John works at Meta in Paris since 1977-05-24,GPE,Paris
Microsoft announced new projects starting 1993-02-24,ORG,Microsoft
London will host the event in 1976-02-19,GPE,London
Sara attended a conference on 2009-11-04,PERSON,Sara
Mary works at Amazon in London since 2024-10-17,PERSON,Mary
Mary works at Amazon in London since 2024-10-17,ORG,Amazon
Mary works at Amazon in London since 2024-10-17,GPE,London
Mary attended a conference on 1996-06-17,PERSON,Mary
Sara works at Meta in Paris since 1971-08-15,PERSON,Sara
Sara works at Meta in Paris since 1971-08-15,ORG,Meta
Sara works at Meta in Paris since 1971-08-15,GPE,Paris
London will host the event in 1998-09-22,GPE,London
Alex works at Microsoft in Paris since 1993-03-21,PERSON,Alex
Alex works at Microsoft in Paris since 1993-03-21,ORG,Microsoft
Alex works at Microsoft in Paris since 1993-03-21,GPE,Paris
The meeting with Sara from Microsoft is scheduled for 1976-08-26,PERSON,Sara
The meeting with Sara from Microsoft is scheduled for 1976-08-26,ORG,Microsoft
Paris will host the event in 2005-04-02,GPE,Paris
Mary attended a conference on 2023-09-11,PERSON,Mary
Sara attended a conference on 1977-10-03,PERSON,Sara
Mary attended a conference on 2020-01-24,PERSON,Mary
The meeting with Alex from Amazon is scheduled for 2018-05-20,PERSON,Alex
The meeting with Alex from Amazon is scheduled for 2018-05-20,ORG,Amazon
London will host the event in 1992-12-05,GPE,London
The meeting with Alex from Amazon is scheduled for 1979-12-09,PERSON,Alex
The meeting with Alex from Amazon is scheduled for 1979-12-09,ORG,Amazon
Tokyo will host the event in 1972-12-07,GPE,Tokyo
Paris will host the event in 2007-05-11,GPE,Paris
Amazon announced new projects starting 1998-02-27,ORG,Amazon
The meeting with John from Meta is scheduled for 2015-07-17,PERSON,John
The meeting with John from Meta is scheduled for 2015-07-17,ORG,Meta
Mary attended a conference on 1997-12-22,PERSON,Mary
Mary attended a conference on 1982-07-27,PERSON,Mary
London will host the event in 2012-09-26,GPE,London
Mary works at Google in London since 1999-06-12,PERSON,Mary
Mary works at Google in London since 1999-06-12,ORG,Google
Mary works at Google in London since 1999-06-12,GPE,London
Microsoft announced new projects starting 1978-06-07,ORG,Microsoft
John attended a conference on 2006-06-18,PERSON,John
John works at Amazon in Paris since 2006-11-09,PERSON,John
John works at Amazon in Paris since 2006-11-09,ORG,Amazon
John works at Amazon in Paris since 2006-11-09,GPE,Paris
Sara works at Microsoft in Paris since 2006-03-08,PERSON,Sara
Sara works at Microsoft in Paris since 2006-03-08,ORG,Microsoft
Sara works at Microsoft in Paris since 2006-03-08,GPE,Paris
Amazon announced new projects starting 2010-03-03,ORG,Amazon
London will host the event in 1997-10-06,GPE,London
Mary attended a conference on 2006-03-10,PERSON,Mary
Tokyo will host the event in 2012-12-19,GPE,Tokyo
Sara attended a conference on 1975-11-02,PERSON,Sara
Amazon announced new projects starting 1971-10-23,ORG,Amazon
Paris will host the event in 1991-07-20,GPE,Paris
Microsoft announced new projects starting 2018-02-01,ORG,Microsoft
John attended a conference on 1974-01-30,PERSON,John
Amazon announced new projects starting 2017-02-05,ORG,Amazon
London will host the event in 2003-05-31,GPE,London
The meeting with Mary from Microsoft is scheduled for 2014-11-27,PERSON,Mary
The meeting with Mary from Microsoft is scheduled for 2014-11-27,ORG,Microsoft
Alex works at Amazon in London since 1976-12-06,PERSON,Alex
Alex works at Amazon in London since 1976-12-06,ORG,Amazon
Alex works at Amazon in London since 1976-12-06,GPE,London
Alex works at Microsoft in Tokyo since 1975-11-05,PERSON,Alex
Alex works at Microsoft in Tokyo since 1975-11-05,ORG,Microsoft
Alex works at Microsoft in Tokyo since 1975-11-05,GPE,Tokyo
Alex attended a conference on 1992-03-08,PERSON,Alex
The meeting with Alex from Meta is scheduled for 2006-07-21,PERSON,Alex
The meeting with Alex from Meta is scheduled for 2006-07-21,ORG,Meta
Alex attended a conference on 1993-07-14,PERSON,Alex
John attended a conference on 1974-09-18,PERSON,John
John works at Microsoft in Paris since 2014-06-10,PERSON,John
John works at Microsoft in Paris since 2014-06-10,ORG,Microsoft
John works at Microsoft in Paris since 2014-06-10,GPE,Paris
Paris will host the event in 2005-03-22,GPE,Paris
The meeting with Sara from Google is scheduled for 1970-12-28,PERSON,Sara
The meeting with Sara from Google is scheduled for 1970-12-28,ORG,Google
Sara works at Microsoft in New York since 2019-09-14,PERSON,Sara
Sara works at Microsoft in New York since 2019-09-14,ORG,Microsoft
Amazon announced new projects starting 1995-08-31,ORG,Amazon
The meeting with Mary from Meta is scheduled for 2024-07-21,PERSON,Mary
The meeting with Mary from Meta is scheduled for 2024-07-21,ORG,Meta
Alex works at Microsoft in New York since 2012-04-10,PERSON,Alex
Alex works at Microsoft in New York since 2012-04-10,ORG,Microsoft
Alex works at Meta in London since 1987-01-13,PERSON,Alex
Alex works at Meta in London since 1987-01-13,ORG,Meta
Alex works at Meta in London since 1987-01-13,GPE,London
The meeting with Mary from Microsoft is scheduled for 2005-03-07,PERSON,Mary
The meeting with Mary from Microsoft is scheduled for 2005-03-07,ORG,Microsoft
Microsoft announced new projects starting 2008-06-21,ORG,Microsoft
Mary works at Google in Paris since 1973-11-13,PERSON,Mary
Mary works at Google in Paris since 1973-11-13,ORG,Google
Mary works at Google in Paris since 1973-11-13,GPE,Paris
Google announced new projects starting 1988-06-23,ORG,Google
Sara works at Microsoft in Paris since 1975-10-03,PERSON,Sara
Sara works at Microsoft in Paris since 1975-10-03,ORG,Microsoft
Sara works at Microsoft in Paris since 1975-10-03,GPE,Paris
Sara works at Meta in Tokyo since 1987-04-25,PERSON,Sara
Sara works at Meta in Tokyo since 1987-04-25,ORG,Meta
Sara works at Meta in Tokyo since 1987-04-25,GPE,Tokyo
John works at Microsoft in Paris since 2005-01-24,PERSON,John
John works at Microsoft in Paris since 2005-01-24,ORG,Microsoft
John works at Microsoft in Paris since 2005-01-24,GPE,Paris
Microsoft announced new projects starting 1971-06-17,ORG,Microsoft
Sara attended a conference on 1995-04-23,PERSON,Sara
Meta announced new projects starting 1999-10-23,ORG,Meta
Sara attended a conference on 1986-12-17,PERSON,Sara
London will host the event in 1993-05-27,GPE,London
Alex attended a conference on 2014-02-27,PERSON,Alex
Alex works at Amazon in London since 1993-03-24,PERSON,Alex
Alex works at Amazon in London since 1993-03-24,ORG,Amazon
Alex works at Amazon in London since 1993-03-24,GPE,London
Sara attended a conference on 1973-03-24,PERSON,Sara
Paris will host the event in 2010-02-20,GPE,Paris
Paris will host the event in 1972-10-23,GPE,Paris
John works at Google in London since 1971-06-09,PERSON,John
John works at Google in London since 1971-06-09,ORG,Google
John works at Google in London since 1971-06-09,GPE,London
Paris will host the event in 2014-12-01,GPE,Paris
Microsoft announced new projects starting 1996-06-20,ORG,Microsoft
John attended a conference on 1980-06-16,PERSON,John
Mary attended a conference on 2025-03-11,PERSON,Mary
The meeting with Alex from Meta is scheduled for 1970-03-10,PERSON,Alex
The meeting with Alex from Meta is scheduled for 1970-03-10,ORG,Meta
London will host the event in 2014-01-25,GPE,London
John works at Microsoft in Paris since 2020-07-26,PERSON,John
John works at Microsoft in Paris since 2020-07-26,ORG,Microsoft
John works at Microsoft in Paris since 2020-07-26,GPE,Paris
Mary attended a conference on 1988-02-06,PERSON,Mary
Meta announced new projects starting 2023-10-28,ORG,Meta
Paris will host the event in 1971-12-10,GPE,Paris
The meeting with John from Meta is scheduled for 1999-02-28,PERSON,John
The meeting with John from Meta is scheduled for 1999-02-28,ORG,Meta
Sara works at Amazon in Tokyo since 1994-04-06,PERSON,Sara
Sara works at Amazon in Tokyo since 1994-04-06,ORG,Amazon
Sara works at Amazon in Tokyo since 1994-04-06,GPE,Tokyo
Mary works at Microsoft in Paris since 1974-09-19,PERSON,Mary
Mary works at Microsoft in Paris since 1974-09-19,ORG,Microsoft
Mary works at Microsoft in Paris since 1974-09-19,GPE,Paris
Google announced new projects starting 2025-01-04,ORG,Google
John works at Google in New York since 1998-08-16,PERSON,John
John works at Google in New York since 1998-08-16,ORG,Google
Amazon announced new projects starting 1991-03-16,ORG,Amazon
Sara works at Microsoft in Paris since 1973-04-22,PERSON,Sara
Sara works at Microsoft in Paris since 1973-04-22,ORG,Microsoft
Sara works at Microsoft in Paris since 1973-04-22,GPE,Paris
The meeting with Alex from Microsoft is scheduled for 2009-06-08,PERSON,Alex
The meeting with Alex from Microsoft is scheduled for 2009-06-08,ORG,Microsoft
Microsoft announced new projects starting 1991-08-14,ORG,Microsoft
John works at Google in London since 1971-06-09,PERSON,John
John works at Google in London since 1971-06-09,ORG,Google
John works at Google in London since 1971-06-09,GPE,London
Alex attended a conference on 1981-10-02,PERSON,Alex
Paris will host the event in 1998-08-06,GPE,Paris
London will host the event in 2005-08-09,GPE,London
Amazon announced new projects starting 1983-02-10,ORG,Amazon
London will host the event in 1995-11-09,GPE,London
Mary works at Microsoft in New York since 1987-11-21,PERSON,Mary
Mary works at Microsoft in New York since 1987-11-21,ORG,Microsoft
Tokyo will host the event in 1995-05-21,GPE,Tokyo
The meeting with Sara from Amazon is scheduled for 2001-02-13,PERSON,Sara
The meeting with Sara from Amazon is scheduled for 2001-02-13,ORG,Amazon
John attended a conference on 1982-11-13,PERSON,John
The meeting with Alex from Google is scheduled for 1991-11-07,PERSON,Alex
The meeting with Alex from Google is scheduled for 1991-11-07,ORG,Google
Mary works at Google in London since 1973-10-26,PERSON,Mary
Mary works at Google in London since 1973-10-26,ORG,Google
Mary works at Google in London since 1973-10-26,GPE,London
Google announced new projects starting 2021-12-05,ORG,Google
Google announced new projects starting 2015-08-27,ORG,Google
The meeting with Mary from Google is scheduled for 1971-06-05,PERSON,Mary
The meeting with Mary from Google is scheduled for 1971-06-05,ORG,Google
Amazon announced new projects starting 1997-09-17,ORG,Amazon
The meeting with Alex from Meta is scheduled for 1996-08-07,PERSON,Alex
The meeting with Alex from Meta is scheduled for 1996-08-07,ORG,Meta
The meeting with John from Amazon is scheduled for 1991-12-24,PERSON,John
The meeting with John from Amazon is scheduled for 1991-12-24,ORG,Amazon
Alex works at Amazon in London since 2005-10-07,PERSON,Alex
Alex works at Amazon in London since 2005-10-07,ORG,Amazon
Alex works at Amazon in London since 2005-10-07,GPE,London
The meeting with Mary from Amazon is scheduled for 2024-07-14,PERSON,Mary
The meeting with Mary from Amazon is scheduled for 2024-07-14,ORG,Amazon
Tokyo will host the event in 2010-04-03,GPE,Tokyo
Amazon announced new projects starting 1978-07-31,ORG,Amazon
Tokyo will host the event in 1995-01-12,GPE,Tokyo
John works at Meta in New York since 1995-07-31,PERSON,John
John works at Meta in New York since 1995-07-31,ORG,Meta
The meeting with Alex from Google is scheduled for 2003-04-25,PERSON,Alex
The meeting with Alex from Google is scheduled for 2003-04-25,ORG,Google
Microsoft announced new projects starting 2009-10-15,ORG,Microsoft
Microsoft announced new projects starting 2001-11-11,ORG,Microsoft
Paris will host the event in 1995-09-07,GPE,Paris
Alex attended a conference on 2012-12-14,PERSON,Alex
The meeting with Alex from Google is scheduled for 1998-12-01,PERSON,Alex
The meeting with Alex from Google is scheduled for 1998-12-01,ORG,Google
Sara works at Meta in Paris since 2013-04-16,PERSON,Sara
Sara works at Meta in Paris since 2013-04-16,ORG,Meta
Sara works at Meta in Paris since 2013-04-16,GPE,Paris
Google announced new projects starting 1970-10-01,ORG,Google
Amazon announced new projects starting 2011-01-26,ORG,Amazon
Sara attended a conference on 1990-02-20,PERSON,Sara
John attended a conference on 1974-01-12,PERSON,John
Meta announced new projects starting 1976-12-21,ORG,Meta
John attended a conference on 2004-12-19,PERSON,John
Amazon announced new projects starting 1993-12-24,ORG,Amazon
John works at Meta in Paris since 1979-09-30,PERSON,John
John works at Meta in Paris since 1979-09-30,ORG,Meta
John works at Meta in Paris since 1979-09-30,GPE,Paris
Alex attended a conference on 2004-05-11,PERSON,Alex
Meta announced new projects starting 1993-10-05,ORG,Meta
Paris will host the event in 2003-11-07,GPE,Paris
Sara works at Google in Paris since 1970-04-27,PERSON,Sara
Sara works at Google in Paris since 1970-04-27,ORG,Google
Sara works at Google in Paris since 1970-04-27,GPE,Paris
John attended a conference on 2006-04-02,PERSON,John
Sara attended a conference on 1990-04-26,PERSON,Sara
The meeting with Sara from Microsoft is scheduled for 2017-01-30,PERSON,Sara
The meeting with Sara from Microsoft is scheduled for 2017-01-30,ORG,Microsoft
Amazon announced new projects starting 1994-04-24,ORG,Amazon
Google announced new projects starting 1971-11-16,ORG,Google
Sara attended a conference on 2011-10-24,PERSON,Sara
John attended a conference on 1990-05-22,PERSON,John
Meta announced new projects starting 1991-11-28,ORG,Meta
Alex attended a conference on 2005-07-23,PERSON,Alex
Tokyo will host the event in 2025-02-19,GPE,Tokyo
The meeting with Mary from Meta is scheduled for 1976-07-07,PERSON,Mary
The meeting with Mary from Meta is scheduled for 1976-07-07,ORG,Meta
John attended a conference on 2021-05-09,PERSON,John
Google announced new projects starting 2023-08-28,ORG,Google
Amazon announced new projects starting 2021-11-21,ORG,Amazon
Amazon announced new projects starting 1988-06-10,ORG,Amazon
The meeting with John from Amazon is scheduled for 1971-03-18,PERSON,John
The meeting with John from Amazon is scheduled for 1971-03-18,ORG,Amazon
Sara works at Microsoft in Paris since 2001-02-21,PERSON,Sara
Sara works at Microsoft in Paris since 2001-02-21,ORG,Microsoft
Sara works at Microsoft in Paris since 2001-02-21,GPE,Paris
The meeting with Alex from Meta is scheduled for 1974-04-11,PERSON,Alex
The meeting with Alex from Meta is scheduled for 1974-04-11,ORG,Meta
Google announced new projects starting 1978-04-04,ORG,Google
Sara works at Meta in London since 1975-07-14,PERSON,Sara
Sara works at Meta in London since 1975-07-14,ORG,Meta
Sara works at Meta in London since 1975-07-14,GPE,London
Meta announced new projects starting 1996-07-10,ORG,Meta
Microsoft announced new projects starting 2001-09-08,ORG,Microsoft
Sara works at Amazon in Tokyo since 1990-08-09,PERSON,Sara
Sara works at Amazon in Tokyo since 1990-08-09,ORG,Amazon
Sara works at Amazon in Tokyo since 1990-08-09,GPE,Tokyo
Amazon announced new projects starting 2022-11-07,ORG,Amazon
John attended a conference on 2019-05-20,PERSON,John
Paris will host the event in 1997-05-17,GPE,Paris
The meeting with Alex from Google is scheduled for 1971-04-07,PERSON,Alex
The meeting with Alex from Google is scheduled for 1971-04-07,ORG,Google
The meeting with John from Meta is scheduled for 2012-09-09,PERSON,John
The meeting with John from Meta is scheduled for 2012-09-09,ORG,Meta
Mary attended a conference on 2013-01-17,PERSON,Mary
Meta announced new projects starting 1999-01-21,ORG,Meta
Microsoft announced new projects starting 2013-05-29,ORG,Microsoft
Google announced new projects starting 1976-05-28,ORG,Google
The meeting with Alex from Meta is scheduled for 2002-04-12,PERSON,Alex
The meeting with Alex from Meta is scheduled for 2002-04-12,ORG,Meta
John attended a conference on 2022-01-22,PERSON,John
Microsoft announced new projects starting 1986-05-23,ORG,Microsoft
John attended a conference on 1999-04-09,PERSON,John
Mary attended a conference on 2007-08-15,PERSON,Mary
Google announced new projects starting 2003-04-08,ORG,Google
John works at Microsoft in New York since 1986-10-17,PERSON,John
John works at Microsoft in New York since 1986-10-17,ORG,Microsoft
Tokyo will host the event in 1995-07-26,GPE,Tokyo
The meeting with John from Amazon is scheduled for 2024-06-11,PERSON,John
The meeting with John from Amazon is scheduled for 2024-06-11,ORG,Amazon
Sara works at Meta in Paris since 2021-03-08,PERSON,Sara
Sara works at Meta in Paris since 2021-03-08,ORG,Meta
Sara works at Meta in Paris since 2021-03-08,GPE,Paris
Alex works at Meta in London since 1980-05-24,PERSON,Alex
Alex works at Meta in London since 1980-05-24,ORG,Meta
Alex works at Meta in London since 1980-05-24,GPE,London
London will host the event in 2008-10-25,GPE,London
Microsoft announced new projects starting 1978-05-20,ORG,Microsoft
The meeting with Alex from Google is scheduled for 1981-04-20,PERSON,Alex
The meeting with Alex from Google is scheduled for 1981-04-20,ORG,Google
The meeting with Alex from Meta is scheduled for 2010-01-10,PERSON,Alex
The meeting with Alex from Meta is scheduled for 2010-01-10,ORG,Meta
Tokyo will host the event in 1973-12-04,GPE,Tokyo
London will host the event in 1972-07-08,GPE,London
The meeting with Sara from Meta is scheduled for 2011-10-09,PERSON,Sara
The meeting with Sara from Meta is scheduled for 2011-10-09,ORG,Meta
Alex attended a conference on 1983-03-01,PERSON,Alex
Amazon announced new projects starting 2018-01-14,ORG,Amazon
Alex attended a conference on 2020-08-25,PERSON,Alex
Mary works at Amazon in London since 1996-02-27,PERSON,Mary
Mary works at Amazon in London since 1996-02-27,ORG,Amazon
Mary works at Amazon in London since 1996-02-27,GPE,London
John works at Amazon in Paris since 1998-08-28,PERSON,John
John works at Amazon in Paris since 1998-08-28,ORG,Amazon
John works at Amazon in Paris since 1998-08-28,GPE,Paris
Google announced new projects starting 2005-11-20,ORG,Google
John works at Amazon in Paris since 2002-12-23,PERSON,John
John works at Amazon in Paris since 2002-12-23,ORG,Amazon
John works at Amazon in Paris since 2002-12-23,GPE,Paris
Alex works at Meta in Tokyo since 1988-07-09,PERSON,Alex
Alex works at Meta in Tokyo since 1988-07-09,ORG,Meta
Alex works at Meta in Tokyo since 1988-07-09,GPE,Tokyo
Mary works at Microsoft in New York since 2016-05-20,PERSON,Mary
Mary works at Microsoft in New York since 2016-05-20,ORG,Microsoft
The meeting with Sara from Google is scheduled for 1978-10-08,PERSON,Sara
The meeting with Sara from Google is scheduled for 1978-10-08,ORG,Google
Meta announced new projects starting 2023-12-22,ORG,Meta
Alex attended a conference on 2017-04-14,PERSON,Alex
Amazon announced new projects starting 2016-03-28,ORG,Amazon
Alex works at Google in Paris since 1991-01-26,PERSON,Alex
Alex works at Google in Paris since 1991-01-26,ORG,Google
Alex works at Google in Paris since 1991-01-26,GPE,Paris
Sara works at Google in New York since 1970-09-16,PERSON,Sara
Sara works at Google in New York since 1970-09-16,ORG,Google
John attended a conference on 1972-06-15,PERSON,John
The meeting with Mary from Meta is scheduled for 1977-06-13,PERSON,Mary
The meeting with Mary from Meta is scheduled for 1977-06-13,ORG,Meta
Mary works at Amazon in London since 2002-08-22,PERSON,Mary
Mary works at Amazon in London since 2002-08-22,ORG,Amazon
Mary works at Amazon in London since 2002-08-22,GPE,London
Meta announced new projects starting 1992-05-09,ORG,Meta
Mary attended a conference on 1982-07-29,PERSON,Mary
Mary attended a conference on 2022-10-19,PERSON,Mary
John attended a conference on 1974-01-14,PERSON,John
Tokyo will host the event in 1978-04-27,GPE,Tokyo
The meeting with John from Microsoft is scheduled for 2008-04-10,PERSON,John
The meeting with John from Microsoft is scheduled for 2008-04-10,ORG,Microsoft
John attended a conference on 1976-11-28,PERSON,John
Sara attended a conference on 1975-01-28,PERSON,Sara
Mary works at Google in Tokyo since 2012-04-23,PERSON,Mary
Mary works at Google in Tokyo since 2012-04-23,ORG,Google
Mary works at Google in Tokyo since 2012-04-23,GPE,Tokyo
The meeting with Alex from Google is scheduled for 1994-09-01,PERSON,Alex
The meeting with Alex from Google is scheduled for 1994-09-01,ORG,Google
Mary works at Google in London since 1976-10-01,PERSON,Mary
Mary works at Google in London since 1976-10-01,ORG,Google
Mary works at Google in London since 1976-10-01,GPE,London
The meeting with John from Amazon is scheduled for 1977-11-03,PERSON,John
The meeting with John from Amazon is scheduled for 1977-11-03,ORG,Amazon
Amazon announced new projects starting 1983-05-03,ORG,Amazon
The meeting with Alex from Amazon is scheduled for 1993-05-10,PERSON,Alex
The meeting with Alex from Amazon is scheduled for 1993-05-10,ORG,Amazon
Mary works at Amazon in Paris since 1984-06-27,PERSON,Mary
Mary works at Amazon in Paris since 1984-06-27,ORG,Amazon
Mary works at Amazon in Paris since 1984-06-27,GPE,Paris
Google announced new projects starting 1995-10-16,ORG,Google
Amazon announced new projects starting 1974-10-21,ORG,Amazon
Tokyo will host the event in 2019-02-28,GPE,Tokyo
Alex works at Microsoft in New York since 1980-12-23,PERSON,Alex
Alex works at Microsoft in New York since 1980-12-23,ORG,Microsoft
Google announced new projects starting 1999-03-03,ORG,Google
Tokyo will host the event in 2023-02-11,GPE,Tokyo
John works at Microsoft in London since 2016-11-28,PERSON,John
John works at Microsoft in London since 2016-11-28,ORG,Microsoft
John works at Microsoft in London since 2016-11-28,GPE,London
John works at Microsoft in New York since 1971-01-08,PERSON,John
John works at Microsoft in New York since 1971-01-08,ORG,Microsoft
The meeting with John from Microsoft is scheduled for 1978-11-16,PERSON,John
The meeting with John from Microsoft is scheduled for 1978-11-16,ORG,Microsoft
Mary works at Microsoft in London since 2024-09-13,PERSON,Mary
Mary works at Microsoft in London since 2024-09-13,ORG,Microsoft
Mary works at Microsoft in London since 2024-09-13,GPE,London
Paris will host the event in 1993-04-12,GPE,Paris
London will host the event in 1975-10-22,GPE,London
John works at Meta in London since 2015-02-04,PERSON,John
John works at Meta in London since 2015-02-04,ORG,Meta
John works at Meta in London since 2015-02-04,GPE,London
The meeting with John from Meta is scheduled for 1987-09-29,PERSON,John
The meeting with John from Meta is scheduled for 1987-09-29,ORG,Meta
Sara works at Microsoft in New York since 1997-02-05,PERSON,Sara
Sara works at Microsoft in New York since 1997-02-05,ORG,Microsoft
Mary works at Meta in London since 2001-01-20,PERSON,Mary
Mary works at Meta in London since 2001-01-20,ORG,Meta
Mary works at Meta in London since 2001-01-20,GPE,London
Google announced new projects starting 2012-05-06,ORG,Google
The meeting with John from Amazon is scheduled for 1986-01-06,PERSON,John
The meeting with John from Amazon is scheduled for 1986-01-06,ORG,Amazon
Microsoft announced new projects starting 1972-03-23,ORG,Microsoft
Alex attended a conference on 1995-08-21,PERSON,Alex
The meeting with John from Meta is scheduled for 1989-01-29,PERSON,John
The meeting with John from Meta is scheduled for 1989-01-29,ORG,Meta
Paris will host the event in 1982-12-24,GPE,Paris
Tokyo will host the event in 1988-07-26,GPE,Tokyo
Microsoft announced new projects starting 2002-01-29,ORG,Microsoft
Mary works at Meta in New York since 1997-08-18,PERSON,Mary
Mary works at Meta in New York since 1997-08-18,ORG,Meta
John works at Microsoft in New York since 1982-02-24,PERSON,John
John works at Microsoft in New York since 1982-02-24,ORG,Microsoft
Microsoft announced new projects starting 1972-02-28,ORG,Microsoft
Microsoft announced new projects starting 2016-04-16,ORG,Microsoft
Microsoft announced new projects starting 2004-04-18,ORG,Microsoft
London will host the event in 2012-10-14,GPE,London
Google announced new projects starting 1985-12-20,ORG,Google
Mary attended a conference on 1999-06-14,PERSON,Mary
Mary attended a conference on 1988-12-09,PERSON,Mary
Meta announced new projects starting 1976-10-31,ORG,Meta
Amazon announced new projects starting 1996-12-12,ORG,Amazon
Meta announced new projects starting 1999-05-22,ORG,Meta
John works at Amazon in New York since 1987-06-12,PERSON,John
John works at Amazon in New York since 1987-06-12,ORG,Amazon
Mary attended a conference on 1991-10-04,PERSON,Mary
Mary works at Meta in London since 2011-01-13,PERSON,Mary
Mary works at Meta in London since 2011-01-13,ORG,Meta
Mary works at Meta in London since 2011-01-13,GPE,London
Amazon announced new projects starting 2016-03-22,ORG,Amazon
John works at Microsoft in Paris since 1977-10-29,PERSON,John
John works at Microsoft in Paris since 1977-10-29,ORG,Microsoft
John works at Microsoft in Paris since 1977-10-29,GPE,Paris
Google announced new projects starting 2014-03-26,ORG,Google
The meeting with Alex from Microsoft is scheduled for 1978-10-17,PERSON,Alex
The meeting with Alex from Microsoft is scheduled for 1978-10-17,ORG,Microsoft
John attended a conference on 1984-05-20,PERSON,John
Sara attended a conference on 2012-08-25,PERSON,Sara
Alex attended a conference on 2022-09-14,PERSON,Alex
Alex attended a conference on 1999-03-05,PERSON,Alex
Alex attended a conference on 1990-12-03,PERSON,Alex
Microsoft announced new projects starting 2003-06-22,ORG,Microsoft
Sara works at Meta in New York since 1977-10-24,PERSON,Sara
Sara works at Meta in New York since 1977-10-24,ORG,Meta
Google announced new projects starting 1973-09-29,ORG,Google
Microsoft announced new projects starting 2022-01-22,ORG,Microsoft
Meta announced new projects starting 1997-10-19,ORG,Meta
Tokyo will host the event in 1970-02-24,GPE,Tokyo
Paris will host the event in 2018-07-17,GPE,Paris
Microsoft announced new projects starting 2007-07-17,ORG,Microsoft
Sara works at Microsoft in New York since 1979-12-23,PERSON,Sara
Sara works at Microsoft in New York since 1979-12-23,ORG,Microsoft
Mary attended a conference on 1979-08-14,PERSON,Mary
The meeting with Mary from Meta is scheduled for 1988-08-31,PERSON,Mary
The meeting with Mary from Meta is scheduled for 1988-08-31,ORG,Meta
Meta announced new projects starting 1989-04-30,ORG,Meta
The meeting with Alex from Google is scheduled for 2011-07-21,PERSON,Alex
The meeting with Alex from Google is scheduled for 2011-07-21,ORG,Google
Amazon announced new projects starting 2022-08-25,ORG,Amazon
Paris will host the event in 1996-07-10,GPE,Paris
London will host the event in 1992-10-17,GPE,London
Sara works at Amazon in London since 2005-01-19,PERSON,Sara
Sara works at Amazon in London since 2005-01-19,ORG,Amazon
Sara works at Amazon in London since 2005-01-19,GPE,London
The meeting with Sara from Meta is scheduled for 2007-10-01,PERSON,Sara
The meeting with Sara from Meta is scheduled for 2007-10-01,ORG,Meta
The meeting with Sara from Amazon is scheduled for 1979-11-12,PERSON,Sara
The meeting with Sara from Amazon is scheduled for 1979-11-12,ORG,Amazon
Meta announced new projects starting 1994-11-27,ORG,Meta
Microsoft announced new projects starting 2022-07-06,ORG,Microsoft
The meeting with Sara from Meta is scheduled for 1990-12-06,PERSON,Sara
The meeting with Sara from Meta is scheduled for 1990-12-06,ORG,Meta
The meeting with Sara from Meta is scheduled for 2008-06-02,PERSON,Sara
The meeting with Sara from Meta is scheduled for 2008-06-02,ORG,Meta
Microsoft announced new projects starting 2006-08-29,ORG,Microsoft
The meeting with Sara from Amazon is scheduled for 1992-02-28,PERSON,Sara
The meeting with Sara from Amazon is scheduled for 1992-02-28,ORG,Amazon
Sara works at Microsoft in London since 2023-06-22,PERSON,Sara
Sara works at Microsoft in London since 2023-06-22,ORG,Microsoft
Sara works at Microsoft in London since 2023-06-22,GPE,London
Mary attended a conference on 1999-02-12,PERSON,Mary
Microsoft announced new projects starting 2001-04-19,ORG,Microsoft
The meeting with John from Microsoft is scheduled for 1993-05-03,PERSON,John
The meeting with John from Microsoft is scheduled for 1993-05-03,ORG,Microsoft
The meeting with John from Meta is scheduled for 1996-08-22,PERSON,John
The meeting with John from Meta is scheduled for 1996-08-22,ORG,Meta
John works at Microsoft in New York since 1982-07-18,PERSON,John
John works at Microsoft in New York since 1982-07-18,ORG,Microsoft
The meeting with Alex from Google is scheduled for 1990-05-17,PERSON,Alex
The meeting with Alex from Google is scheduled for 1990-05-17,ORG,Google
The meeting with Mary from Meta is scheduled for 2002-11-25,PERSON,Mary
The meeting with Mary from Meta is scheduled for 2002-11-25,ORG,Meta
Sara attended a conference on 2015-04-16,PERSON,Sara
Alex works at Amazon in Tokyo since 1999-06-02,PERSON,Alex
Alex works at Amazon in Tokyo since 1999-06-02,ORG,Amazon
Alex works at Amazon in Tokyo since 1999-06-02,GPE,Tokyo
Mary works at Meta in London since 1979-07-16,PERSON,Mary
Mary works at Meta in London since 1979-07-16,ORG,Meta
Mary works at Meta in London since 1979-07-16,GPE,London
Tokyo will host the event in 2009-11-11,GPE,Tokyo
The meeting with Sara from Microsoft is scheduled for 1985-11-05,PERSON,Sara
The meeting with Sara from Microsoft is scheduled for 1985-11-05,ORG,Microsoft
Sara works at Microsoft in London since 2006-12-27,PERSON,Sara
Sara works at Microsoft in London since 2006-12-27,ORG,Microsoft
Sara works at Microsoft in London since 2006-12-27,GPE,London
The meeting with Alex from Amazon is scheduled for 2009-06-19,PERSON,Alex
The meeting with Alex from Amazon is scheduled for 2009-06-19,ORG,Amazon
The meeting with Alex from Amazon is scheduled for 2007-02-16,PERSON,Alex
The meeting with Alex from Amazon is scheduled for 2007-02-16,ORG,Amazon
The meeting with John from Meta is scheduled for 1991-11-20,PERSON,John
The meeting with John from Meta is scheduled for 1991-11-20,ORG,Meta
The meeting with Alex from Google is scheduled for 2018-12-07,PERSON,Alex
The meeting with Alex from Google is scheduled for 2018-12-07,ORG,Google
The meeting with John from Google is scheduled for 2017-07-03,PERSON,John
The meeting with John from Google is scheduled for 2017-07-03,ORG,Google
Paris will host the event in 1979-03-19,GPE,Paris
Paris will host the event in 2003-08-17,GPE,Paris
John attended a conference on 2024-10-20,PERSON,John
Tokyo will host the event in 1973-03-16,GPE,Tokyo
Mary works at Amazon in Paris since 1998-12-05,PERSON,Mary
Mary works at Amazon in Paris since 1998-12-05,ORG,Amazon
Mary works at Amazon in Paris since 1998-12-05,GPE,Paris
Microsoft announced new projects starting 2007-12-23,ORG,Microsoft
Mary works at Amazon in New York since 2003-08-25,PERSON,Mary
Mary works at Amazon in New York since 2003-08-25,ORG,Amazon
The meeting with Alex from Amazon is scheduled for 2018-09-17,PERSON,Alex
The meeting with Alex from Amazon is scheduled for 2018-09-17,ORG,Amazon
Mary attended a conference on 2015-05-22,PERSON,Mary
Microsoft announced new projects starting 1992-07-31,ORG,Microsoft
Alex attended a conference on 1990-02-09,PERSON,Alex
Paris will host the event in 1979-09-18,GPE,Paris
Mary works at Google in Tokyo since 1989-09-26,PERSON,Mary
Mary works at Google in Tokyo since 1989-09-26,ORG,Google
Mary works at Google in Tokyo since 1989-09-26,GPE,Tokyo
Mary attended a conference on 1993-12-22,PERSON,Mary
The meeting with John from Amazon is scheduled for 1986-02-06,PERSON,John
The meeting with John from Amazon is scheduled for 1986-02-06,ORG,Amazon
London will host the event in 2022-11-06,GPE,London
Meta announced new projects starting 1996-06-05,ORG,Meta
Amazon announced new projects starting 1975-07-01,ORG,Amazon
John works at Microsoft in New York since 2004-04-24,PERSON,John
John works at Microsoft in New York since 2004-04-24,ORG,Microsoft
John attended a conference on 1974-05-20,PERSON,John
Alex attended a conference on 1971-06-28,PERSON,Alex
John attended a conference on 1989-06-23,PERSON,John
Sara attended a conference on 1981-06-17,PERSON,Sara
Mary works at Google in Paris since 2004-07-16,PERSON,Mary
Mary works at Google in Paris since 2004-07-16,ORG,Google
Mary works at Google in Paris since 2004-07-16,GPE,Paris
John attended a conference on 1972-11-24,PERSON,John
Amazon announced new projects starting 1978-02-16,ORG,Amazon
Sara attended a conference on 1982-03-09,PERSON,Sara
Google announced new projects starting 1973-01-01,ORG,Google
London will host the event in 2002-04-17,GPE,London
Tokyo will host the event in 2009-06-17,GPE,Tokyo
The meeting with John from Meta is scheduled for 1985-06-24,PERSON,John
The meeting with John from Meta is scheduled for 1985-06-24,ORG,Meta
Amazon announced new projects starting 2010-08-20,ORG,Amazon
Tokyo will host the event in 1976-12-08,GPE,Tokyo
Microsoft announced new projects starting 1984-05-12,ORG,Microsoft
The meeting with Alex from Amazon is scheduled for 1995-11-09,PERSON,Alex
The meeting with Alex from Amazon is scheduled for 1995-11-09,ORG,Amazon
Mary attended a conference on 2006-01-31,PERSON,Mary
Mary attended a conference on 2003-03-21,PERSON,Mary
Mary attended a conference on 2013-12-17,PERSON,Mary
Microsoft announced new projects starting 1998-10-11,ORG,Microsoft
The meeting with Alex from Amazon is scheduled for 2010-07-24,PERSON,Alex
The meeting with Alex from Amazon is scheduled for 2010-07-24,ORG,Amazon
The meeting with Sara from Amazon is scheduled for 1970-05-07,PERSON,Sara
The meeting with Sara from Amazon is scheduled for 1970-05-07,ORG,Amazon
Google announced new projects starting 2016-03-22,ORG,Google
Mary attended a conference on 2017-01-10,PERSON,Mary
The meeting with Alex from Google is scheduled for 2009-02-06,PERSON,Alex
The meeting with Alex from Google is scheduled for 2009-02-06,ORG,Google
London will host the event in 2001-09-03,GPE,London
Sara works at Amazon in Tokyo since 2001-05-27,PERSON,Sara
Sara works at Amazon in Tokyo since 2001-05-27,ORG,Amazon
Sara works at Amazon in Tokyo since 2001-05-27,GPE,Tokyo
Tokyo will host the event in 1988-01-14,GPE,Tokyo
Sara works at Google in Tokyo since 2018-05-27,PERSON,Sara
Sara works at Google in Tokyo since 2018-05-27,ORG,Google
Sara works at Google in Tokyo since 2018-05-27,GPE,Tokyo
Mary works at Microsoft in London since 1979-11-11,PERSON,Mary
Mary works at Microsoft in London since 1979-11-11,ORG,Microsoft
Mary works at Microsoft in London since 1979-11-11,GPE,London
Microsoft announced new projects starting 1987-05-05,ORG,Microsoft
Paris will host the event in 2017-09-10,GPE,Paris
Google announced new projects starting 1992-05-07,ORG,Google
Alex attended a conference on 1993-12-25,PERSON,Alex
The meeting with Alex from Microsoft is scheduled for 2000-12-24,PERSON,Alex
The meeting with Alex from Microsoft is scheduled for 2000-12-24,ORG,Microsoft
Paris will host the event in 2002-08-15,GPE,Paris
Mary attended a conference on 1987-05-04,PERSON,Mary
The meeting with Alex from Meta is scheduled for 1989-05-21,PERSON,Alex
The meeting with Alex from Meta is scheduled for 1989-05-21,ORG,Meta
Mary works at Amazon in Paris since 1997-12-01,PERSON,Mary
Mary works at Amazon in Paris since 1997-12-01,ORG,Amazon
Mary works at Amazon in Paris since 1997-12-01,GPE,Paris
The meeting with John from Amazon is scheduled for 1981-12-27,PERSON,John
The meeting with John from Amazon is scheduled for 1981-12-27,ORG,Amazon
Google announced new projects starting 2011-01-08,ORG,Google
The meeting with Sara from Amazon is scheduled for 2001-03-15,PERSON,Sara
The meeting with Sara from Amazon is scheduled for 2001-03-15,ORG,Amazon
The meeting with Alex from Microsoft is scheduled for 2000-06-25,PERSON,Alex
The meeting with Alex from Microsoft is scheduled for 2000-06-25,ORG,Microsoft
Microsoft announced new projects starting 1991-01-08,ORG,Microsoft
The meeting with Sara from Meta is scheduled for 1981-01-11,PERSON,Sara
The meeting with Sara from Meta is scheduled for 1981-01-11,ORG,Meta
Amazon announced new projects starting 1979-09-22,ORG,Amazon
The meeting with John from Google is scheduled for 1983-05-24,PERSON,John
The meeting with John from Google is scheduled for 1983-05-24,ORG,Google
John works at Meta in London since 2004-12-29,PERSON,John
John works at Meta in London since 2004-12-29,ORG,Meta
John works at Meta in London since 2004-12-29,GPE,London
Amazon announced new projects starting 1978-12-13,ORG,Amazon
Mary attended a conference on 1991-06-01,PERSON,Mary
The meeting with John from Google is scheduled for 1974-01-29,PERSON,John
The meeting with John from Google is scheduled for 1974-01-29,ORG,Google
Tokyo will host the event in 1983-04-27,GPE,Tokyo
Tokyo will host the event in 2000-11-19,GPE,Tokyo
The meeting with Alex from Microsoft is scheduled for 2008-08-08,PERSON,Alex
The meeting with Alex from Microsoft is scheduled for 2008-08-08,ORG,Microsoft
The meeting with Alex from Google is scheduled for 1986-10-29,PERSON,Alex
The meeting with Alex from Google is scheduled for 1986-10-29,ORG,Google
John works at Meta in London since 2021-09-14,PERSON,John
John works at Meta in London since 2021-09-14,ORG,Meta
John works at Meta in London since 2021-09-14,GPE,London
Amazon announced new projects starting 1980-03-05,ORG,Amazon
John works at Meta in Tokyo since 2013-06-17,PERSON,John
John works at Meta in Tokyo since 2013-06-17,ORG,Meta
John works at Meta in Tokyo since 2013-06-17,GPE,Tokyo
Alex works at Microsoft in Paris since 1993-03-13,PERSON,Alex
Alex works at Microsoft in Paris since 1993-03-13,ORG,Microsoft
Alex works at Microsoft in Paris since 1993-03-13,GPE,Paris
Mary works at Microsoft in London since 1977-02-04,PERSON,Mary
Mary works at Microsoft in London since 1977-02-04,ORG,Microsoft
Mary works at Microsoft in London since 1977-02-04,GPE,London
Microsoft announced new projects starting 1995-03-21,ORG,Microsoft
The meeting with Mary from Meta is scheduled for 1996-09-10,PERSON,Mary
The meeting with Mary from Meta is scheduled for 1996-09-10,ORG,Meta
The meeting with Mary from Google is scheduled for 2020-07-16,PERSON,Mary
The meeting with Mary from Google is scheduled for 2020-07-16,ORG,Google
Microsoft announced new projects starting 2022-01-23,ORG,Microsoft
Meta announced new projects starting 2007-06-29,ORG,Meta
Mary attended a conference on 1990-03-14,PERSON,Mary
John works at Amazon in Tokyo since 1990-02-01,PERSON,John
John works at Amazon in Tokyo since 1990-02-01,ORG,Amazon
John works at Amazon in Tokyo since 1990-02-01,GPE,Tokyo
The meeting with Alex from Amazon is scheduled for 2021-05-11,PERSON,Alex
The meeting with Alex from Amazon is scheduled for 2021-05-11,ORG,Amazon
The meeting with Alex from Microsoft is scheduled for 2022-07-25,PERSON,Alex
The meeting with Alex from Microsoft is scheduled for 2022-07-25,ORG,Microsoft
Amazon announced new projects starting 1975-11-12,ORG,Amazon
Meta announced new projects starting 1993-07-20,ORG,Meta
London will host the event in 1986-05-02,GPE,London
Alex attended a conference on 1979-06-17,PERSON,Alex
Microsoft announced new projects starting 1992-10-02,ORG,Microsoft
The meeting with Sara from Amazon is scheduled for 2024-02-27,PERSON,Sara
The meeting with Sara from Amazon is scheduled for 2024-02-27,ORG,Amazon
Sara attended a conference on 1982-12-19,PERSON,Sara
The meeting with John from Meta is scheduled for 1997-01-19,PERSON,John
The meeting with John from Meta is scheduled for 1997-01-19,ORG,Meta
Paris will host the event in 1993-05-18,GPE,Paris
John works at Google in Paris since 1980-04-08,PERSON,John
John works at Google in Paris since 1980-04-08,ORG,Google
John works at Google in Paris since 1980-04-08,GPE,Paris
John attended a conference on 1973-02-22,PERSON,John
John works at Microsoft in Paris since 1993-06-27,PERSON,John
John works at Microsoft in Paris since 1993-06-27,ORG,Microsoft
John works at Microsoft in Paris since 1993-06-27,GPE,Paris
Amazon announced new projects starting 2012-02-02,ORG,Amazon
Tokyo will host the event in 2008-08-04,GPE,Tokyo
Amazon announced new projects starting 2023-08-19,ORG,Amazon
Sara works at Meta in Tokyo since 1999-03-16,PERSON,Sara
Sara works at Meta in Tokyo since 1999-03-16,ORG,Meta
Sara works at Meta in Tokyo since 1999-03-16,GPE,Tokyo
Sara works at Amazon in New York since 2017-10-22,PERSON,Sara
Sara works at Amazon in New York since 2017-10-22,ORG,Amazon
Sara works at Google in Tokyo since 1990-08-25,PERSON,Sara
Sara works at Google in Tokyo since 1990-08-25,ORG,Google
Sara works at Google in Tokyo since 1990-08-25,GPE,Tokyo
Meta announced new projects starting 1982-11-17,ORG,Meta
Google announced new projects starting 2014-10-02,ORG,Google
Alex works at Microsoft in New York since 1978-09-26,PERSON,Alex
Alex works at Microsoft in New York since 1978-09-26,ORG,Microsoft
Mary attended a conference on 1996-07-12,PERSON,Mary
John attended a conference on 2011-03-26,PERSON,John
Meta announced new projects starting 2011-01-02,ORG,Meta
The meeting with John from Google is scheduled for 1979-10-28,PERSON,John
The meeting with John from Google is scheduled for 1979-10-28,ORG,Google
The meeting with Alex from Amazon is scheduled for 2010-06-01,PERSON,Alex
The meeting with Alex from Amazon is scheduled for 2010-06-01,ORG,Amazon
Microsoft announced new projects starting 2007-10-12,ORG,Microsoft
Microsoft announced new projects starting 2013-01-18,ORG,Microsoft
Mary attended a conference on 1975-12-21,PERSON,Mary
Alex works at Microsoft in New York since 1989-07-17,PERSON,Alex
Alex works at Microsoft in New York since 1989-07-17,ORG,Microsoft
Sara works at Meta in Paris since 1981-08-22,PERSON,Sara
Sara works at Meta in Paris since 1981-08-22,ORG,Meta
Sara works at Meta in Paris since 1981-08-22,GPE,Paris
Tokyo will host the event in 2017-09-22,GPE,Tokyo
The meeting with Alex from Google is scheduled for 2022-06-01,PERSON,Alex
The meeting with Alex from Google is scheduled for 2022-06-01,ORG,Google
John attended a conference on 2018-07-19,PERSON,John
John attended a conference on 1984-04-24,PERSON,John
Sara attended a conference on 2002-10-17,PERSON,Sara
Microsoft announced new projects starting 1997-04-27,ORG,Microsoft
John attended a conference on 1992-01-02,PERSON,John
Mary attended a conference on 2010-10-18,PERSON,Mary
Amazon announced new projects starting 2016-09-24,ORG,Amazon
Google announced new projects starting 2007-11-09,ORG,Google
Meta announced new projects starting 1974-08-13,ORG,Meta
John attended a conference on 1971-11-10,PERSON,John
Mary works at Amazon in New York since 2006-11-25,PERSON,Mary
Mary works at Amazon in New York since 2006-11-25,ORG,Amazon
The meeting with Sara from Google is scheduled for 2007-05-02,PERSON,Sara
The meeting with Sara from Google is scheduled for 2007-05-02,ORG,Google
John attended a conference on 2004-02-09,PERSON,John
Meta announced new projects starting 1988-07-30,ORG,Meta
The meeting with John from Microsoft is scheduled for 1983-09-01,PERSON,John
The meeting with John from Microsoft is scheduled for 1983-09-01,ORG,Microsoft
Microsoft announced new projects starting 2021-11-23,ORG,Microsoft
John works at Google in Tokyo since 2013-10-05,PERSON,John
John works at Google in Tokyo since 2013-10-05,ORG,Google
John works at Google in Tokyo since 2013-10-05,GPE,Tokyo
Tokyo will host the event in 2001-10-24,GPE,Tokyo
Amazon announced new projects starting 1993-04-03,ORG,Amazon
Microsoft announced new projects starting 1976-11-07,ORG,Microsoft
Alex attended a conference on 2009-12-10,PERSON,Alex
Tokyo will host the event in 2011-06-06,GPE,Tokyo
John works at Microsoft in Paris since 2003-02-08,PERSON,John
John works at Microsoft in Paris since 2003-02-08,ORG,Microsoft
John works at Microsoft in Paris since 2003-02-08,GPE,Paris
The meeting with Sara from Microsoft is scheduled for 1970-03-22,PERSON,Sara
The meeting with Sara from Microsoft is scheduled for 1970-03-22,ORG,Microsoft
Meta announced new projects starting 1975-07-03,ORG,Meta
Amazon announced new projects starting 1994-06-16,ORG,Amazon
The meeting with Mary from Google is scheduled for 1972-12-20,PERSON,Mary
The meeting with Mary from Google is scheduled for 1972-12-20,ORG,Google
The meeting with Sara from Microsoft is scheduled for 1993-03-25,PERSON,Sara
The meeting with Sara from Microsoft is scheduled for 1993-03-25,ORG,Microsoft
The meeting with Sara from Amazon is scheduled for 1992-03-26,PERSON,Sara
The meeting with Sara from Amazon is scheduled for 1992-03-26,ORG,Amazon
The meeting with Sara from Google is scheduled for 1984-01-21,PERSON,Sara
The meeting with Sara from Google is scheduled for 1984-01-21,ORG,Google
Google announced new projects starting 1991-12-20,ORG,Google
Amazon announced new projects starting 2019-03-10,ORG,Amazon
Microsoft announced new projects starting 1974-08-15,ORG,Microsoft
Sara attended a conference on 1985-08-16,PERSON,Sara
Sara works at Google in Paris since 2012-06-21,PERSON,Sara
Sara works at Google in Paris since 2012-06-21,ORG,Google
Sara works at Google in Paris since 2012-06-21,GPE,Paris
Google announced new projects starting 1984-07-23,ORG,Google
Alex attended a conference on 1984-12-15,PERSON,Alex
Alex works at Meta in New York since 1971-05-24,PERSON,Alex
Alex works at Meta in New York since 1971-05-24,ORG,Meta
Microsoft announced new projects starting 2021-02-28,ORG,Microsoft
Alex works at Meta in New York since 1970-01-01,PERSON,Alex
Alex works at Meta in New York since 1970-01-01,ORG,Meta
Amazon announced new projects starting 1971-09-25,ORG,Amazon
The meeting with John from Meta is scheduled for 2001-11-06,PERSON,John
The meeting with John from Meta is scheduled for 2001-11-06,ORG,Meta
London will host the event in 1990-12-11,GPE,London
Mary works at Microsoft in New York since 1978-05-12,PERSON,Mary
Mary works at Microsoft in New York since 1978-05-12,ORG,Microsoft
Mary attended a conference on 1977-01-28,PERSON,Mary
Alex works at Amazon in Tokyo since 2015-11-14,PERSON,Alex
Alex works at Amazon in Tokyo since 2015-11-14,ORG,Amazon
Alex works at Amazon in Tokyo since 2015-11-14,GPE,Tokyo
Microsoft announced new projects starting 1991-06-21,ORG,Microsoft
Alex attended a conference on 1977-08-08,PERSON,Alex
Google announced new projects starting 1980-04-01,ORG,Google
Meta announced new projects starting 1983-06-04,ORG,Meta
The meeting with John from Amazon is scheduled for 1986-05-06,PERSON,John
The meeting with John from Amazon is scheduled for 1986-05-06,ORG,Amazon
Microsoft announced new projects starting 1975-08-31,ORG,Microsoft
John attended a conference on 2000-10-31,PERSON,John
The meeting with Alex from Microsoft is scheduled for 1991-08-07,PERSON,Alex
The meeting with Alex from Microsoft is scheduled for 1991-08-07,ORG,Microsoft
Google announced new projects starting 2006-08-07,ORG,Google
Alex attended a conference on 1994-10-13,PERSON,Alex
Sara works at Microsoft in London since 2015-09-17,PERSON,Sara
Sara works at Microsoft in London since 2015-09-17,ORG,Microsoft
Sara works at Microsoft in London since 2015-09-17,GPE,London
The meeting with John from Microsoft is scheduled for 2006-03-12,PERSON,John
The meeting with John from Microsoft is scheduled for 2006-03-12,ORG,Microsoft
London will host the event in 1978-11-23,GPE,London
Mary attended a conference on 2013-05-11,PERSON,Mary
Sara attended a conference on 1974-08-30,PERSON,Sara
The meeting with Alex from Google is scheduled for 1995-05-03,PERSON,Alex
The meeting with Alex from Google is scheduled for 1995-05-03,ORG,Google
Sara works at Microsoft in London since 1998-12-07,PERSON,Sara
Sara works at Microsoft in London since 1998-12-07,ORG,Microsoft
Sara works at Microsoft in London since 1998-12-07,GPE,London
John works at Google in London since 1985-10-21,PERSON,John
John works at Google in London since 1985-10-21,ORG,Google
John works at Google in London since 1985-10-21,GPE,London
Tokyo will host the event in 2004-02-20,GPE,Tokyo
Sara attended a conference on 1979-03-14,PERSON,Sara
Sara works at Amazon in Tokyo since 1989-11-04,PERSON,Sara
Sara works at Amazon in Tokyo since 1989-11-04,ORG,Amazon
Sara works at Amazon in Tokyo since 1989-11-04,GPE,Tokyo
Mary works at Google in London since 1973-12-20,PERSON,Mary
Mary works at Google in London since 1973-12-20,ORG,Google
Mary works at Google in London since 1973-12-20,GPE,London
The meeting with John from Microsoft is scheduled for 1999-11-24,PERSON,John
The meeting with John from Microsoft is scheduled for 1999-11-24,ORG,Microsoft
Amazon announced new projects starting 2010-05-01,ORG,Amazon
The meeting with Sara from Amazon is scheduled for 1995-06-04,PERSON,Sara
The meeting with Sara from Amazon is scheduled for 1995-06-04,ORG,Amazon
Tokyo will host the event in 1986-05-21,GPE,Tokyo
Sara attended a conference on 2013-08-22,PERSON,Sara
Meta announced new projects starting 1971-11-22,ORG,Meta
Tokyo will host the event in 2008-03-26,GPE,Tokyo
Meta announced new projects starting 1989-09-30,ORG,Meta
Paris will host the event in 2019-01-08,GPE,Paris
Microsoft announced new projects starting 1990-04-24,ORG,Microsoft
John works at Meta in New York since 2011-08-26,PERSON,John
John works at Meta in New York since 2011-08-26,ORG,Meta
The meeting with Mary from Meta is scheduled for 2020-03-17,PERSON,Mary
The meeting with Mary from Meta is scheduled for 2020-03-17,ORG,Meta
John works at Amazon in Tokyo since 2024-07-21,PERSON,John
John works at Amazon in Tokyo since 2024-07-21,ORG,Amazon
John works at Amazon in Tokyo since 2024-07-21,GPE,Tokyo
John attended a conference on 1983-02-11,PERSON,John
Amazon announced new projects starting 2024-11-07,ORG,Amazon
The meeting with John from Microsoft is scheduled for 2017-07-27,PERSON,John
The meeting with John from Microsoft is scheduled for 2017-07-27,ORG,Microsoft
Microsoft announced new projects starting 1998-07-11,ORG,Microsoft
The meeting with Sara from Meta is scheduled for 1979-10-15,PERSON,Sara
The meeting with Sara from Meta is scheduled for 1979-10-15,ORG,Meta
Paris will host the event in 1987-04-18,GPE,Paris
Sara attended a conference on 1999-02-26,PERSON,Sara
Mary works at Google in New York since 2016-05-27,PERSON,Mary
Mary works at Google in New York since 2016-05-27,ORG,Google
Microsoft announced new projects starting 1997-04-19,ORG,Microsoft
The meeting with Alex from Meta is scheduled for 2024-11-17,PERSON,Alex
The meeting with Alex from Meta is scheduled for 2024-11-17,ORG,Meta
The meeting with Sara from Meta is scheduled for 1991-12-03,PERSON,Sara
The meeting with Sara from Meta is scheduled for 1991-12-03,ORG,Meta
The meeting with Mary from Google is scheduled for 1977-09-05,PERSON,Mary
The meeting with Mary from Google is scheduled for 1977-09-05,ORG,Google
The meeting with Sara from Amazon is scheduled for 2018-03-17,PERSON,Sara
The meeting with Sara from Amazon is scheduled for 2018-03-17,ORG,Amazon
Paris will host the event in 2013-11-10,GPE,Paris
Sara attended a conference on 1981-05-24,PERSON,Sara
London will host the event in 1993-12-23,GPE,London
Amazon announced new projects starting 2000-02-19,ORG,Amazon
Paris will host the event in 1994-02-08,GPE,Paris
The meeting with Mary from Meta is scheduled for 2017-08-22,PERSON,Mary
The meeting with Mary from Meta is scheduled for 2017-08-22,ORG,Meta
Amazon announced new projects starting 2012-01-12,ORG,Amazon
Mary works at Meta in Paris since 2010-02-25,PERSON,Mary
Mary works at Meta in Paris since 2010-02-25,ORG,Meta
Mary works at Meta in Paris since 2010-02-25,GPE,Paris
John works at Microsoft in Paris since 1975-04-23,PERSON,John
John works at Microsoft in Paris since 1975-04-23,ORG,Microsoft
John works at Microsoft in Paris since 1975-04-23,GPE,Paris
John attended a conference on 1993-04-17,PERSON,John
Sara attended a conference on 2006-05-25,PERSON,Sara
London will host the event in 1997-08-12,GPE,London
John attended a conference on 1985-06-07,PERSON,John
Sara works at Meta in Paris since 1975-01-20,PERSON,Sara
Sara works at Meta in Paris since 1975-01-20,ORG,Meta
Sara works at Meta in Paris since 1975-01-20,GPE,Paris
Sara works at Google in Paris since 2017-05-29,PERSON,Sara
Sara works at Google in Paris since 2017-05-29,ORG,Google
Sara works at Google in Paris since 2017-05-29,GPE,Paris
London will host the event in 2009-09-23,GPE,London
Sara attended a conference on 1996-08-11,PERSON,Sara
Mary works at Microsoft in New York since 2016-09-20,PERSON,Mary
Mary works at Microsoft in New York since 2016-09-20,ORG,Microsoft
Mary attended a conference on 2011-08-18,PERSON,Mary
Tokyo will host the event in 2023-07-18,GPE,Tokyo
John attended a conference on 2016-04-21,PERSON,John
Google announced new projects starting 1975-07-07,ORG,Google
Sara attended a conference on 1996-06-02,PERSON,Sara
John works at Meta in London since 2016-07-21,PERSON,John
John works at Meta in London since 2016-07-21,ORG,Meta
John works at Meta in London since 2016-07-21,GPE,London
John works at Meta in London since 2013-06-18,PERSON,John
John works at Meta in London since 2013-06-18,ORG,Meta
John works at Meta in London since 2013-06-18,GPE,London
Mary attended a conference on 2018-09-29,PERSON,Mary
Amazon announced new projects starting 2010-11-09,ORG,Amazon
Sara works at Google in London since 1993-05-19,PERSON,Sara
Sara works at Google in London since 1993-05-19,ORG,Google
Sara works at Google in London since 1993-05-19,GPE,London
The meeting with Sara from Meta is scheduled for 1989-06-03,PERSON,Sara
The meeting with Sara from Meta is scheduled for 1989-06-03,ORG,Meta
Tokyo will host the event in 2000-07-25,GPE,Tokyo
The meeting with John from Microsoft is scheduled for 1975-05-09,PERSON,John
The meeting with John from Microsoft is scheduled for 1975-05-09,ORG,Microsoft
The meeting with Mary from Microsoft is scheduled for 1999-12-16,PERSON,Mary
The meeting with Mary from Microsoft is scheduled for 1999-12-16,ORG,Microsoft
The meeting with Mary from Amazon is scheduled for 2010-03-24,PERSON,Mary
The meeting with Mary from Amazon is scheduled for 2010-03-24,ORG,Amazon
Sara works at Microsoft in New York since 1988-08-27,PERSON,Sara
Sara works at Microsoft in New York since 1988-08-27,ORG,Microsoft
Mary works at Amazon in Tokyo since 1982-01-12,PERSON,Mary
Mary works at Amazon in Tokyo since 1982-01-12,ORG,Amazon
Mary works at Amazon in Tokyo since 1982-01-12,GPE,Tokyo
Sara attended a conference on 1986-04-21,PERSON,Sara
London will host the event in 1981-11-05,GPE,London
John works at Microsoft in Paris since 1983-07-26,PERSON,John
John works at Microsoft in Paris since 1983-07-26,ORG,Microsoft
John works at Microsoft in Paris since 1983-07-26,GPE,Paris
Alex attended a conference on 1994-02-17,PERSON,Alex
John attended a conference on 1995-08-02,PERSON,John
The meeting with Mary from Google is scheduled for 2010-12-03,PERSON,Mary
The meeting with Mary from Google is scheduled for 2010-12-03,ORG,Google
Sara attended a conference on 1981-06-04,PERSON,Sara
Mary works at Meta in Tokyo since 1979-03-23,PERSON,Mary
Mary works at Meta in Tokyo since 1979-03-23,ORG,Meta
Mary works at Meta in Tokyo since 1979-03-23,GPE,Tokyo
The meeting with Sara from Amazon is scheduled for 1995-03-24,PERSON,Sara
The meeting with Sara from Amazon is scheduled for 1995-03-24,ORG,Amazon
Alex attended a conference on 1996-02-21,PERSON,Alex
London will host the event in 1986-02-19,GPE,London
Microsoft announced new projects starting 2020-07-16,ORG,Microsoft
Sara works at Amazon in New York since 2020-02-28,PERSON,Sara
Sara works at Amazon in New York since 2020-02-28,ORG,Amazon
The meeting with Alex from Microsoft is scheduled for 2003-02-02,PERSON,Alex
The meeting with Alex from Microsoft is scheduled for 2003-02-02,ORG,Microsoft
John attended a conference on 1976-12-10,PERSON,John
Alex works at Amazon in New York since 1997-10-28,PERSON,Alex
Alex works at Amazon in New York since 1997-10-28,ORG,Amazon
Mary works at Google in Tokyo since 1987-11-18,PERSON,Mary
Mary works at Google in Tokyo since 1987-11-18,ORG,Google
Mary works at Google in Tokyo since 1987-11-18,GPE,Tokyo
London will host the event in 1998-04-21,GPE,London
Meta announced new projects starting 2005-05-02,ORG,Meta
Meta announced new projects starting 2025-01-06,ORG,Meta
Tokyo will host the event in 2010-08-24,GPE,Tokyo
Google announced new projects starting 2005-04-26,ORG,Google
John attended a conference on 1977-09-27,PERSON,John
Amazon announced new projects starting 2023-09-10,ORG,Amazon
Alex attended a conference on 2002-11-25,PERSON,Alex
The meeting with John from Meta is scheduled for 2021-08-18,PERSON,John
The meeting with John from Meta is scheduled for 2021-08-18,ORG,Meta
The meeting with John from Amazon is scheduled for 1999-01-21,PERSON,John
The meeting with John from Amazon is scheduled for 1999-01-21,ORG,Amazon
London will host the event in 2004-08-14,GPE,London
The meeting with Sara from Google is scheduled for 2003-02-27,PERSON,Sara
The meeting with Sara from Google is scheduled for 2003-02-27,ORG,Google
John attended a conference on 2001-03-01,PERSON,John
The meeting with John from Amazon is scheduled for 1985-11-18,PERSON,John
The meeting with John from Amazon is scheduled for 1985-11-18,ORG,Amazon
Tokyo will host the event in 2018-08-21,GPE,Tokyo
The meeting with Alex from Meta is scheduled for 1976-06-03,PERSON,Alex
The meeting with Alex from Meta is scheduled for 1976-06-03,ORG,Meta
Sara works at Meta in London since 1998-12-17,PERSON,Sara
Sara works at Meta in London since 1998-12-17,ORG,Meta
Sara works at Meta in London since 1998-12-17,GPE,London
Mary works at Microsoft in Tokyo since 1973-04-30,PERSON,Mary
Mary works at Microsoft in Tokyo since 1973-04-30,ORG,Microsoft
Mary works at Microsoft in Tokyo since 1973-04-30,GPE,Tokyo
John attended a conference on 1998-10-10,PERSON,John
Mary works at Google in New York since 2018-11-30,PERSON,Mary
Mary works at Google in New York since 2018-11-30,ORG,Google
Alex attended a conference on 1970-04-11,PERSON,Alex
Microsoft announced new projects starting 1975-12-15,ORG,Microsoft
The meeting with Sara from Amazon is scheduled for 1988-03-17,PERSON,Sara
The meeting with Sara from Amazon is scheduled for 1988-03-17,ORG,Amazon
Meta announced new projects starting 2017-02-09,ORG,Meta
The meeting with Alex from Google is scheduled for 1985-03-19,PERSON,Alex
The meeting with Alex from Google is scheduled for 1985-03-19,ORG,Google
Tokyo will host the event in 1971-06-30,GPE,Tokyo
Mary attended a conference on 1997-05-13,PERSON,Mary
Google announced new projects starting 1988-10-22,ORG,Google
Mary works at Meta in London since 1990-10-17,PERSON,Mary
Mary works at Meta in London since 1990-10-17,ORG,Meta
Mary works at Meta in London since 1990-10-17,GPE,London
Google announced new projects starting 2018-10-14,ORG,Google
The meeting with Mary from Microsoft is scheduled for 1989-06-17,PERSON,Mary
The meeting with Mary from Microsoft is scheduled for 1989-06-17,ORG,Microsoft
Tokyo will host the event in 2010-05-31,GPE,Tokyo
Sara works at Google in London since 2013-12-30,PERSON,Sara
Sara works at Google in London since 2013-12-30,ORG,Google
Sara works at Google in London since 2013-12-30,GPE,London
Alex attended a conference on 1988-12-23,PERSON,Alex
Google announced new projects starting 1971-03-20,ORG,Google
Paris will host the event in 2013-01-13,GPE,Paris
Alex works at Meta in Paris since 2011-01-30,PERSON,Alex
Alex works at Meta in Paris since 2011-01-30,ORG,Meta
Alex works at Meta in Paris since 2011-01-30,GPE,Paris
Mary works at Amazon in Tokyo since 1977-11-09,PERSON,Mary
Mary works at Amazon in Tokyo since 1977-11-09,ORG,Amazon
Mary works at Amazon in Tokyo since 1977-11-09,GPE,Tokyo
Microsoft announced new projects starting 2008-12-02,ORG,Microsoft
Sara attended a conference on 2021-12-27,PERSON,Sara
The meeting with Sara from Microsoft is scheduled for 1970-08-20,PERSON,Sara
The meeting with Sara from Microsoft is scheduled for 1970-08-20,ORG,Microsoft
Google announced new projects starting 2017-09-08,ORG,Google
Alex attended a conference on 1975-12-14,PERSON,Alex
Alex attended a conference on 1989-11-05,PERSON,Alex
Mary works at Google in London since 2016-11-05,PERSON,Mary
Mary works at Google in London since 2016-11-05,ORG,Google
Mary works at Google in London since 2016-11-05,GPE,London
Google announced new projects starting 1998-10-14,ORG,Google
The meeting with John from Google is scheduled for 1985-10-23,PERSON,John
The meeting with John from Google is scheduled for 1985-10-23,ORG,Google
The meeting with John from Meta is scheduled for 2007-09-22,PERSON,John
The meeting with John from Meta is scheduled for 2007-09-22,ORG,Meta
Google announced new projects starting 2000-03-22,ORG,Google
Meta announced new projects starting 1998-08-07,ORG,Meta
John works at Meta in Paris since 2007-11-24,PERSON,John
John works at Meta in Paris since 2007-11-24,ORG,Meta
John works at Meta in Paris since 2007-11-24,GPE,Paris
Amazon announced new projects starting 2015-10-10,ORG,Amazon
The meeting with John from Meta is scheduled for 1970-02-27,PERSON,John
The meeting with John from Meta is scheduled for 1970-02-27,ORG,Meta
Sara attended a conference on 2011-08-07,PERSON,Sara
Alex works at Google in London since 1989-07-11,PERSON,Alex
Alex works at Google in London since 1989-07-11,ORG,Google
Alex works at Google in London since 1989-07-11,GPE,London
Google announced new projects starting 2008-01-04,ORG,Google
The meeting with Sara from Google is scheduled for 2005-01-12,PERSON,Sara
The meeting with Sara from Google is scheduled for 2005-01-12,ORG,Google
John works at Meta in London since 2001-08-06,PERSON,John
John works at Meta in London since 2001-08-06,ORG,Meta
John works at Meta in London since 2001-08-06,GPE,London
John attended a conference on 2018-01-02,PERSON,John
Google announced new projects starting 1979-08-29,ORG,Google
Alex works at Microsoft in Tokyo since 2012-11-15,PERSON,Alex
Alex works at Microsoft in Tokyo since 2012-11-15,ORG,Microsoft
Alex works at Microsoft in Tokyo since 2012-11-15,GPE,Tokyo
Mary attended a conference on 2024-03-03,PERSON,Mary
The meeting with Sara from Meta is scheduled for 2020-09-26,PERSON,Sara
The meeting with Sara from Meta is scheduled for 2020-09-26,ORG,Meta
Meta announced new projects starting 2003-05-31,ORG,Meta
Alex attended a conference on 2010-03-16,PERSON,Alex
John attended a conference on 1973-09-02,PERSON,John
Sara works at Google in Paris since 1990-09-14,PERSON,Sara
Sara works at Google in Paris since 1990-09-14,ORG,Google
Sara works at Google in Paris since 1990-09-14,GPE,Paris
The meeting with Mary from Google is scheduled for 1988-07-13,PERSON,Mary
The meeting with Mary from Google is scheduled for 1988-07-13,ORG,Google
Amazon announced new projects starting 1974-10-13,ORG,Amazon
Alex works at Amazon in Tokyo since 1976-07-21,PERSON,Alex
Alex works at Amazon in Tokyo since 1976-07-21,ORG,Amazon
Alex works at Amazon in Tokyo since 1976-07-21,GPE,Tokyo
Mary works at Meta in New York since 2022-04-02,PERSON,Mary
Mary works at Meta in New York since 2022-04-02,ORG,Meta
Alex works at Microsoft in London since 1989-06-08,PERSON,Alex
Alex works at Microsoft in London since 1989-06-08,ORG,Microsoft
Alex works at Microsoft in London since 1989-06-08,GPE,London
The meeting with John from Google is scheduled for 1978-06-10,PERSON,John
The meeting with John from Google is scheduled for 1978-06-10,ORG,Google
Amazon announced new projects starting 2024-09-20,ORG,Amazon
Alex works at Microsoft in New York since 1992-06-01,PERSON,Alex
Alex works at Microsoft in New York since 1992-06-01,ORG,Microsoft
The meeting with John from Microsoft is scheduled for 1984-07-28,PERSON,John
The meeting with John from Microsoft is scheduled for 1984-07-28,ORG,Microsoft
London will host the event in 1989-01-11,GPE,London
Google announced new projects starting 1972-09-06,ORG,Google
Mary attended a conference on 1999-01-27,PERSON,Mary
The meeting with Sara from Amazon is scheduled for 1997-01-20,PERSON,Sara
The meeting with Sara from Amazon is scheduled for 1997-01-20,ORG,Amazon
John works at Google in Tokyo since 1985-10-08,PERSON,John
John works at Google in Tokyo since 1985-10-08,ORG,Google
John works at Google in Tokyo since 1985-10-08,GPE,Tokyo
London will host the event in 2003-10-10,GPE,London
The meeting with John from Google is scheduled for 1983-03-27,PERSON,John
The meeting with John from Google is scheduled for 1983-03-27,ORG,Google
The meeting with Mary from Amazon is scheduled for 1976-11-09,PERSON,Mary
The meeting with Mary from Amazon is scheduled for 1976-11-09,ORG,Amazon
Alex works at Google in Tokyo since 1975-10-01,PERSON,Alex
Alex works at Google in Tokyo since 1975-10-01,ORG,Google
Alex works at Google in Tokyo since 1975-10-01,GPE,Tokyo
London will host the event in 1999-11-08,GPE,London
Microsoft announced new projects starting 1995-06-07,ORG,Microsoft
The meeting with Alex from Microsoft is scheduled for 2010-09-06,PERSON,Alex
The meeting with Alex from Microsoft is scheduled for 2010-09-06,ORG,Microsoft
Amazon announced new projects starting 1989-10-28,ORG,Amazon
John works at Google in Paris since 2007-04-02,PERSON,John
John works at Google in Paris since 2007-04-02,ORG,Google
John works at Google in Paris since 2007-04-02,GPE,Paris
John works at Google in Tokyo since 1980-05-30,PERSON,John
John works at Google in Tokyo since 1980-05-30,ORG,Google
John works at Google in Tokyo since 1980-05-30,GPE,Tokyo
Paris will host the event in 1991-01-01,GPE,Paris
The meeting with Alex from Microsoft is scheduled for 1982-09-29,PERSON,Alex
The meeting with Alex from Microsoft is scheduled for 1982-09-29,ORG,Microsoft
Alex attended a conference on 1979-12-20,PERSON,Alex
Sara works at Microsoft in Tokyo since 2007-05-16,PERSON,Sara
Sara works at Microsoft in Tokyo since 2007-05-16,ORG,Microsoft
Sara works at Microsoft in Tokyo since 2007-05-16,GPE,Tokyo
London will host the event in 1988-12-23,GPE,London
London will host the event in 2013-03-25,GPE,London
Amazon announced new projects starting 1975-08-17,ORG,Amazon
London will host the event in 1989-07-30,GPE,London
Mary works at Microsoft in Tokyo since 1981-10-10,PERSON,Mary
Mary works at Microsoft in Tokyo since 1981-10-10,ORG,Microsoft
Mary works at Microsoft in Tokyo since 1981-10-10,GPE,Tokyo
Sara attended a conference on 1973-04-17,PERSON,Sara
Mary attended a conference on 2009-10-11,PERSON,Mary
Alex works at Amazon in New York since 1982-01-18,PERSON,Alex
Alex works at Amazon in New York since 1982-01-18,ORG,Amazon
The meeting with Alex from Microsoft is scheduled for 1995-07-17,PERSON,Alex
The meeting with Alex from Microsoft is scheduled for 1995-07-17,ORG,Microsoft
Sara attended a conference on 1992-03-12,PERSON,Sara
Mary attended a conference on 2011-05-25,PERSON,Mary
The meeting with Alex from Amazon is scheduled for 1981-02-19,PERSON,Alex
The meeting with Alex from Amazon is scheduled for 1981-02-19,ORG,Amazon
The meeting with Alex from Microsoft is scheduled for 1992-11-11,PERSON,Alex
The meeting with Alex from Microsoft is scheduled for 1992-11-11,ORG,Microsoft
John attended a conference on 2007-09-19,PERSON,John
Sara attended a conference on 1991-07-24,PERSON,Sara
The meeting with Sara from Microsoft is scheduled for 1970-04-27,PERSON,Sara
The meeting with Sara from Microsoft is scheduled for 1970-04-27,ORG,Microsoft
Tokyo will host the event in 1972-01-02,GPE,Tokyo
The meeting with Sara from Meta is scheduled for 1986-11-15,PERSON,Sara
The meeting with Sara from Meta is scheduled for 1986-11-15,ORG,Meta
Meta announced new projects starting 1986-12-20,ORG,Meta
Sara attended a conference on 1989-07-31,PERSON,Sara
Sara works at Microsoft in Tokyo since 1971-02-08,PERSON,Sara
Sara works at Microsoft in Tokyo since 1971-02-08,ORG,Microsoft
Sara works at Microsoft in Tokyo since 1971-02-08,GPE,Tokyo
Google announced new projects starting 1972-12-18,ORG,Google
Google announced new projects starting 1990-02-21,ORG,Google
Sara attended a conference on 2006-06-14,PERSON,Sara
Sara attended a conference on 1989-02-27,PERSON,Sara
Meta announced new projects starting 1995-02-02,ORG,Meta
Microsoft announced new projects starting 2015-11-10,ORG,Microsoft
The meeting with Mary from Amazon is scheduled for 2013-09-14,PERSON,Mary
The meeting with Mary from Amazon is scheduled for 2013-09-14,ORG,Amazon
Google announced new projects starting 1999-01-13,ORG,Google
Mary works at Google in New York since 2020-07-21,PERSON,Mary
Mary works at Google in New York since 2020-07-21,ORG,Google
London will host the event in 2019-03-02,GPE,London
Paris will host the event in 1986-08-06,GPE,Paris
Sara attended a conference on 1997-10-15,PERSON,Sara
The meeting with John from Meta is scheduled for 2000-05-13,PERSON,John
The meeting with John from Meta is scheduled for 2000-05-13,ORG,Meta
Sara attended a conference on 1980-05-12,PERSON,Sara
Alex attended a conference on 2024-11-06,PERSON,Alex
Alex attended a conference on 1982-12-13,PERSON,Alex
Meta announced new projects starting 1983-05-29,ORG,Meta
London will host the event in 1977-04-01,GPE,London
John works at Google in New York since 2024-04-02,PERSON,John
John works at Google in New York since 2024-04-02,ORG,Google
Mary works at Google in Tokyo since 1984-06-22,PERSON,Mary
Mary works at Google in Tokyo since 1984-06-22,ORG,Google
Mary works at Google in Tokyo since 1984-06-22,GPE,Tokyo
The meeting with John from Amazon is scheduled for 1982-01-26,PERSON,John
The meeting with John from Amazon is scheduled for 1982-01-26,ORG,Amazon
The meeting with Mary from Google is scheduled for 2005-09-05,PERSON,Mary
The meeting with Mary from Google is scheduled for 2005-09-05,ORG,Google
Paris will host the event in 1986-11-11,GPE,Paris
Alex attended a conference on 2017-10-26,PERSON,Alex
John works at Google in Tokyo since 1996-09-17,PERSON,John
John works at Google in Tokyo since 1996-09-17,ORG,Google
John works at Google in Tokyo since 1996-09-17,GPE,Tokyo
Tokyo will host the event in 1974-11-18,GPE,Tokyo
John works at Meta in London since 2022-11-29,PERSON,John
John works at Meta in London since 2022-11-29,ORG,Meta
John works at Meta in London since 2022-11-29,GPE,London
Mary works at Meta in Tokyo since 2007-06-28,PERSON,Mary
Mary works at Meta in Tokyo since 2007-06-28,ORG,Meta
Mary works at Meta in Tokyo since 2007-06-28,GPE,Tokyo
John attended a conference on 1981-02-15,PERSON,John
The meeting with Alex from Microsoft is scheduled for 1976-02-22,PERSON,Alex
The meeting with Alex from Microsoft is scheduled for 1976-02-22,ORG,Microsoft
Meta announced new projects starting 1990-12-30,ORG,Meta
Microsoft announced new projects starting 1991-09-18,ORG,Microsoft
Alex attended a conference on 2008-06-07,PERSON,Alex
Mary attended a conference on 1984-02-09,PERSON,Mary
Paris will host the event in 1988-01-19,GPE,Paris
Sara attended a conference on 1997-08-09,PERSON,Sara
The meeting with John from Google is scheduled for 1981-03-04,PERSON,John
The meeting with John from Google is scheduled for 1981-03-04,ORG,Google
Mary works at Meta in New York since 1987-10-29,PERSON,Mary
Mary works at Meta in New York since 1987-10-29,ORG,Meta
Google announced new projects starting 2019-04-28,ORG,Google
Alex works at Microsoft in Tokyo since 1979-11-04,PERSON,Alex
Alex works at Microsoft in Tokyo since 1979-11-04,ORG,Microsoft
Alex works at Microsoft in Tokyo since 1979-11-04,GPE,Tokyo
The meeting with Alex from Meta is scheduled for 2000-07-21,PERSON,Alex
The meeting with Alex from Meta is scheduled for 2000-07-21,ORG,Meta
Google announced new projects starting 2007-10-11,ORG,Google
John attended a conference on 1970-10-12,PERSON,John
Mary works at Amazon in New York since 1985-11-08,PERSON,Mary
Mary works at Amazon in New York since 1985-11-08,ORG,Amazon
Mary works at Meta in London since 1997-10-14,PERSON,Mary
Mary works at Meta in London since 1997-10-14,ORG,Meta
Mary works at Meta in London since 1997-10-14,GPE,London
Paris will host the event in 1990-11-20,GPE,Paris
Alex works at Google in Paris since 2009-12-09,PERSON,Alex
Alex works at Google in Paris since 2009-12-09,ORG,Google
Alex works at Google in Paris since 2009-12-09,GPE,Paris
Alex attended a conference on 2004-07-06,PERSON,Alex
Mary attended a conference on 2001-11-29,PERSON,Mary
The meeting with Alex from Amazon is scheduled for 2023-09-05,PERSON,Alex
The meeting with Alex from Amazon is scheduled for 2023-09-05,ORG,Amazon
The meeting with Sara from Meta is scheduled for 1981-12-26,PERSON,Sara
The meeting with Sara from Meta is scheduled for 1981-12-26,ORG,Meta
John works at Google in Paris since 1988-05-20,PERSON,John
John works at Google in Paris since 1988-05-20,ORG,Google
John works at Google in Paris since 1988-05-20,GPE,Paris
Mary attended a conference on 1985-08-28,PERSON,Mary
Amazon announced new projects starting 1970-03-11,ORG,Amazon
Meta announced new projects starting 2008-09-29,ORG,Meta
Tokyo will host the event in 2015-02-05,GPE,Tokyo
Meta announced new projects starting 1985-12-05,ORG,Meta
Tokyo will host the event in 2012-04-22,GPE,Tokyo
London will host the event in 2000-09-05,GPE,London
London will host the event in 2001-04-30,GPE,London
Mary attended a conference on 2009-10-28,PERSON,Mary
Sara works at Google in Tokyo since 1981-08-10,PERSON,Sara
Sara works at Google in Tokyo since 1981-08-10,ORG,Google
Sara works at Google in Tokyo since 1981-08-10,GPE,Tokyo
The meeting with Mary from Meta is scheduled for 1970-09-22,PERSON,Mary
The meeting with Mary from Meta is scheduled for 1970-09-22,ORG,Meta
Meta announced new projects starting 1970-05-27,ORG,Meta
John attended a conference on 1998-07-05,PERSON,John
The meeting with Mary from Google is scheduled for 1983-05-17,PERSON,Mary
The meeting with Mary from Google is scheduled for 1983-05-17,ORG,Google
Paris will host the event in 2009-03-29,GPE,Paris
The meeting with John from Amazon is scheduled for 2003-07-15,PERSON,John
The meeting with John from Amazon is scheduled for 2003-07-15,ORG,Amazon
The meeting with Alex from Amazon is scheduled for 2005-07-14,PERSON,Alex
The meeting with Alex from Amazon is scheduled for 2005-07-14,ORG,Amazon
John attended a conference on 2003-05-29,PERSON,John
John attended a conference on 2025-02-03,PERSON,John
The meeting with John from Microsoft is scheduled for 1992-03-24,PERSON,John
The meeting with John from Microsoft is scheduled for 1992-03-24,ORG,Microsoft
The meeting with Mary from Amazon is scheduled for 2011-04-19,PERSON,Mary
The meeting with Mary from Amazon is scheduled for 2011-04-19,ORG,Amazon
Sara works at Microsoft in Paris since 2002-04-07,PERSON,Sara
Sara works at Microsoft in Paris since 2002-04-07,ORG,Microsoft
Sara works at Microsoft in Paris since 2002-04-07,GPE,Paris
The meeting with Mary from Microsoft is scheduled for 2023-07-11,PERSON,Mary
The meeting with Mary from Microsoft is scheduled for 2023-07-11,ORG,Microsoft
Mary attended a conference on 2017-09-24,PERSON,Mary
The meeting with John from Amazon is scheduled for 1975-12-09,PERSON,John
The meeting with John from Amazon is scheduled for 1975-12-09,ORG,Amazon
The meeting with Sara from Meta is scheduled for 1976-10-30,PERSON,Sara
The meeting with Sara from Meta is scheduled for 1976-10-30,ORG,Meta
The meeting with Mary from Meta is scheduled for 2008-06-12,PERSON,Mary
The meeting with Mary from Meta is scheduled for 2008-06-12,ORG,Meta
Microsoft announced new projects starting 2020-11-16,ORG,Microsoft
John attended a conference on 2019-01-20,PERSON,John
John attended a conference on 2003-03-05,PERSON,John
Meta announced new projects starting 1994-06-29,ORG,Meta
Microsoft announced new projects starting 1970-01-06,ORG,Microsoft
London will host the event in 2009-02-06,GPE,London
Alex works at Google in London since 1975-02-15,PERSON,Alex
Alex works at Google in London since 1975-02-15,ORG,Google
Alex works at Google in London since 1975-02-15,GPE,London
John attended a conference on 1981-12-17,PERSON,John
John works at Microsoft in London since 2006-12-14,PERSON,John
John works at Microsoft in London since 2006-12-14,ORG,Microsoft
John works at Microsoft in London since 2006-12-14,GPE,London
John works at Microsoft in New York since 1986-02-03,PERSON,John
John works at Microsoft in New York since 1986-02-03,ORG,Microsoft
Google announced new projects starting 1989-03-27,ORG,Google
Alex attended a conference on 1979-08-02,PERSON,Alex
Meta announced new projects starting 1998-08-21,ORG,Meta
The meeting with John from Google is scheduled for 1984-04-10,PERSON,John
The meeting with John from Google is scheduled for 1984-04-10,ORG,Google
Sara attended a conference on 1975-05-16,PERSON,Sara
The meeting with John from Meta is scheduled for 2007-06-21,PERSON,John
The meeting with John from Meta is scheduled for 2007-06-21,ORG,Meta
Sara works at Amazon in Tokyo since 1999-02-02,PERSON,Sara
Sara works at Amazon in Tokyo since 1999-02-02,ORG,Amazon
Sara works at Amazon in Tokyo since 1999-02-02,GPE,Tokyo
The meeting with Sara from Microsoft is scheduled for 1992-08-12,PERSON,Sara
The meeting with Sara from Microsoft is scheduled for 1992-08-12,ORG,Microsoft
Mary works at Microsoft in Tokyo since 1976-04-23,PERSON,Mary
Mary works at Microsoft in Tokyo since 1976-04-23,ORG,Microsoft
Mary works at Microsoft in Tokyo since 1976-04-23,GPE,Tokyo
Alex works at Amazon in London since 1974-04-24,PERSON,Alex
Alex works at Amazon in London since 1974-04-24,ORG,Amazon
Alex works at Amazon in London since 1974-04-24,GPE,London
London will host the event in 1995-02-05,GPE,London
Paris will host the event in 1970-10-19,GPE,Paris
The meeting with Sara from Meta is scheduled for 2006-02-28,PERSON,Sara
The meeting with Sara from Meta is scheduled for 2006-02-28,ORG,Meta
John works at Google in Tokyo since 1993-07-28,PERSON,John
John works at Google in Tokyo since 1993-07-28,ORG,Google
John works at Google in Tokyo since 1993-07-28,GPE,Tokyo
The meeting with John from Google is scheduled for 2013-12-30,PERSON,John
The meeting with John from Google is scheduled for 2013-12-30,ORG,Google
Microsoft announced new projects starting 1984-07-03,ORG,Microsoft
The meeting with Alex from Amazon is scheduled for 2007-10-05,PERSON,Alex
The meeting with Alex from Amazon is scheduled for 2007-10-05,ORG,Amazon
Mary works at Amazon in London since 1971-01-16,PERSON,Mary
Mary works at Amazon in London since 1971-01-16,ORG,Amazon
Mary works at Amazon in London since 1971-01-16,GPE,London
John attended a conference on 1977-02-02,PERSON,John
The meeting with Mary from Microsoft is scheduled for 1996-03-20,PERSON,Mary
The meeting with Mary from Microsoft is scheduled for 1996-03-20,ORG,Microsoft
Meta announced new projects starting 2007-10-29,ORG,Meta
Meta announced new projects starting 1971-09-30,ORG,Meta
Google announced new projects starting 1998-10-09,ORG,Google
Sara attended a conference on 1994-12-28,PERSON,Sara
The meeting with Mary from Amazon is scheduled for 2008-05-01,PERSON,Mary
The meeting with Mary from Amazon is scheduled for 2008-05-01,ORG,Amazon
Microsoft announced new projects starting 1985-06-23,ORG,Microsoft
Paris will host the event in 1980-10-20,GPE,Paris
Tokyo will host the event in 1974-10-11,GPE,Tokyo
Tokyo will host the event in 2008-12-22,GPE,Tokyo
John attended a conference on 2018-11-19,PERSON,John
Mary works at Meta in New York since 2011-10-17,PERSON,Mary
Mary works at Meta in New York since 2011-10-17,ORG,Meta
Mary attended a conference on 1970-06-06,PERSON,Mary
Amazon announced new projects starting 2010-10-16,ORG,Amazon
Google announced new projects starting 2005-09-04,ORG,Google
Alex works at Meta in Paris since 1974-07-29,PERSON,Alex
Alex works at Meta in Paris since 1974-07-29,ORG,Meta
Alex works at Meta in Paris since 1974-07-29,GPE,Paris
The meeting with Mary from Meta is scheduled for 2003-03-29,PERSON,Mary
The meeting with Mary from Meta is scheduled for 2003-03-29,ORG,Meta
John works at Google in London since 1978-05-30,PERSON,John
John works at Google in London since 1978-05-30,ORG,Google
John works at Google in London since 1978-05-30,GPE,London
London will host the event in 1995-09-14,GPE,London
Paris will host the event in 2016-06-27,GPE,Paris
Paris will host the event in 1997-10-07,GPE,Paris
Amazon announced new projects starting 1989-12-29,ORG,Amazon
The meeting with John from Microsoft is scheduled for 2009-08-19,PERSON,John
The meeting with John from Microsoft is scheduled for 2009-08-19,ORG,Microsoft
Alex works at Microsoft in London since 2025-02-21,PERSON,Alex
Alex works at Microsoft in London since 2025-02-21,ORG,Microsoft
Alex works at Microsoft in London since 2025-02-21,GPE,London
London will host the event in 1982-08-09,GPE,London
John works at Meta in New York since 1998-09-27,PERSON,John
John works at Meta in New York since 1998-09-27,ORG,Meta
Paris will host the event in 1985-07-15,GPE,Paris
Alex attended a conference on 1980-01-20,PERSON,Alex
Tokyo will host the event in 2014-01-23,GPE,Tokyo
Google announced new projects starting 1991-01-04,ORG,Google
The meeting with Mary from Amazon is scheduled for 2019-07-25,PERSON,Mary
The meeting with Mary from Amazon is scheduled for 2019-07-25,ORG,Amazon
The meeting with Sara from Microsoft is scheduled for 1993-02-04,PERSON,Sara
The meeting with Sara from Microsoft is scheduled for 1993-02-04,ORG,Microsoft
Paris will host the event in 1985-04-04,GPE,Paris
Sara attended a conference on 1974-03-05,PERSON,Sara
The meeting with Mary from Google is scheduled for 1987-01-22,PERSON,Mary
The meeting with Mary from Google is scheduled for 1987-01-22,ORG,Google
The meeting with Alex from Microsoft is scheduled for 2021-10-21,PERSON,Alex
The meeting with Alex from Microsoft is scheduled for 2021-10-21,ORG,Microsoft
Sara works at Microsoft in New York since 2006-04-01,PERSON,Sara
Sara works at Microsoft in New York since 2006-04-01,ORG,Microsoft
Alex works at Google in Paris since 1999-11-09,PERSON,Alex
Alex works at Google in Paris since 1999-11-09,ORG,Google
Alex works at Google in Paris since 1999-11-09,GPE,Paris
Microsoft announced new projects starting 1990-10-16,ORG,Microsoft
The meeting with Alex from Google is scheduled for 1982-03-31,PERSON,Alex
The meeting with Alex from Google is scheduled for 1982-03-31,ORG,Google
The meeting with Sara from Microsoft is scheduled for 2007-02-17,PERSON,Sara
The meeting with Sara from Microsoft is scheduled for 2007-02-17,ORG,Microsoft
John works at Microsoft in Paris since 1992-10-02,PERSON,John
John works at Microsoft in Paris since 1992-10-02,ORG,Microsoft
John works at Microsoft in Paris since 1992-10-02,GPE,Paris
John works at Meta in London since 2003-05-09,PERSON,John
John works at Meta in London since 2003-05-09,ORG,Meta
John works at Meta in London since 2003-05-09,GPE,London
Sara attended a conference on 2017-07-01,PERSON,Sara
Mary works at Microsoft in London since 2001-03-18,PERSON,Mary
Mary works at Microsoft in London since 2001-03-18,ORG,Microsoft
Mary works at Microsoft in London since 2001-03-18,GPE,London
Microsoft announced new projects starting 1999-02-03,ORG,Microsoft
Mary works at Google in Paris since 2019-08-17,PERSON,Mary
Mary works at Google in Paris since 2019-08-17,ORG,Google
Mary works at Google in Paris since 2019-08-17,GPE,Paris
Alex works at Microsoft in Tokyo since 2021-06-01,PERSON,Alex
Alex works at Microsoft in Tokyo since 2021-06-01,ORG,Microsoft
Alex works at Microsoft in Tokyo since 2021-06-01,GPE,Tokyo
Sara attended a conference on 2017-01-30,PERSON,Sara
Paris will host the event in 1980-10-26,GPE,Paris
John works at Microsoft in Paris since 1999-01-24,PERSON,John
John works at Microsoft in Paris since 1999-01-24,ORG,Microsoft
John works at Microsoft in Paris since 1999-01-24,GPE,Paris
Sara works at Microsoft in New York since 1981-11-12,PERSON,Sara
Sara works at Microsoft in New York since 1981-11-12,ORG,Microsoft
The meeting with Sara from Meta is scheduled for 1996-07-15,PERSON,Sara
The meeting with Sara from Meta is scheduled for 1996-07-15,ORG,Meta
Sara works at Microsoft in Tokyo since 1994-12-05,PERSON,Sara
Sara works at Microsoft in Tokyo since 1994-12-05,ORG,Microsoft
Sara works at Microsoft in Tokyo since 1994-12-05,GPE,Tokyo
Alex attended a conference on 2005-09-21,PERSON,Alex
The meeting with Mary from Meta is scheduled for 1998-01-02,PERSON,Mary
The meeting with Mary from Meta is scheduled for 1998-01-02,ORG,Meta
Google announced new projects starting 1997-07-18,ORG,Google
Microsoft announced new projects starting 2002-07-22,ORG,Microsoft
Mary attended a conference on 2018-09-29,PERSON,Mary
Alex attended a conference on 1971-12-10,PERSON,Alex
Mary attended a conference on 1995-02-14,PERSON,Mary
Sara attended a conference on 1980-08-13,PERSON,Sara
London will host the event in 2008-03-03,GPE,London
Alex attended a conference on 1982-11-28,PERSON,Alex
The meeting with Mary from Amazon is scheduled for 2007-08-11,PERSON,Mary
The meeting with Mary from Amazon is scheduled for 2007-08-11,ORG,Amazon
Amazon announced new projects starting 1977-06-28,ORG,Amazon
London will host the event in 1973-09-02,GPE,London
Google announced new projects starting 1998-07-06,ORG,Google
Sara works at Amazon in Tokyo since 1994-05-16,PERSON,Sara
Sara works at Amazon in Tokyo since 1994-05-16,ORG,Amazon
Sara works at Amazon in Tokyo since 1994-05-16,GPE,Tokyo
Google announced new projects starting 2023-01-03,ORG,Google
John works at Amazon in London since 1991-07-23,PERSON,John
John works at Amazon in London since 1991-07-23,ORG,Amazon
John works at Amazon in London since 1991-07-23,GPE,London
Google announced new projects starting 2016-01-16,ORG,Google
The meeting with Alex from Google is scheduled for 2000-09-03,PERSON,Alex
The meeting with Alex from Google is scheduled for 2000-09-03,ORG,Google
The meeting with Sara from Google is scheduled for 2009-10-13,PERSON,Sara
The meeting with Sara from Google is scheduled for 2009-10-13,ORG,Google
Microsoft announced new projects starting 1988-01-06,ORG,Microsoft
Mary works at Amazon in London since 1989-01-11,PERSON,Mary
Mary works at Amazon in London since 1989-01-11,ORG,Amazon
Mary works at Amazon in London since 1989-01-11,GPE,London
Tokyo will host the event in 2011-02-12,GPE,Tokyo
London will host the event in 1971-12-23,GPE,London
Sara works at Amazon in Paris since 1995-01-22,PERSON,Sara
Sara works at Amazon in Paris since 1995-01-22,ORG,Amazon
Sara works at Amazon in Paris since 1995-01-22,GPE,Paris
Sara works at Microsoft in Tokyo since 1977-12-12,PERSON,Sara
Sara works at Microsoft in Tokyo since 1977-12-12,ORG,Microsoft
Sara works at Microsoft in Tokyo since 1977-12-12,GPE,Tokyo
Sara attended a conference on 1992-08-02,PERSON,Sara
Alex attended a conference on 1986-02-21,PERSON,Alex
The meeting with Mary from Google is scheduled for 2018-10-20,PERSON,Mary
The meeting with Mary from Google is scheduled for 2018-10-20,ORG,Google
Amazon announced new projects starting 2003-11-26,ORG,Amazon
The meeting with Sara from Google is scheduled for 2017-09-11,PERSON,Sara
The meeting with Sara from Google is scheduled for 2017-09-11,ORG,Google
The meeting with John from Amazon is scheduled for 2010-02-08,PERSON,John
The meeting with John from Amazon is scheduled for 2010-02-08,ORG,Amazon
Alex works at Microsoft in New York since 1986-10-07,PERSON,Alex
Alex works at Microsoft in New York since 1986-10-07,ORG,Microsoft
The meeting with Alex from Meta is scheduled for 2001-03-16,PERSON,Alex
The meeting with Alex from Meta is scheduled for 2001-03-16,ORG,Meta
Paris will host the event in 1992-10-25,GPE,Paris
Meta announced new projects starting 1970-05-06,ORG,Meta
Tokyo will host the event in 1982-04-24,GPE,Tokyo
London will host the event in 2002-02-26,GPE,London
Amazon announced new projects starting 2009-06-25,ORG,Amazon
Sara attended a conference on 2012-09-26,PERSON,Sara
Mary works at Google in London since 2000-12-18,PERSON,Mary
Mary works at Google in London since 2000-12-18,ORG,Google
Mary works at Google in London since 2000-12-18,GPE,London
The meeting with Sara from Meta is scheduled for 1973-11-29,PERSON,Sara
The meeting with Sara from Meta is scheduled for 1973-11-29,ORG,Meta
London will host the event in 2004-07-29,GPE,London
John attended a conference on 2024-07-02,PERSON,John
Mary attended a conference on 1993-02-04,PERSON,Mary
London will host the event in 2014-09-04,GPE,London
The meeting with John from Microsoft is scheduled for 2023-07-24,PERSON,John
The meeting with John from Microsoft is scheduled for 2023-07-24,ORG,Microsoft
Paris will host the event in 1995-07-19,GPE,Paris
John works at Microsoft in London since 2021-10-04,PERSON,John
John works at Microsoft in London since 2021-10-04,ORG,Microsoft
John works at Microsoft in London since 2021-10-04,GPE,London
The meeting with Alex from Meta is scheduled for 1994-11-10,PERSON,Alex
The meeting with Alex from Meta is scheduled for 1994-11-10,ORG,Meta
Google announced new projects starting 2009-03-22,ORG,Google
John works at Google in Paris since 1971-02-05,PERSON,John
John works at Google in Paris since 1971-02-05,ORG,Google
John works at Google in Paris since 1971-02-05,GPE,Paris
The meeting with John from Amazon is scheduled for 2006-11-09,PERSON,John
The meeting with John from Amazon is scheduled for 2006-11-09,ORG,Amazon
Google announced new projects starting 2014-07-18,ORG,Google
Google announced new projects starting 1978-05-16,ORG,Google
Mary attended a conference on 1987-05-07,PERSON,Mary
John attended a conference on 1980-12-26,PERSON,John
John attended a conference on 2016-09-09,PERSON,John
The meeting with Mary from Meta is scheduled for 2015-11-25,PERSON,Mary
The meeting with Mary from Meta is scheduled for 2015-11-25,ORG,Meta
Tokyo will host the event in 2022-06-23,GPE,Tokyo
John attended a conference on 1971-09-27,PERSON,John
Tokyo will host the event in 1993-05-27,GPE,Tokyo
Meta announced new projects starting 1971-10-19,ORG,Meta
Meta announced new projects starting 1996-01-23,ORG,Meta
Microsoft announced new projects starting 2013-07-31,ORG,Microsoft
London will host the event in 1974-03-02,GPE,London
London will host the event in 2005-08-31,GPE,London
Google announced new projects starting 2010-02-15,ORG,Google
Amazon announced new projects starting 2013-09-13,ORG,Amazon
Sara works at Amazon in New York since 1998-09-15,PERSON,Sara
Sara works at Amazon in New York since 1998-09-15,ORG,Amazon
London will host the event in 2021-02-15,GPE,London
Meta announced new projects starting 1974-07-22,ORG,Meta
Sara works at Microsoft in London since 1989-05-19,PERSON,Sara
Sara works at Microsoft in London since 1989-05-19,ORG,Microsoft
Sara works at Microsoft in London since 1989-05-19,GPE,London
The meeting with Sara from Microsoft is scheduled for 1981-11-14,PERSON,Sara
The meeting with Sara from Microsoft is scheduled for 1981-11-14,ORG,Microsoft
Microsoft announced new projects starting 1977-01-04,ORG,Microsoft
Sara attended a conference on 2003-07-27,PERSON,Sara
Microsoft announced new projects starting 1991-09-13,ORG,Microsoft
John attended a conference on 1986-03-14,PERSON,John
The meeting with Sara from Google is scheduled for 1975-07-12,PERSON,Sara
The meeting with Sara from Google is scheduled for 1975-07-12,ORG,Google
Meta announced new projects starting 2024-05-16,ORG,Meta
Alex works at Meta in New York since 2016-05-05,PERSON,Alex
Alex works at Meta in New York since 2016-05-05,ORG,Meta
Paris will host the event in 1998-01-16,GPE,Paris
Alex works at Google in New York since 1970-02-24,PERSON,Alex
Alex works at Google in New York since 1970-02-24,ORG,Google
Sara attended a conference on 1985-03-07,PERSON,Sara
Sara attended a conference on 1981-05-08,PERSON,Sara
Sara attended a conference on 2016-07-21,PERSON,Sara
John attended a conference on 1971-07-27,PERSON,John
Amazon announced new projects starting 1980-10-27,ORG,Amazon
London will host the event in 2018-01-02,GPE,London
The meeting with Alex from Microsoft is scheduled for 2017-05-25,PERSON,Alex
The meeting with Alex from Microsoft is scheduled for 2017-05-25,ORG,Microsoft
Mary works at Google in Paris since 2014-12-02,PERSON,Mary
Mary works at Google in Paris since 2014-12-02,ORG,Google
Mary works at Google in Paris since 2014-12-02,GPE,Paris
Microsoft announced new projects starting 1985-07-26,ORG,Microsoft
Tokyo will host the event in 1991-02-21,GPE,Tokyo
Sara attended a conference on 1999-11-06,PERSON,Sara
The meeting with Mary from Meta is scheduled for 2008-05-31,PERSON,Mary
The meeting with Mary from Meta is scheduled for 2008-05-31,ORG,Meta
John attended a conference on 2009-07-08,PERSON,John
London will host the event in 1972-08-23,GPE,London
Google announced new projects starting 1985-11-07,ORG,Google
The meeting with Alex from Amazon is scheduled for 1986-04-02,PERSON,Alex
The meeting with Alex from Amazon is scheduled for 1986-04-02,ORG,Amazon
The meeting with Mary from Google is scheduled for 2022-02-04,PERSON,Mary
The meeting with Mary from Google is scheduled for 2022-02-04,ORG,Google
Alex works at Meta in Tokyo since 1984-05-02,PERSON,Alex
Alex works at Meta in Tokyo since 1984-05-02,ORG,Meta
Alex works at Meta in Tokyo since 1984-05-02,GPE,Tokyo
Sara attended a conference on 1972-01-11,PERSON,Sara
Mary attended a conference on 1970-11-03,PERSON,Mary
The meeting with Mary from Google is scheduled for 1977-12-26,PERSON,Mary
The meeting with Mary from Google is scheduled for 1977-12-26,ORG,Google
The meeting with Mary from Google is scheduled for 2021-10-15,PERSON,Mary
The meeting with Mary from Google is scheduled for 2021-10-15,ORG,Google
Tokyo will host the event in 2023-01-21,GPE,Tokyo
The meeting with Mary from Meta is scheduled for 1977-02-03,PERSON,Mary
The meeting with Mary from Meta is scheduled for 1977-02-03,ORG,Meta
The meeting with Sara from Meta is scheduled for 1996-02-07,PERSON,Sara
The meeting with Sara from Meta is scheduled for 1996-02-07,ORG,Meta
The meeting with Alex from Meta is scheduled for 1984-11-23,PERSON,Alex
The meeting with Alex from Meta is scheduled for 1984-11-23,ORG,Meta
John attended a conference on 2011-06-20,PERSON,John
Google announced new projects starting 2017-01-04,ORG,Google
The meeting with Mary from Microsoft is scheduled for 2006-05-02,PERSON,Mary
The meeting with Mary from Microsoft is scheduled for 2006-05-02,ORG,Microsoft
The meeting with John from Amazon is scheduled for 2011-02-10,PERSON,John
The meeting with John from Amazon is scheduled for 2011-02-10,ORG,Amazon
John attended a conference on 2018-04-16,PERSON,John
London will host the event in 1989-10-18,GPE,London
Alex works at Google in London since 1984-04-20,PERSON,Alex
Alex works at Google in London since 1984-04-20,ORG,Google
Alex works at Google in London since 1984-04-20,GPE,London
Sara attended a conference on 2001-08-12,PERSON,Sara
Meta announced new projects starting 1984-03-30,ORG,Meta
Meta announced new projects starting 2002-12-06,ORG,Meta
Meta announced new projects starting 2016-02-13,ORG,Meta
The meeting with Alex from Meta is scheduled for 1989-08-19,PERSON,Alex
The meeting with Alex from Meta is scheduled for 1989-08-19,ORG,Meta
Meta announced new projects starting 1994-07-02,ORG,Meta
Google announced new projects starting 1975-03-23,ORG,Google
John works at Google in Paris since 1973-12-10,PERSON,John
John works at Google in Paris since 1973-12-10,ORG,Google
John works at Google in Paris since 1973-12-10,GPE,Paris
John works at Microsoft in London since 1973-07-05,PERSON,John
John works at Microsoft in London since 1973-07-05,ORG,Microsoft
John works at Microsoft in London since 1973-07-05,GPE,London
John attended a conference on 2003-03-03,PERSON,John
Google announced new projects starting 2003-03-24,ORG,Google
John works at Microsoft in Tokyo since 1981-02-25,PERSON,John
John works at Microsoft in Tokyo since 1981-02-25,ORG,Microsoft
John works at Microsoft in Tokyo since 1981-02-25,GPE,Tokyo
London will host the event in 2016-09-07,GPE,London
The meeting with Mary from Microsoft is scheduled for 2017-04-22,PERSON,Mary
The meeting with Mary from Microsoft is scheduled for 2017-04-22,ORG,Microsoft
Sara works at Meta in Tokyo since 1972-03-01,PERSON,Sara
Sara works at Meta in Tokyo since 1972-03-01,ORG,Meta
Sara works at Meta in Tokyo since 1972-03-01,GPE,Tokyo
Alex works at Google in Paris since 1991-08-07,PERSON,Alex
Alex works at Google in Paris since 1991-08-07,ORG,Google
Alex works at Google in Paris since 1991-08-07,GPE,Paris
Paris will host the event in 2006-07-24,GPE,Paris
John attended a conference on 2006-08-18,PERSON,John
Alex works at Microsoft in Paris since 2019-02-27,PERSON,Alex
Alex works at Microsoft in Paris since 2019-02-27,ORG,Microsoft
Alex works at Microsoft in Paris since 2019-02-27,GPE,Paris
John attended a conference on 1998-07-02,PERSON,John
Mary attended a conference on 1985-02-04,PERSON,Mary
Tokyo will host the event in 2000-09-24,GPE,Tokyo
Paris will host the event in 1973-01-13,GPE,Paris
Meta announced new projects starting 2011-10-16,ORG,Meta
Mary works at Microsoft in Tokyo since 2014-09-26,PERSON,Mary
Mary works at Microsoft in Tokyo since 2014-09-26,ORG,Microsoft
Mary works at Microsoft in Tokyo since 2014-09-26,GPE,Tokyo
Paris will host the event in 2006-09-01,GPE,Paris
London will host the event in 2010-11-01,GPE,London
Tokyo will host the event in 1986-04-14,GPE,Tokyo
Microsoft announced new projects starting 2018-11-20,ORG,Microsoft
The meeting with Sara from Google is scheduled for 1978-01-27,PERSON,Sara
The meeting with Sara from Google is scheduled for 1978-01-27,ORG,Google
Mary attended a conference on 1974-04-08,PERSON,Mary
Meta announced new projects starting 2024-08-04,ORG,Meta
John attended a conference on 2012-02-02,PERSON,John
Amazon announced new projects starting 1986-09-14,ORG,Amazon
John attended a conference on 1998-07-30,PERSON,John
Google announced new projects starting 2013-08-19,ORG,Google
The meeting with Alex from Amazon is scheduled for 2024-07-05,PERSON,Alex
The meeting with Alex from Amazon is scheduled for 2024-07-05,ORG,Amazon
Mary attended a conference on 1986-08-16,PERSON,Mary
Paris will host the event in 1972-06-23,GPE,Paris
The meeting with Sara from Meta is scheduled for 2017-03-15,PERSON,Sara
The meeting with Sara from Meta is scheduled for 2017-03-15,ORG,Meta
Alex attended a conference on 2022-02-08,PERSON,Alex
Tokyo will host the event in 1984-01-24,GPE,Tokyo
Amazon announced new projects starting 2003-11-11,ORG,Amazon
London will host the event in 1991-06-17,GPE,London
Mary works at Google in New York since 2022-10-30,PERSON,Mary
Mary works at Google in New York since 2022-10-30,ORG,Google
Alex works at Amazon in Paris since 1984-01-23,PERSON,Alex
Alex works at Amazon in Paris since 1984-01-23,ORG,Amazon
Alex works at Amazon in Paris since 1984-01-23,GPE,Paris
Alex works at Google in New York since 1981-07-04,PERSON,Alex
Alex works at Google in New York since 1981-07-04,ORG,Google
Alex works at Amazon in Tokyo since 1977-09-09,PERSON,Alex
Alex works at Amazon in Tokyo since 1977-09-09,ORG,Amazon
Alex works at Amazon in Tokyo since 1977-09-09,GPE,Tokyo
Mary attended a conference on 2000-01-24,PERSON,Mary
Meta announced new projects starting 1982-03-11,ORG,Meta
The meeting with Sara from Meta is scheduled for 2002-10-15,PERSON,Sara
The meeting with Sara from Meta is scheduled for 2002-10-15,ORG,Meta
Meta announced new projects starting 1979-06-18,ORG,Meta
Paris will host the event in 2007-01-25,GPE,Paris
Microsoft announced new projects starting 1991-07-13,ORG,Microsoft
Mary works at Amazon in New York since 1991-08-16,PERSON,Mary
Mary works at Amazon in New York since 1991-08-16,ORG,Amazon
Google announced new projects starting 2017-01-02,ORG,Google
Paris will host the event in 1992-11-15,GPE,Paris
The meeting with Sara from Amazon is scheduled for 1984-06-18,PERSON,Sara
The meeting with Sara from Amazon is scheduled for 1984-06-18,ORG,Amazon
Alex attended a conference on 2007-04-07,PERSON,Alex
Sara works at Amazon in London since 1992-02-07,PERSON,Sara
Sara works at Amazon in London since 1992-02-07,ORG,Amazon
Sara works at Amazon in London since 1992-02-07,GPE,London
Sara works at Google in Paris since 2007-12-10,PERSON,Sara
Sara works at Google in Paris since 2007-12-10,ORG,Google
Sara works at Google in Paris since 2007-12-10,GPE,Paris
Tokyo will host the event in 1971-10-02,GPE,Tokyo
The meeting with Sara from Microsoft is scheduled for 2000-01-24,PERSON,Sara
The meeting with Sara from Microsoft is scheduled for 2000-01-24,ORG,Microsoft
Amazon announced new projects starting 2006-03-03,ORG,Amazon
Microsoft announced new projects starting 1988-10-03,ORG,Microsoft
Amazon announced new projects starting 1985-08-22,ORG,Amazon
Alex works at Microsoft in New York since 2006-05-18,PERSON,Alex
Alex works at Microsoft in New York since 2006-05-18,ORG,Microsoft
The meeting with Alex from Meta is scheduled for 1972-01-08,PERSON,Alex
The meeting with Alex from Meta is scheduled for 1972-01-08,ORG,Meta
The meeting with Alex from Google is scheduled for 1980-07-17,PERSON,Alex
The meeting with Alex from Google is scheduled for 1980-07-17,ORG,Google
Sara works at Amazon in Tokyo since 1975-07-21,PERSON,Sara
Sara works at Amazon in Tokyo since 1975-07-21,ORG,Amazon
Sara works at Amazon in Tokyo since 1975-07-21,GPE,Tokyo
The meeting with Mary from Google is scheduled for 2024-05-21,PERSON,Mary
The meeting with Mary from Google is scheduled for 2024-05-21,ORG,Google
Alex attended a conference on 2021-09-07,PERSON,Alex
Mary works at Google in London since 1977-05-07,PERSON,Mary
Mary works at Google in London since 1977-05-07,ORG,Google
Mary works at Google in London since 1977-05-07,GPE,London
Google announced new projects starting 2020-01-03,ORG,Google
Amazon announced new projects starting 1993-06-20,ORG,Amazon
The meeting with Alex from Google is scheduled for 1997-04-27,PERSON,Alex
The meeting with Alex from Google is scheduled for 1997-04-27,ORG,Google
Microsoft announced new projects starting 2019-09-08,ORG,Microsoft
The meeting with Sara from Microsoft is scheduled for 1981-05-22,PERSON,Sara
The meeting with Sara from Microsoft is scheduled for 1981-05-22,ORG,Microsoft
Mary works at Amazon in Paris since 2012-08-21,PERSON,Mary
Mary works at Amazon in Paris since 2012-08-21,ORG,Amazon
Mary works at Amazon in Paris since 2012-08-21,GPE,Paris
John works at Amazon in Tokyo since 1999-04-11,PERSON,John
John works at Amazon in Tokyo since 1999-04-11,ORG,Amazon
John works at Amazon in Tokyo since 1999-04-11,GPE,Tokyo
John works at Google in Paris since 1974-11-27,PERSON,John
John works at Google in Paris since 1974-11-27,ORG,Google
John works at Google in Paris since 1974-11-27,GPE,Paris
Paris will host the event in 2014-05-20,GPE,Paris
Alex works at Meta in New York since 2024-03-04,PERSON,Alex
Alex works at Meta in New York since 2024-03-04,ORG,Meta
Sara attended a conference on 1987-10-21,PERSON,Sara
Sara works at Meta in New York since 1977-03-15,PERSON,Sara
Sara works at Meta in New York since 1977-03-15,ORG,Meta
Paris will host the event in 1982-03-18,GPE,Paris
John works at Amazon in New York since 2019-03-14,PERSON,John
John works at Amazon in New York since 2019-03-14,ORG,Amazon
Meta announced new projects starting 1978-07-22,ORG,Meta
Paris will host the event in 1992-06-20,GPE,Paris
Amazon announced new projects starting 1985-11-15,ORG,Amazon
Amazon announced new projects starting 2006-07-10,ORG,Amazon
Sara attended a conference on 1987-02-28,PERSON,Sara
Mary attended a conference on 1996-11-13,PERSON,Mary
Alex attended a conference on 1975-05-24,PERSON,Alex
Sara attended a conference on 1988-11-19,PERSON,Sara
John attended a conference on 1997-03-13,PERSON,John
Sara attended a conference on 2024-06-13,PERSON,Sara
Paris will host the event in 1999-11-10,GPE,Paris
John attended a conference on 1975-03-01,PERSON,John
Mary works at Amazon in Tokyo since 2025-02-18,PERSON,Mary
Mary works at Amazon in Tokyo since 2025-02-18,ORG,Amazon
Mary works at Amazon in Tokyo since 2025-02-18,GPE,Tokyo
The meeting with John from Microsoft is scheduled for 2009-12-25,PERSON,John
The meeting with John from Microsoft is scheduled for 2009-12-25,ORG,Microsoft
Sara attended a conference on 2022-01-22,PERSON,Sara
London will host the event in 2018-09-03,GPE,London
Microsoft announced new projects starting 2013-07-04,ORG,Microsoft
Mary attended a conference on 1970-05-15,PERSON,Mary
Sara attended a conference on 2002-08-30,PERSON,Sara
Tokyo will host the event in 1975-11-09,GPE,Tokyo
Microsoft announced new projects starting 2013-09-18,ORG,Microsoft
Amazon announced new projects starting 1976-08-22,ORG,Amazon
The meeting with John from Google is scheduled for 2009-06-01,PERSON,John
The meeting with John from Google is scheduled for 2009-06-01,ORG,Google
Tokyo will host the event in 2005-08-07,GPE,Tokyo
Sara works at Amazon in London since 1970-09-09,PERSON,Sara
Sara works at Amazon in London since 1970-09-09,ORG,Amazon
Sara works at Amazon in London since 1970-09-09,GPE,London
Microsoft announced new projects starting 2016-07-07,ORG,Microsoft
Microsoft announced new projects starting 2011-09-08,ORG,Microsoft
Mary attended a conference on 1985-04-24,PERSON,Mary
Tokyo will host the event in 1977-10-31,GPE,Tokyo
Paris will host the event in 1976-10-15,GPE,Paris
Google announced new projects starting 1991-06-27,ORG,Google
Sara works at Amazon in New York since 1983-09-23,PERSON,Sara
Sara works at Amazon in New York since 1983-09-23,ORG,Amazon
Meta announced new projects starting 2012-07-22,ORG,Meta
The meeting with Alex from Meta is scheduled for 1973-03-08,PERSON,Alex
The meeting with Alex from Meta is scheduled for 1973-03-08,ORG,Meta
John works at Google in London since 2002-08-16,PERSON,John
John works at Google in London since 2002-08-16,ORG,Google
John works at Google in London since 2002-08-16,GPE,London
John works at Microsoft in London since 2011-11-07,PERSON,John
John works at Microsoft in London since 2011-11-07,ORG,Microsoft
John works at Microsoft in London since 2011-11-07,GPE,London
Mary works at Microsoft in New York since 1989-01-23,PERSON,Mary
Mary works at Microsoft in New York since 1989-01-23,ORG,Microsoft
The meeting with Mary from Microsoft is scheduled for 1972-05-13,PERSON,Mary
The meeting with Mary from Microsoft is scheduled for 1972-05-13,ORG,Microsoft
Tokyo will host the event in 1996-11-15,GPE,Tokyo
Paris will host the event in 2009-02-08,GPE,Paris
Amazon announced new projects starting 1989-06-03,ORG,Amazon
John attended a conference on 2019-05-04,PERSON,John
Microsoft announced new projects starting 2020-08-17,ORG,Microsoft
Meta announced new projects starting 2001-09-01,ORG,Meta
Meta announced new projects starting 2000-11-04,ORG,Meta
London will host the event in 1987-01-05,GPE,London
Google announced new projects starting 2000-03-27,ORG,Google
The meeting with Mary from Microsoft is scheduled for 1996-09-24,PERSON,Mary
The meeting with Mary from Microsoft is scheduled for 1996-09-24,ORG,Microsoft
The meeting with Alex from Meta is scheduled for 2000-01-12,PERSON,Alex
The meeting with Alex from Meta is scheduled for 2000-01-12,ORG,Meta
The meeting with Alex from Microsoft is scheduled for 2005-07-28,PERSON,Alex
The meeting with Alex from Microsoft is scheduled for 2005-07-28,ORG,Microsoft
Alex works at Google in Tokyo since 2006-05-01,PERSON,Alex
Alex works at Google in Tokyo since 2006-05-01,ORG,Google
Alex works at Google in Tokyo since 2006-05-01,GPE,Tokyo
John attended a conference on 2012-07-31,PERSON,John
Sara works at Google in New York since 1998-09-08,PERSON,Sara
Sara works at Google in New York since 1998-09-08,ORG,Google
Microsoft announced new projects starting 2021-09-06,ORG,Microsoft
John attended a conference on 1990-10-12,PERSON,John
John attended a conference on 1986-07-11,PERSON,John
Microsoft announced new projects starting 2007-10-12,ORG,Microsoft
London will host the event in 2010-06-19,GPE,London
Meta announced new projects starting 1981-05-05,ORG,Meta
Alex works at Meta in Paris since 1970-12-17,PERSON,Alex
Alex works at Meta in Paris since 1970-12-17,ORG,Meta
Alex works at Meta in Paris since 1970-12-17,GPE,Paris
Alex attended a conference on 2004-04-05,PERSON,Alex
Sara works at Google in Tokyo since 2002-11-29,PERSON,Sara
Sara works at Google in Tokyo since 2002-11-29,ORG,Google
Sara works at Google in Tokyo since 2002-11-29,GPE,Tokyo
John works at Meta in London since 1977-08-20,PERSON,John
John works at Meta in London since 1977-08-20,ORG,Meta
John works at Meta in London since 1977-08-20,GPE,London
Tokyo will host the event in 1971-04-12,GPE,Tokyo
Paris will host the event in 1981-11-17,GPE,Paris
The meeting with Alex from Microsoft is scheduled for 1979-08-12,PERSON,Alex
The meeting with Alex from Microsoft is scheduled for 1979-08-12,ORG,Microsoft
The meeting with Sara from Microsoft is scheduled for 2011-05-28,PERSON,Sara
The meeting with Sara from Microsoft is scheduled for 2011-05-28,ORG,Microsoft
Mary works at Meta in London since 2015-06-13,PERSON,Mary
Mary works at Meta in London since 2015-06-13,ORG,Meta
Mary works at Meta in London since 2015-06-13,GPE,London
Tokyo will host the event in 2015-05-16,GPE,Tokyo
Mary attended a conference on 1977-10-15,PERSON,Mary
John attended a conference on 2021-12-30,PERSON,John
Microsoft announced new projects starting 2020-04-03,ORG,Microsoft
The meeting with Sara from Meta is scheduled for 1988-07-15,PERSON,Sara
The meeting with Sara from Meta is scheduled for 1988-07-15,ORG,Meta
Mary attended a conference on 2009-09-27,PERSON,Mary
Tokyo will host the event in 1989-02-23,GPE,Tokyo
Alex attended a conference on 2005-02-07,PERSON,Alex
Sara works at Meta in Tokyo since 2018-07-03,PERSON,Sara
Sara works at Meta in Tokyo since 2018-07-03,ORG,Meta
Sara works at Meta in Tokyo since 2018-07-03,GPE,Tokyo
Mary attended a conference on 1992-08-02,PERSON,Mary
The meeting with Mary from Amazon is scheduled for 1997-12-02,PERSON,Mary
The meeting with Mary from Amazon is scheduled for 1997-12-02,ORG,Amazon
Sara attended a conference on 1982-07-10,PERSON,Sara
Alex attended a conference on 2016-06-23,PERSON,Alex
Amazon announced new projects starting 1970-07-13,ORG,Amazon
Mary attended a conference on 2021-07-20,PERSON,Mary
Meta announced new projects starting 1982-09-21,ORG,Meta
London will host the event in 2017-09-02,GPE,London
Tokyo will host the event in 1980-10-06,GPE,Tokyo
Mary attended a conference on 1982-09-03,PERSON,Mary
Tokyo will host the event in 2017-04-11,GPE,Tokyo
Mary attended a conference on 2010-10-12,PERSON,Mary
Alex attended a conference on 1981-02-21,PERSON,Alex
Amazon announced new projects starting 2019-04-19,ORG,Amazon
The meeting with Mary from Amazon is scheduled for 1986-11-28,PERSON,Mary
The meeting with Mary from Amazon is scheduled for 1986-11-28,ORG,Amazon
The meeting with John from Amazon is scheduled for 1996-11-13,PERSON,John
The meeting with John from Amazon is scheduled for 1996-11-13,ORG,Amazon
John attended a conference on 2015-09-13,PERSON,John
The meeting with John from Microsoft is scheduled for 1972-10-01,PERSON,John
The meeting with John from Microsoft is scheduled for 1972-10-01,ORG,Microsoft
Google announced new projects starting 2019-01-25,ORG,Google
John works at Meta in Paris since 2004-03-25,PERSON,John
John works at Meta in Paris since 2004-03-25,ORG,Meta
John works at Meta in Paris since 2004-03-25,GPE,Paris
Tokyo will host the event in 1973-12-21,GPE,Tokyo
Mary attended a conference on 2001-12-28,PERSON,Mary
Sara attended a conference on 2007-06-06,PERSON,Sara
Sara works at Microsoft in New York since 1995-12-19,PERSON,Sara
Sara works at Microsoft in New York since 1995-12-19,ORG,Microsoft
Paris will host the event in 1990-02-20,GPE,Paris
John attended a conference on 1976-03-01,PERSON,John
London will host the event in 2009-11-07,GPE,London
The meeting with Mary from Meta is scheduled for 2014-10-29,PERSON,Mary
The meeting with Mary from Meta is scheduled for 2014-10-29,ORG,Meta
London will host the event in 1979-02-10,GPE,London
Google announced new projects starting 2020-05-30,ORG,Google
Sara works at Amazon in London since 1986-09-18,PERSON,Sara
Sara works at Amazon in London since 1986-09-18,ORG,Amazon
Sara works at Amazon in London since 1986-09-18,GPE,London
Tokyo will host the event in 1997-12-31,GPE,Tokyo
Mary attended a conference on 2021-08-13,PERSON,Mary
Microsoft announced new projects starting 2024-07-29,ORG,Microsoft
Tokyo will host the event in 1992-04-17,GPE,Tokyo
The meeting with Sara from Google is scheduled for 2012-03-25,PERSON,Sara
The meeting with Sara from Google is scheduled for 2012-03-25,ORG,Google
Meta announced new projects starting 1980-07-01,ORG,Meta
Alex works at Microsoft in New York since 1992-03-25,PERSON,Alex
Alex works at Microsoft in New York since 1992-03-25,ORG,Microsoft
Paris will host the event in 2013-01-08,GPE,Paris
London will host the event in 2002-03-31,GPE,London
The meeting with Alex from Amazon is scheduled for 2007-12-04,PERSON,Alex
The meeting with Alex from Amazon is scheduled for 2007-12-04,ORG,Amazon
The meeting with Sara from Amazon is scheduled for 2008-06-10,PERSON,Sara
The meeting with Sara from Amazon is scheduled for 2008-06-10,ORG,Amazon
Microsoft announced new projects starting 1983-01-27,ORG,Microsoft
Microsoft announced new projects starting 1998-07-31,ORG,Microsoft
Amazon announced new projects starting 1971-11-12,ORG,Amazon
The meeting with Sara from Microsoft is scheduled for 2016-04-06,PERSON,Sara
The meeting with Sara from Microsoft is scheduled for 2016-04-06,ORG,Microsoft
Alex works at Meta in London since 1986-04-15,PERSON,Alex
Alex works at Meta in London since 1986-04-15,ORG,Meta
Alex works at Meta in London since 1986-04-15,GPE,London
Sara works at Meta in London since 1979-03-29,PERSON,Sara
Sara works at Meta in London since 1979-03-29,ORG,Meta
Sara works at Meta in London since 1979-03-29,GPE,London
Alex attended a conference on 1986-08-01,PERSON,Alex
Amazon announced new projects starting 1994-04-05,ORG,Amazon
Sara attended a conference on 1999-12-04,PERSON,Sara
Meta announced new projects starting 2022-11-10,ORG,Meta
The meeting with John from Meta is scheduled for 1990-01-28,PERSON,John
The meeting with John from Meta is scheduled for 1990-01-28,ORG,Meta
Google announced new projects starting 1989-06-20,ORG,Google
The meeting with Alex from Microsoft is scheduled for 1994-01-17,PERSON,Alex
The meeting with Alex from Microsoft is scheduled for 1994-01-17,ORG,Microsoft
Alex attended a conference on 1982-06-11,PERSON,Alex
Microsoft announced new projects starting 1985-08-31,ORG,Microsoft
Tokyo will host the event in 1996-02-26,GPE,Tokyo
London will host the event in 1985-01-17,GPE,London
Amazon announced new projects starting 1974-05-07,ORG,Amazon
John works at Microsoft in Tokyo since 2000-09-11,PERSON,John
John works at Microsoft in Tokyo since 2000-09-11,ORG,Microsoft
John works at Microsoft in Tokyo since 2000-09-11,GPE,Tokyo
Meta announced new projects starting 1970-05-03,ORG,Meta
The meeting with John from Meta is scheduled for 1975-12-06,PERSON,John
The meeting with John from Meta is scheduled for 1975-12-06,ORG,Meta
Tokyo will host the event in 2016-02-16,GPE,Tokyo
Meta announced new projects starting 2003-10-10,ORG,Meta
Alex works at Microsoft in New York since 2012-01-10,PERSON,Alex
Alex works at Microsoft in New York since 2012-01-10,ORG,Microsoft
Amazon announced new projects starting 1971-03-12,ORG,Amazon
Microsoft announced new projects starting 2019-05-03,ORG,Microsoft
John attended a conference on 2021-01-19,PERSON,John
Sara works at Meta in Paris since 2005-10-23,PERSON,Sara
Sara works at Meta in Paris since 2005-10-23,ORG,Meta
Sara works at Meta in Paris since 2005-10-23,GPE,Paris
John attended a conference on 1985-05-23,PERSON,John
Alex attended a conference on 1982-10-28,PERSON,Alex
Meta announced new projects starting 2009-09-08,ORG,Meta
Sara works at Amazon in London since 1987-10-26,PERSON,Sara
Sara works at Amazon in London since 1987-10-26,ORG,Amazon
Sara works at Amazon in London since 1987-10-26,GPE,London
London will host the event in 2012-09-10,GPE,London
Amazon announced new projects starting 2004-08-05,ORG,Amazon
Sara works at Meta in New York since 2015-12-14,PERSON,Sara
Sara works at Meta in New York since 2015-12-14,ORG,Meta
London will host the event in 2023-12-21,GPE,London
Alex works at Amazon in Tokyo since 2008-04-22,PERSON,Alex
Alex works at Amazon in Tokyo since 2008-04-22,ORG,Amazon
Alex works at Amazon in Tokyo since 2008-04-22,GPE,Tokyo
London will host the event in 1997-04-06,GPE,London
Sara attended a conference on 1990-11-22,PERSON,Sara
John attended a conference on 1973-09-04,PERSON,John
Mary attended a conference on 2006-10-14,PERSON,Mary
Meta announced new projects starting 1983-07-31,ORG,Meta
John works at Meta in London since 1989-01-19,PERSON,John
John works at Meta in London since 1989-01-19,ORG,Meta
John works at Meta in London since 1989-01-19,GPE,London
Alex attended a conference on 1975-01-26,PERSON,Alex
Tokyo will host the event in 2021-03-29,GPE,Tokyo
London will host the event in 1999-01-15,GPE,London
The meeting with Sara from Meta is scheduled for 2017-10-15,PERSON,Sara
The meeting with Sara from Meta is scheduled for 2017-10-15,ORG,Meta
Microsoft announced new projects starting 1971-04-04,ORG,Microsoft
The meeting with Sara from Microsoft is scheduled for 2004-07-07,PERSON,Sara
The meeting with Sara from Microsoft is scheduled for 2004-07-07,ORG,Microsoft
The meeting with Alex from Amazon is scheduled for 1995-06-20,PERSON,Alex
The meeting with Alex from Amazon is scheduled for 1995-06-20,ORG,Amazon
Amazon announced new projects starting 1978-12-11,ORG,Amazon
The meeting with Mary from Microsoft is scheduled for 1981-06-28,PERSON,Mary
The meeting with Mary from Microsoft is scheduled for 1981-06-28,ORG,Microsoft
Meta announced new projects starting 1996-03-31,ORG,Meta
Tokyo will host the event in 1986-05-07,GPE,Tokyo
The meeting with Sara from Amazon is scheduled for 1980-09-06,PERSON,Sara
The meeting with Sara from Amazon is scheduled for 1980-09-06,ORG,Amazon
London will host the event in 2004-07-07,GPE,London
Alex attended a conference on 1993-10-29,PERSON,Alex
Paris will host the event in 1986-12-16,GPE,Paris
John attended a conference on 2011-11-26,PERSON,John
Meta announced new projects starting 1991-03-20,ORG,Meta
Mary attended a conference on 1978-05-04,PERSON,Mary
Microsoft announced new projects starting 2016-12-18,ORG,Microsoft
Amazon announced new projects starting 1983-06-14,ORG,Amazon
Meta announced new projects starting 1993-11-03,ORG,Meta
Paris will host the event in 2020-09-17,GPE,Paris
Sara attended a conference on 2022-11-30,PERSON,Sara
The meeting with Alex from Meta is scheduled for 2013-06-17,PERSON,Alex
The meeting with Alex from Meta is scheduled for 2013-06-17,ORG,Meta
John works at Amazon in Tokyo since 1986-03-15,PERSON,John
John works at Amazon in Tokyo since 1986-03-15,ORG,Amazon
John works at Amazon in Tokyo since 1986-03-15,GPE,Tokyo
The meeting with Alex from Amazon is scheduled for 2024-07-18,PERSON,Alex
The meeting with Alex from Amazon is scheduled for 2024-07-18,ORG,Amazon
Mary attended a conference on 1996-06-03,PERSON,Mary
John works at Meta in New York since 2013-07-30,PERSON,John
John works at Meta in New York since 2013-07-30,ORG,Meta
London will host the event in 1970-12-13,GPE,London
The meeting with John from Google is scheduled for 2006-05-30,PERSON,John
The meeting with John from Google is scheduled for 2006-05-30,ORG,Google
Google announced new projects starting 2023-10-15,ORG,Google
The meeting with Alex from Meta is scheduled for 2002-03-26,PERSON,Alex
The meeting with Alex from Meta is scheduled for 2002-03-26,ORG,Meta
Sara works at Amazon in Paris since 1985-02-10,PERSON,Sara
Sara works at Amazon in Paris since 1985-02-10,ORG,Amazon
Sara works at Amazon in Paris since 1985-02-10,GPE,Paris
Meta announced new projects starting 1987-10-25,ORG,Meta
John works at Meta in London since 1993-02-15,PERSON,John
John works at Meta in London since 1993-02-15,ORG,Meta
John works at Meta in London since 1993-02-15,GPE,London
Meta announced new projects starting 1975-11-06,ORG,Meta
Mary works at Google in New York since 2019-01-09,PERSON,Mary
Mary works at Google in New York since 2019-01-09,ORG,Google
Alex works at Google in Tokyo since 1978-06-06,PERSON,Alex
Alex works at Google in Tokyo since 1978-06-06,ORG,Google
Alex works at Google in Tokyo since 1978-06-06,GPE,Tokyo
John attended a conference on 2018-09-22,PERSON,John
Mary attended a conference on 2001-03-02,PERSON,Mary
Google announced new projects starting 1981-11-21,ORG,Google
Paris will host the event in 1992-07-29,GPE,Paris
Microsoft announced new projects starting 1982-11-18,ORG,Microsoft
The meeting with Sara from Amazon is scheduled for 1998-09-24,PERSON,Sara
The meeting with Sara from Amazon is scheduled for 1998-09-24,ORG,Amazon
Sara works at Microsoft in Tokyo since 1973-06-06,PERSON,Sara
Sara works at Microsoft in Tokyo since 1973-06-06,ORG,Microsoft
Sara works at Microsoft in Tokyo since 1973-06-06,GPE,Tokyo
The meeting with Sara from Amazon is scheduled for 2012-12-21,PERSON,Sara
The meeting with Sara from Amazon is scheduled for 2012-12-21,ORG,Amazon
The meeting with Sara from Google is scheduled for 2022-11-24,PERSON,Sara
The meeting with Sara from Google is scheduled for 2022-11-24,ORG,Google
Google announced new projects starting 2018-02-11,ORG,Google
Tokyo will host the event in 2024-11-04,GPE,Tokyo
The meeting with Mary from Amazon is scheduled for 1978-11-04,PERSON,Mary
The meeting with Mary from Amazon is scheduled for 1978-11-04,ORG,Amazon
London will host the event in 1994-04-01,GPE,London
Alex attended a conference on 1980-02-19,PERSON,Alex
The meeting with Mary from Google is scheduled for 1987-01-08,PERSON,Mary
The meeting with Mary from Google is scheduled for 1987-01-08,ORG,Google
Tokyo will host the event in 1991-05-13,GPE,Tokyo
Alex attended a conference on 2003-06-07,PERSON,Alex
London will host the event in 1996-10-16,GPE,London
The meeting with Mary from Meta is scheduled for 2022-06-30,PERSON,Mary
The meeting with Mary from Meta is scheduled for 2022-06-30,ORG,Meta
Mary attended a conference on 1990-07-31,PERSON,Mary
John attended a conference on 2015-05-21,PERSON,John
The meeting with Sara from Amazon is scheduled for 1984-05-07,PERSON,Sara
The meeting with Sara from Amazon is scheduled for 1984-05-07,ORG,Amazon
John attended a conference on 1977-02-15,PERSON,John
The meeting with John from Microsoft is scheduled for 2008-09-02,PERSON,John
The meeting with John from Microsoft is scheduled for 2008-09-02,ORG,Microsoft
Sara works at Google in Tokyo since 1999-03-10,PERSON,Sara
Sara works at Google in Tokyo since 1999-03-10,ORG,Google
Sara works at Google in Tokyo since 1999-03-10,GPE,Tokyo
Meta announced new projects starting 2019-10-14,ORG,Meta
Google announced new projects starting 1991-05-30,ORG,Google
Sara attended a conference on 1978-10-04,PERSON,Sara
The meeting with John from Microsoft is scheduled for 1999-05-08,PERSON,John
The meeting with John from Microsoft is scheduled for 1999-05-08,ORG,Microsoft
Microsoft announced new projects starting 1977-03-04,ORG,Microsoft
Amazon announced new projects starting 1977-05-01,ORG,Amazon
The meeting with Sara from Google is scheduled for 1996-05-23,PERSON,Sara
The meeting with Sara from Google is scheduled for 1996-05-23,ORG,Google
Microsoft announced new projects starting 1987-04-01,ORG,Microsoft
The meeting with Mary from Amazon is scheduled for 1974-12-17,PERSON,Mary
The meeting with Mary from Amazon is scheduled for 1974-12-17,ORG,Amazon
Mary attended a conference on 1974-03-14,PERSON,Mary
London will host the event in 1974-04-17,GPE,London
Mary works at Microsoft in London since 2018-02-14,PERSON,Mary
Mary works at Microsoft in London since 2018-02-14,ORG,Microsoft
Mary works at Microsoft in London since 2018-02-14,GPE,London
The meeting with Sara from Microsoft is scheduled for 2020-09-20,PERSON,Sara
The meeting with Sara from Microsoft is scheduled for 2020-09-20,ORG,Microsoft
Mary works at Microsoft in Tokyo since 2011-11-26,PERSON,Mary
Mary works at Microsoft in Tokyo since 2011-11-26,ORG,Microsoft
Mary works at Microsoft in Tokyo since 2011-11-26,GPE,Tokyo
The meeting with Alex from Meta is scheduled for 2011-10-26,PERSON,Alex
The meeting with Alex from Meta is scheduled for 2011-10-26,ORG,Meta
Sara attended a conference on 1992-05-23,PERSON,Sara
The meeting with Sara from Meta is scheduled for 2008-10-06,PERSON,Sara
The meeting with Sara from Meta is scheduled for 2008-10-06,ORG,Meta
Tokyo will host the event in 1979-08-06,GPE,Tokyo
Microsoft announced new projects starting 2023-11-08,ORG,Microsoft
The meeting with Sara from Amazon is scheduled for 2014-06-07,PERSON,Sara
The meeting with Sara from Amazon is scheduled for 2014-06-07,ORG,Amazon
John attended a conference on 2014-10-18,PERSON,John
London will host the event in 1996-08-14,GPE,London
Mary works at Google in New York since 1979-02-22,PERSON,Mary
Mary works at Google in New York since 1979-02-22,ORG,Google
Paris will host the event in 1984-09-30,GPE,Paris
Mary attended a conference on 2001-08-21,PERSON,Mary
Microsoft announced new projects starting 1971-11-15,ORG,Microsoft
Meta announced new projects starting 2024-10-03,ORG,Meta
Sara attended a conference on 2013-03-23,PERSON,Sara
The meeting with John from Meta is scheduled for 2009-01-15,PERSON,John
The meeting with John from Meta is scheduled for 2009-01-15,ORG,Meta
Alex works at Amazon in Paris since 2000-12-24,PERSON,Alex
Alex works at Amazon in Paris since 2000-12-24,ORG,Amazon
Alex works at Amazon in Paris since 2000-12-24,GPE,Paris
Mary works at Meta in London since 2014-03-21,PERSON,Mary
Mary works at Meta in London since 2014-03-21,ORG,Meta
Mary works at Meta in London since 2014-03-21,GPE,London
Sara attended a conference on 1990-09-30,PERSON,Sara
John works at Meta in Tokyo since 2007-07-28,PERSON,John
John works at Meta in Tokyo since 2007-07-28,ORG,Meta
John works at Meta in Tokyo since 2007-07-28,GPE,Tokyo
Mary attended a conference on 1990-08-29,PERSON,Mary
The meeting with John from Google is scheduled for 2018-11-10,PERSON,John
The meeting with John from Google is scheduled for 2018-11-10,ORG,Google
Mary attended a conference on 1994-03-03,PERSON,Mary
Meta announced new projects starting 1986-01-29,ORG,Meta
Sara attended a conference on 1991-08-11,PERSON,Sara
John attended a conference on 2017-10-26,PERSON,John
Microsoft announced new projects starting 2000-11-18,ORG,Microsoft
Meta announced new projects starting 2012-05-12,ORG,Meta
Sara works at Google in Paris since 1974-10-23,PERSON,Sara
Sara works at Google in Paris since 1974-10-23,ORG,Google
Sara works at Google in Paris since 1974-10-23,GPE,Paris
The meeting with Mary from Amazon is scheduled for 2023-01-10,PERSON,Mary
The meeting with Mary from Amazon is scheduled for 2023-01-10,ORG,Amazon
Paris will host the event in 1994-03-23,GPE,Paris
Meta announced new projects starting 2006-02-12,ORG,Meta
Paris will host the event in 2022-10-11,GPE,Paris
John attended a conference on 1985-02-13,PERSON,John
London will host the event in 2006-09-04,GPE,London
Microsoft announced new projects starting 2013-02-10,ORG,Microsoft
London will host the event in 1983-01-29,GPE,London
Tokyo will host the event in 1978-01-01,GPE,Tokyo
Amazon announced new projects starting 2006-12-17,ORG,Amazon
Tokyo will host the event in 2004-06-11,GPE,Tokyo
The meeting with Alex from Amazon is scheduled for 2019-10-01,PERSON,Alex
The meeting with Alex from Amazon is scheduled for 2019-10-01,ORG,Amazon
Google announced new projects starting 2010-01-27,ORG,Google
Alex attended a conference on 1990-03-28,PERSON,Alex
Google announced new projects starting 1998-12-11,ORG,Google
The meeting with John from Amazon is scheduled for 2006-06-23,PERSON,John
The meeting with John from Amazon is scheduled for 2006-06-23,ORG,Amazon
The meeting with Alex from Meta is scheduled for 2015-03-17,PERSON,Alex
The meeting with Alex from Meta is scheduled for 2015-03-17,ORG,Meta
Meta announced new projects starting 1979-05-18,ORG,Meta
Mary works at Meta in New York since 2013-09-18,PERSON,Mary
Mary works at Meta in New York since 2013-09-18,ORG,Meta
Tokyo will host the event in 1973-02-14,GPE,Tokyo
Paris will host the event in 2015-09-15,GPE,Paris
Google announced new projects starting 1985-05-17,ORG,Google
Sara attended a conference on 2008-03-23,PERSON,Sara
Paris will host the event in 2007-08-03,GPE,Paris
Alex works at Google in New York since 2002-05-12,PERSON,Alex
Alex works at Google in New York since 2002-05-12,ORG,Google
Microsoft announced new projects starting 1992-09-30,ORG,Microsoft
Amazon announced new projects starting 1974-03-19,ORG,Amazon
The meeting with John from Google is scheduled for 2012-08-29,PERSON,John
The meeting with John from Google is scheduled for 2012-08-29,ORG,Google
Microsoft announced new projects starting 2008-07-21,ORG,Microsoft
Tokyo will host the event in 1979-09-03,GPE,Tokyo
Alex attended a conference on 1994-03-21,PERSON,Alex
Sara works at Google in Paris since 1991-01-21,PERSON,Sara
Sara works at Google in Paris since 1991-01-21,ORG,Google
Sara works at Google in Paris since 1991-01-21,GPE,Paris
The meeting with John from Meta is scheduled for 2017-12-26,PERSON,John
The meeting with John from Meta is scheduled for 2017-12-26,ORG,Meta
Alex attended a conference on 1996-03-14,PERSON,Alex
The meeting with John from Meta is scheduled for 2006-09-17,PERSON,John
The meeting with John from Meta is scheduled for 2006-09-17,ORG,Meta
London will host the event in 2014-03-12,GPE,London
The meeting with Mary from Amazon is scheduled for 2012-04-11,PERSON,Mary
The meeting with Mary from Amazon is scheduled for 2012-04-11,ORG,Amazon
Amazon announced new projects starting 1995-10-11,ORG,Amazon
The meeting with Mary from Amazon is scheduled for 2009-09-19,PERSON,Mary
The meeting with Mary from Amazon is scheduled for 2009-09-19,ORG,Amazon
Paris will host the event in 1982-08-04,GPE,Paris
Alex works at Google in Tokyo since 1971-08-26,PERSON,Alex
Alex works at Google in Tokyo since 1971-08-26,ORG,Google
Alex works at Google in Tokyo since 1971-08-26,GPE,Tokyo
Meta announced new projects starting 2021-12-31,ORG,Meta
The meeting with Sara from Microsoft is scheduled for 1983-04-16,PERSON,Sara
The meeting with Sara from Microsoft is scheduled for 1983-04-16,ORG,Microsoft
Microsoft announced new projects starting 1986-10-16,ORG,Microsoft
The meeting with Mary from Meta is scheduled for 2002-06-29,PERSON,Mary
The meeting with Mary from Meta is scheduled for 2002-06-29,ORG,Meta
Mary works at Amazon in Paris since 1984-05-08,PERSON,Mary
Mary works at Amazon in Paris since 1984-05-08,ORG,Amazon
Mary works at Amazon in Paris since 1984-05-08,GPE,Paris
Alex attended a conference on 2006-05-18,PERSON,Alex
The meeting with Sara from Meta is scheduled for 1989-05-24,PERSON,Sara
The meeting with Sara from Meta is scheduled for 1989-05-24,ORG,Meta
Google announced new projects starting 1971-12-23,ORG,Google
John works at Google in London since 2009-10-25,PERSON,John
John works at Google in London since 2009-10-25,ORG,Google
John works at Google in London since 2009-10-25,GPE,London
The meeting with Mary from Google is scheduled for 1991-10-14,PERSON,Mary
The meeting with Mary from Google is scheduled for 1991-10-14,ORG,Google
Paris will host the event in 2014-01-27,GPE,Paris
The meeting with Alex from Microsoft is scheduled for 1982-07-25,PERSON,Alex
The meeting with Alex from Microsoft is scheduled for 1982-07-25,ORG,Microsoft
Meta announced new projects starting 2009-10-14,ORG,Meta
Mary attended a conference on 1970-12-28,PERSON,Mary
Mary works at Meta in Paris since 1979-06-26,PERSON,Mary
Mary works at Meta in Paris since 1979-06-26,ORG,Meta
Mary works at Meta in Paris since 1979-06-26,GPE,Paris
Google announced new projects starting 2020-10-11,ORG,Google
London will host the event in 1997-07-30,GPE,London
Paris will host the event in 1988-06-22,GPE,Paris
The meeting with Alex from Google is scheduled for 1984-07-29,PERSON,Alex
The meeting with Alex from Google is scheduled for 1984-07-29,ORG,Google
John works at Meta in Tokyo since 2010-01-23,PERSON,John
John works at Meta in Tokyo since 2010-01-23,ORG,Meta
John works at Meta in Tokyo since 2010-01-23,GPE,Tokyo
Meta announced new projects starting 1983-12-12,ORG,Meta
Alex attended a conference on 2007-12-31,PERSON,Alex
Sara works at Google in Tokyo since 2000-03-03,PERSON,Sara
Sara works at Google in Tokyo since 2000-03-03,ORG,Google
Sara works at Google in Tokyo since 2000-03-03,GPE,Tokyo
John works at Meta in Paris since 2010-05-29,PERSON,John
John works at Meta in Paris since 2010-05-29,ORG,Meta
John works at Meta in Paris since 2010-05-29,GPE,Paris
The meeting with Mary from Google is scheduled for 2009-01-23,PERSON,Mary
The meeting with Mary from Google is scheduled for 2009-01-23,ORG,Google
Sara works at Amazon in New York since 2006-12-15,PERSON,Sara
Sara works at Amazon in New York since 2006-12-15,ORG,Amazon
The meeting with Sara from Microsoft is scheduled for 1970-02-12,PERSON,Sara
The meeting with Sara from Microsoft is scheduled for 1970-02-12,ORG,Microsoft
Microsoft announced new projects starting 1989-12-19,ORG,Microsoft
The meeting with Mary from Meta is scheduled for 2008-03-23,PERSON,Mary
The meeting with Mary from Meta is scheduled for 2008-03-23,ORG,Meta
Alex attended a conference on 2018-08-12,PERSON,Alex
The meeting with John from Microsoft is scheduled for 1984-02-29,PERSON,John
The meeting with John from Microsoft is scheduled for 1984-02-29,ORG,Microsoft
The meeting with Mary from Microsoft is scheduled for 2011-07-04,PERSON,Mary
The meeting with Mary from Microsoft is scheduled for 2011-07-04,ORG,Microsoft
The meeting with Sara from Microsoft is scheduled for 1979-05-08,PERSON,Sara
The meeting with Sara from Microsoft is scheduled for 1979-05-08,ORG,Microsoft
Amazon announced new projects starting 1981-04-07,ORG,Amazon
The meeting with John from Google is scheduled for 2019-09-26,PERSON,John
The meeting with John from Google is scheduled for 2019-09-26,ORG,Google
The meeting with Sara from Amazon is scheduled for 1995-08-15,PERSON,Sara
The meeting with Sara from Amazon is scheduled for 1995-08-15,ORG,Amazon
The meeting with Sara from Google is scheduled for 1987-01-31,PERSON,Sara
The meeting with Sara from Google is scheduled for 1987-01-31,ORG,Google
John works at Google in London since 1995-09-04,PERSON,John
John works at Google in London since 1995-09-04,ORG,Google
John works at Google in London since 1995-09-04,GPE,London
Mary attended a conference on 2006-03-26,PERSON,Mary
Alex attended a conference on 1981-09-26,PERSON,Alex
London will host the event in 2011-05-26,GPE,London
Alex attended a conference on 2009-04-17,PERSON,Alex
Sara works at Microsoft in London since 2003-08-20,PERSON,Sara
Sara works at Microsoft in London since 2003-08-20,ORG,Microsoft
Sara works at Microsoft in London since 2003-08-20,GPE,London
Tokyo will host the event in 1999-07-08,GPE,Tokyo
London will host the event in 1981-04-05,GPE,London
London will host the event in 1973-06-26,GPE,London
The meeting with Mary from Microsoft is scheduled for 1974-03-13,PERSON,Mary
The meeting with Mary from Microsoft is scheduled for 1974-03-13,ORG,Microsoft
Google announced new projects starting 2018-01-14,ORG,Google
The meeting with Mary from Amazon is scheduled for 1973-12-05,PERSON,Mary
The meeting with Mary from Amazon is scheduled for 1973-12-05,ORG,Amazon
Google announced new projects starting 1980-09-09,ORG,Google
John attended a conference on 1970-03-07,PERSON,John
John attended a conference on 1998-01-12,PERSON,John
The meeting with Mary from Amazon is scheduled for 1982-10-10,PERSON,Mary
The meeting with Mary from Amazon is scheduled for 1982-10-10,ORG,Amazon
Alex attended a conference on 1973-02-13,PERSON,Alex
John attended a conference on 1988-02-16,PERSON,John
Meta announced new projects starting 1977-02-20,ORG,Meta
Meta announced new projects starting 2016-02-28,ORG,Meta
Mary attended a conference on 1984-01-08,PERSON,Mary
Microsoft announced new projects starting 2003-05-30,ORG,Microsoft
Tokyo will host the event in 1973-12-21,GPE,Tokyo
John works at Microsoft in Paris since 2023-09-04,PERSON,John
John works at Microsoft in Paris since 2023-09-04,ORG,Microsoft
John works at Microsoft in Paris since 2023-09-04,GPE,Paris
Microsoft announced new projects starting 1982-11-12,ORG,Microsoft
London will host the event in 1982-06-14,GPE,London
The meeting with Mary from Microsoft is scheduled for 1970-02-14,PERSON,Mary
The meeting with Mary from Microsoft is scheduled for 1970-02-14,ORG,Microsoft
The meeting with Mary from Amazon is scheduled for 1983-05-14,PERSON,Mary
The meeting with Mary from Amazon is scheduled for 1983-05-14,ORG,Amazon
Tokyo will host the event in 1993-01-22,GPE,Tokyo
Alex works at Meta in Paris since 1977-04-02,PERSON,Alex
Alex works at Meta in Paris since 1977-04-02,ORG,Meta
Alex works at Meta in Paris since 1977-04-02,GPE,Paris
The meeting with Sara from Amazon is scheduled for 2006-01-06,PERSON,Sara
The meeting with Sara from Amazon is scheduled for 2006-01-06,ORG,Amazon
Microsoft announced new projects starting 1998-04-28,ORG,Microsoft
Google announced new projects starting 1995-09-25,ORG,Google
The meeting with Sara from Microsoft is scheduled for 1992-08-24,PERSON,Sara
The meeting with Sara from Microsoft is scheduled for 1992-08-24,ORG,Microsoft
Google announced new projects starting 1981-06-29,ORG,Google
Mary attended a conference on 2001-10-01,PERSON,Mary
Alex works at Google in Paris since 1995-03-02,PERSON,Alex
Alex works at Google in Paris since 1995-03-02,ORG,Google
Alex works at Google in Paris since 1995-03-02,GPE,Paris
Mary works at Microsoft in London since 2011-06-26,PERSON,Mary
Mary works at Microsoft in London since 2011-06-26,ORG,Microsoft
Mary works at Microsoft in London since 2011-06-26,GPE,London
Alex attended a conference on 1990-06-03,PERSON,Alex
Microsoft announced new projects starting 2006-10-03,ORG,Microsoft
Amazon announced new projects starting 1991-01-29,ORG,Amazon
Google announced new projects starting 1985-11-23,ORG,Google
John attended a conference on 2025-02-22,PERSON,John
Mary works at Microsoft in Paris since 2025-03-04,PERSON,Mary
Mary works at Microsoft in Paris since 2025-03-04,ORG,Microsoft
Mary works at Microsoft in Paris since 2025-03-04,GPE,Paris
John works at Meta in Tokyo since 2025-03-10,PERSON,John
John works at Meta in Tokyo since 2025-03-10,ORG,Meta
John works at Meta in Tokyo since 2025-03-10,GPE,Tokyo
Tokyo will host the event in 2006-12-10,GPE,Tokyo
Meta announced new projects starting 2002-02-11,ORG,Meta
London will host the event in 1995-06-19,GPE,London
The meeting with Sara from Google is scheduled for 2021-06-27,PERSON,Sara
The meeting with Sara from Google is scheduled for 2021-06-27,ORG,Google
John works at Meta in Tokyo since 2002-07-05,PERSON,John
John works at Meta in Tokyo since 2002-07-05,ORG,Meta
John works at Meta in Tokyo since 2002-07-05,GPE,Tokyo
Google announced new projects starting 2004-08-06,ORG,Google
Sara attended a conference on 1996-11-22,PERSON,Sara
Paris will host the event in 1992-12-18,GPE,Paris
Alex attended a conference on 1986-05-23,PERSON,Alex
Tokyo will host the event in 2013-08-08,GPE,Tokyo
Meta announced new projects starting 2025-01-19,ORG,Meta
John attended a conference on 1992-08-24,PERSON,John
The meeting with Sara from Google is scheduled for 2024-04-12,PERSON,Sara
The meeting with Sara from Google is scheduled for 2024-04-12,ORG,Google
The meeting with Mary from Microsoft is scheduled for 2004-02-13,PERSON,Mary
The meeting with Mary from Microsoft is scheduled for 2004-02-13,ORG,Microsoft
Google announced new projects starting 1990-02-16,ORG,Google
Sara works at Google in Tokyo since 1987-01-11,PERSON,Sara
Sara works at Google in Tokyo since 1987-01-11,ORG,Google
Sara works at Google in Tokyo since 1987-01-11,GPE,Tokyo
Mary attended a conference on 2018-06-03,PERSON,Mary
Alex works at Meta in London since 2017-01-20,PERSON,Alex
Alex works at Meta in London since 2017-01-20,ORG,Meta
Alex works at Meta in London since 2017-01-20,GPE,London
The meeting with Sara from Google is scheduled for 1982-05-18,PERSON,Sara
The meeting with Sara from Google is scheduled for 1982-05-18,ORG,Google
The meeting with Alex from Meta is scheduled for 1981-09-03,PERSON,Alex
The meeting with Alex from Meta is scheduled for 1981-09-03,ORG,Meta
The meeting with Mary from Amazon is scheduled for 2008-12-03,PERSON,Mary
The meeting with Mary from Amazon is scheduled for 2008-12-03,ORG,Amazon
Amazon announced new projects starting 1984-09-17,ORG,Amazon
Sara attended a conference on 1972-01-21,PERSON,Sara
Paris will host the event in 2022-02-19,GPE,Paris
The meeting with John from Amazon is scheduled for 1992-05-05,PERSON,John
The meeting with John from Amazon is scheduled for 1992-05-05,ORG,Amazon
The meeting with Alex from Google is scheduled for 1997-01-18,PERSON,Alex
The meeting with Alex from Google is scheduled for 1997-01-18,ORG,Google
The meeting with John from Amazon is scheduled for 1972-11-17,PERSON,John
The meeting with John from Amazon is scheduled for 1972-11-17,ORG,Amazon
Google announced new projects starting 2001-04-06,ORG,Google
Tokyo will host the event in 2019-01-20,GPE,Tokyo
Mary works at Meta in London since 2016-11-10,PERSON,Mary
Mary works at Meta in London since 2016-11-10,ORG,Meta
Mary works at Meta in London since 2016-11-10,GPE,London
The meeting with John from Google is scheduled for 2020-02-02,PERSON,John
The meeting with John from Google is scheduled for 2020-02-02,ORG,Google
Sara works at Amazon in Paris since 1989-04-06,PERSON,Sara
Sara works at Amazon in Paris since 1989-04-06,ORG,Amazon
Sara works at Amazon in Paris since 1989-04-06,GPE,Paris
The meeting with Sara from Microsoft is scheduled for 2013-11-28,PERSON,Sara
The meeting with Sara from Microsoft is scheduled for 2013-11-28,ORG,Microsoft
Tokyo will host the event in 1981-02-18,GPE,Tokyo
Alex attended a conference on 2022-06-20,PERSON,Alex
John attended a conference on 1995-06-02,PERSON,John
Sara attended a conference on 2008-08-07,PERSON,Sara
Meta announced new projects starting 1981-10-11,ORG,Meta
Alex works at Meta in New York since 2000-01-02,PERSON,Alex
Alex works at Meta in New York since 2000-01-02,ORG,Meta
Alex attended a conference on 1996-03-26,PERSON,Alex
Mary attended a conference on 1981-11-20,PERSON,Mary
Google announced new projects starting 2016-02-26,ORG,Google
The meeting with Sara from Microsoft is scheduled for 1978-03-01,PERSON,Sara
The meeting with Sara from Microsoft is scheduled for 1978-03-01,ORG,Microsoft
Alex attended a conference on 2003-12-10,PERSON,Alex
Microsoft announced new projects starting 1982-01-18,ORG,Microsoft
Amazon announced new projects starting 2005-03-04,ORG,Amazon
Microsoft announced new projects starting 1994-01-20,ORG,Microsoft
The meeting with Mary from Meta is scheduled for 1973-03-19,PERSON,Mary
The meeting with Mary from Meta is scheduled for 1973-03-19,ORG,Meta
Amazon announced new projects starting 2022-03-10,ORG,Amazon
John works at Meta in New York since 1974-05-17,PERSON,John
John works at Meta in New York since 1974-05-17,ORG,Meta
Alex attended a conference on 2020-10-01,PERSON,Alex
Tokyo will host the event in 1985-02-09,GPE,Tokyo
The meeting with Mary from Meta is scheduled for 2015-12-25,PERSON,Mary
The meeting with Mary from Meta is scheduled for 2015-12-25,ORG,Meta
Paris will host the event in 1975-03-11,GPE,Paris
Meta announced new projects starting 2016-05-07,ORG,Meta
The meeting with John from Microsoft is scheduled for 1977-03-28,PERSON,John
The meeting with John from Microsoft is scheduled for 1977-03-28,ORG,Microsoft
Tokyo will host the event in 1993-10-12,GPE,Tokyo
Sara attended a conference on 2023-12-18,PERSON,Sara
John works at Meta in Paris since 2006-01-16,PERSON,John
John works at Meta in Paris since 2006-01-16,ORG,Meta
John works at Meta in Paris since 2006-01-16,GPE,Paris
Microsoft announced new projects starting 2019-07-23,ORG,Microsoft
Sara attended a conference on 2003-09-03,PERSON,Sara
Paris will host the event in 1977-10-31,GPE,Paris
Microsoft announced new projects starting 2019-02-27,ORG,Microsoft
Microsoft announced new projects starting 1971-08-19,ORG,Microsoft
John works at Microsoft in Paris since 2014-04-01,PERSON,John
John works at Microsoft in Paris since 2014-04-01,ORG,Microsoft
John works at Microsoft in Paris since 2014-04-01,GPE,Paris
The meeting with John from Amazon is scheduled for 1989-05-03,PERSON,John
The meeting with John from Amazon is scheduled for 1989-05-03,ORG,Amazon
The meeting with Sara from Amazon is scheduled for 2008-11-08,PERSON,Sara
The meeting with Sara from Amazon is scheduled for 2008-11-08,ORG,Amazon
The meeting with Alex from Microsoft is scheduled for 2016-06-14,PERSON,Alex
The meeting with Alex from Microsoft is scheduled for 2016-06-14,ORG,Microsoft
Tokyo will host the event in 2018-11-24,GPE,Tokyo
The meeting with Mary from Meta is scheduled for 2002-03-08,PERSON,Mary
The meeting with Mary from Meta is scheduled for 2002-03-08,ORG,Meta
Alex attended a conference on 1998-11-17,PERSON,Alex
Sara works at Meta in Tokyo since 2002-08-21,PERSON,Sara
Sara works at Meta in Tokyo since 2002-08-21,ORG,Meta
Sara works at Meta in Tokyo since 2002-08-21,GPE,Tokyo
Sara attended a conference on 1999-03-21,PERSON,Sara
Amazon announced new projects starting 1978-01-30,ORG,Amazon
Alex attended a conference on 1980-12-05,PERSON,Alex
Microsoft announced new projects starting 2011-11-20,ORG,Microsoft
Meta announced new projects starting 2006-12-12,ORG,Meta
Sara attended a conference on 1998-07-29,PERSON,Sara
John works at Microsoft in Paris since 1993-02-02,PERSON,John
John works at Microsoft in Paris since 1993-02-02,ORG,Microsoft
John works at Microsoft in Paris since 1993-02-02,GPE,Paris
Google announced new projects starting 1991-09-24,ORG,Google
The meeting with Alex from Microsoft is scheduled for 1994-04-26,PERSON,Alex
The meeting with Alex from Microsoft is scheduled for 1994-04-26,ORG,Microsoft
John works at Meta in Tokyo since 1988-06-16,PERSON,John
John works at Meta in Tokyo since 1988-06-16,ORG,Meta
John works at Meta in Tokyo since 1988-06-16,GPE,Tokyo
Sara attended a conference on 2014-04-07,PERSON,Sara
Mary attended a conference on 1993-07-06,PERSON,Mary
Sara attended a conference on 2005-07-05,PERSON,Sara
London will host the event in 2002-01-11,GPE,London
The meeting with Sara from Amazon is scheduled for 1971-01-25,PERSON,Sara
The meeting with Sara from Amazon is scheduled for 1971-01-25,ORG,Amazon
Sara attended a conference on 2010-10-24,PERSON,Sara
Amazon announced new projects starting 1980-08-16,ORG,Amazon
The meeting with Mary from Microsoft is scheduled for 2017-01-20,PERSON,Mary
The meeting with Mary from Microsoft is scheduled for 2017-01-20,ORG,Microsoft
Sara attended a conference on 1989-06-28,PERSON,Sara
London will host the event in 2021-09-28,GPE,London
Sara works at Google in Paris since 1993-01-09,PERSON,Sara
Sara works at Google in Paris since 1993-01-09,ORG,Google
Sara works at Google in Paris since 1993-01-09,GPE,Paris
The meeting with Mary from Amazon is scheduled for 2006-10-26,PERSON,Mary
The meeting with Mary from Amazon is scheduled for 2006-10-26,ORG,Amazon
Sara attended a conference on 1992-11-29,PERSON,Sara
Mary works at Meta in New York since 2024-12-05,PERSON,Mary
Mary works at Meta in New York since 2024-12-05,ORG,Meta
The meeting with Sara from Meta is scheduled for 1981-11-08,PERSON,Sara
The meeting with Sara from Meta is scheduled for 1981-11-08,ORG,Meta
London will host the event in 1992-06-11,GPE,London
John attended a conference on 1998-05-13,PERSON,John
Sara works at Amazon in New York since 2019-08-27,PERSON,Sara
Sara works at Amazon in New York since 2019-08-27,ORG,Amazon
Alex attended a conference on 2007-03-19,PERSON,Alex
Meta announced new projects starting 2016-10-27,ORG,Meta
The meeting with John from Meta is scheduled for 2023-07-12,PERSON,John
The meeting with John from Meta is scheduled for 2023-07-12,ORG,Meta
Alex attended a conference on 2017-09-17,PERSON,Alex
Sara attended a conference on 2010-11-02,PERSON,Sara
London will host the event in 1997-01-01,GPE,London
The meeting with Alex from Google is scheduled for 1971-09-14,PERSON,Alex
The meeting with Alex from Google is scheduled for 1971-09-14,ORG,Google
Google announced new projects starting 1982-01-10,ORG,Google
John attended a conference on 2016-04-15,PERSON,John
Amazon announced new projects starting 1988-12-06,ORG,Amazon
Alex attended a conference on 1974-01-30,PERSON,Alex
Paris will host the event in 1991-11-11,GPE,Paris
Alex attended a conference on 2016-04-09,PERSON,Alex
John works at Google in New York since 1978-03-01,PERSON,John
John works at Google in New York since 1978-03-01,ORG,Google
Google announced new projects starting 1982-02-10,ORG,Google
John attended a conference on 1987-12-13,PERSON,John
Mary attended a conference on 1976-07-06,PERSON,Mary
Meta announced new projects starting 2000-06-07,ORG,Meta
The meeting with Mary from Microsoft is scheduled for 2021-01-21,PERSON,Mary
The meeting with Mary from Microsoft is scheduled for 2021-01-21,ORG,Microsoft
Alex attended a conference on 2016-08-08,PERSON,Alex
John attended a conference on 1977-12-10,PERSON,John
Google announced new projects starting 1973-12-08,ORG,Google
Sara attended a conference on 2013-10-18,PERSON,Sara
Meta announced new projects starting 2015-05-29,ORG,Meta
London will host the event in 2007-12-13,GPE,London
Google announced new projects starting 1994-07-13,ORG,Google
Meta announced new projects starting 2008-12-03,ORG,Meta
Alex attended a conference on 2000-12-10,PERSON,Alex
The meeting with Mary from Meta is scheduled for 1993-12-09,PERSON,Mary
The meeting with Mary from Meta is scheduled for 1993-12-09,ORG,Meta
London will host the event in 2024-08-04,GPE,London
Sara works at Amazon in Tokyo since 1972-01-30,PERSON,Sara
Sara works at Amazon in Tokyo since 1972-01-30,ORG,Amazon
Sara works at Amazon in Tokyo since 1972-01-30,GPE,Tokyo
Paris will host the event in 2015-01-17,GPE,Paris
Mary works at Microsoft in London since 2000-12-18,PERSON,Mary
Mary works at Microsoft in London since 2000-12-18,ORG,Microsoft
Mary works at Microsoft in London since 2000-12-18,GPE,London
Mary works at Google in London since 2012-01-17,PERSON,Mary
Mary works at Google in London since 2012-01-17,ORG,Google
Mary works at Google in London since 2012-01-17,GPE,London
Mary attended a conference on 1985-12-18,PERSON,Mary
Microsoft announced new projects starting 2015-11-04,ORG,Microsoft
Sara attended a conference on 1991-01-30,PERSON,Sara
Amazon announced new projects starting 2002-06-21,ORG,Amazon
The meeting with Alex from Google is scheduled for 2008-11-18,PERSON,Alex
The meeting with Alex from Google is scheduled for 2008-11-18,ORG,Google
Mary attended a conference on 1995-12-23,PERSON,Mary
Amazon announced new projects starting 1974-06-14,ORG,Amazon
Meta announced new projects starting 1990-09-23,ORG,Meta
John works at Meta in London since 2023-05-24,PERSON,John
John works at Meta in London since 2023-05-24,ORG,Meta
John works at Meta in London since 2023-05-24,GPE,London
Mary attended a conference on 1988-05-03,PERSON,Mary
Paris will host the event in 2012-01-30,GPE,Paris
The meeting with Alex from Microsoft is scheduled for 1990-03-21,PERSON,Alex
The meeting with Alex from Microsoft is scheduled for 1990-03-21,ORG,Microsoft
The meeting with Alex from Google is scheduled for 2017-03-08,PERSON,Alex
The meeting with Alex from Google is scheduled for 2017-03-08,ORG,Google
The meeting with Alex from Amazon is scheduled for 1999-12-30,PERSON,Alex
The meeting with Alex from Amazon is scheduled for 1999-12-30,ORG,Amazon
Paris will host the event in 1984-10-07,GPE,Paris
London will host the event in 1978-02-22,GPE,London
John works at Microsoft in New York since 2004-09-14,PERSON,John
John works at Microsoft in New York since 2004-09-14,ORG,Microsoft
The meeting with John from Microsoft is scheduled for 1990-01-13,PERSON,John
The meeting with John from Microsoft is scheduled for 1990-01-13,ORG,Microsoft
Alex works at Amazon in Paris since 2014-04-08,PERSON,Alex
Alex works at Amazon in Paris since 2014-04-08,ORG,Amazon
Alex works at Amazon in Paris since 2014-04-08,GPE,Paris
Amazon announced new projects starting 1991-05-11,ORG,Amazon
John attended a conference on 2022-04-01,PERSON,John
Meta announced new projects starting 2011-01-12,ORG,Meta
The meeting with Sara from Microsoft is scheduled for 1977-08-15,PERSON,Sara
The meeting with Sara from Microsoft is scheduled for 1977-08-15,ORG,Microsoft
Microsoft announced new projects starting 2019-02-12,ORG,Microsoft
Amazon announced new projects starting 1979-08-31,ORG,Amazon
London will host the event in 1985-07-12,GPE,London
Alex attended a conference on 1989-03-04,PERSON,Alex
Microsoft announced new projects starting 1973-05-29,ORG,Microsoft
The meeting with Mary from Amazon is scheduled for 2006-09-04,PERSON,Mary
The meeting with Mary from Amazon is scheduled for 2006-09-04,ORG,Amazon
Google announced new projects starting 2009-06-27,ORG,Google
John works at Google in Tokyo since 2022-05-13,PERSON,John
John works at Google in Tokyo since 2022-05-13,ORG,Google
John works at Google in Tokyo since 2022-05-13,GPE,Tokyo
Alex works at Microsoft in Tokyo since 2000-02-24,PERSON,Alex
Alex works at Microsoft in Tokyo since 2000-02-24,ORG,Microsoft
Alex works at Microsoft in Tokyo since 2000-02-24,GPE,Tokyo
The meeting with John from Meta is scheduled for 2011-01-17,PERSON,John
The meeting with John from Meta is scheduled for 2011-01-17,ORG,Meta
John attended a conference on 1982-02-12,PERSON,John
The meeting with Sara from Microsoft is scheduled for 1973-05-24,PERSON,Sara
The meeting with Sara from Microsoft is scheduled for 1973-05-24,ORG,Microsoft
Sara works at Amazon in New York since 1984-07-25,PERSON,Sara
Sara works at Amazon in New York since 1984-07-25,ORG,Amazon
The meeting with Mary from Microsoft is scheduled for 1987-01-17,PERSON,Mary
The meeting with Mary from Microsoft is scheduled for 1987-01-17,ORG,Microsoft
Sara works at Google in London since 1998-02-20,PERSON,Sara
Sara works at Google in London since 1998-02-20,ORG,Google
Sara works at Google in London since 1998-02-20,GPE,London
Amazon announced new projects starting 1975-04-27,ORG,Amazon
Paris will host the event in 1990-10-08,GPE,Paris
Paris will host the event in 2001-10-27,GPE,Paris
The meeting with Sara from Microsoft is scheduled for 2019-04-14,PERSON,Sara
The meeting with Sara from Microsoft is scheduled for 2019-04-14,ORG,Microsoft
The meeting with John from Microsoft is scheduled for 1996-09-26,PERSON,John
The meeting with John from Microsoft is scheduled for 1996-09-26,ORG,Microsoft
John works at Meta in Paris since 1990-07-12,PERSON,John
John works at Meta in Paris since 1990-07-12,ORG,Meta
John works at Meta in Paris since 1990-07-12,GPE,Paris
The meeting with Alex from Microsoft is scheduled for 1992-09-20,PERSON,Alex
The meeting with Alex from Microsoft is scheduled for 1992-09-20,ORG,Microsoft
Amazon announced new projects starting 1991-01-26,ORG,Amazon
John works at Amazon in New York since 1973-09-24,PERSON,John
John works at Amazon in New York since 1973-09-24,ORG,Amazon
The meeting with Sara from Meta is scheduled for 1982-05-13,PERSON,Sara
The meeting with Sara from Meta is scheduled for 1982-05-13,ORG,Meta
Sara attended a conference on 1983-06-25,PERSON,Sara
The meeting with Alex from Microsoft is scheduled for 2012-01-02,PERSON,Alex
The meeting with Alex from Microsoft is scheduled for 2012-01-02,ORG,Microsoft
John attended a conference on 1973-06-27,PERSON,John
Mary attended a conference on 1985-07-11,PERSON,Mary
Mary works at Microsoft in Paris since 1983-10-22,PERSON,Mary
Mary works at Microsoft in Paris since 1983-10-22,ORG,Microsoft
Mary works at Microsoft in Paris since 1983-10-22,GPE,Paris
Sara works at Meta in Tokyo since 1977-05-05,PERSON,Sara
Sara works at Meta in Tokyo since 1977-05-05,ORG,Meta
Sara works at Meta in Tokyo since 1977-05-05,GPE,Tokyo
Sara works at Google in London since 1979-07-27,PERSON,Sara
Sara works at Google in London since 1979-07-27,ORG,Google
Sara works at Google in London since 1979-07-27,GPE,London
The meeting with Mary from Google is scheduled for 2015-08-21,PERSON,Mary
The meeting with Mary from Google is scheduled for 2015-08-21,ORG,Google
The meeting with John from Google is scheduled for 2006-06-24,PERSON,John
The meeting with John from Google is scheduled for 2006-06-24,ORG,Google
Microsoft announced new projects starting 2002-08-18,ORG,Microsoft
Sara works at Microsoft in London since 1985-03-29,PERSON,Sara
Sara works at Microsoft in London since 1985-03-29,ORG,Microsoft
Sara works at Microsoft in London since 1985-03-29,GPE,London
John attended a conference on 2001-03-22,PERSON,John
Paris will host the event in 1973-08-27,GPE,Paris
Alex works at Google in Tokyo since 1971-05-22,PERSON,Alex
Alex works at Google in Tokyo since 1971-05-22,ORG,Google
Alex works at Google in Tokyo since 1971-05-22,GPE,Tokyo
Meta announced new projects starting 1982-02-21,ORG,Meta
Microsoft announced new projects starting 2015-05-26,ORG,Microsoft
London will host the event in 1973-09-14,GPE,London
Alex attended a conference on 1999-05-11,PERSON,Alex
London will host the event in 2008-11-14,GPE,London
John works at Microsoft in London since 2018-12-15,PERSON,John
John works at Microsoft in London since 2018-12-15,ORG,Microsoft
John works at Microsoft in London since 2018-12-15,GPE,London
Mary works at Meta in London since 1984-04-04,PERSON,Mary
Mary works at Meta in London since 1984-04-04,ORG,Meta
Mary works at Meta in London since 1984-04-04,GPE,London
London will host the event in 1992-10-23,GPE,London
The meeting with Mary from Meta is scheduled for 1972-12-04,PERSON,Mary
The meeting with Mary from Meta is scheduled for 1972-12-04,ORG,Meta
The meeting with Mary from Meta is scheduled for 2019-09-23,PERSON,Mary
The meeting with Mary from Meta is scheduled for 2019-09-23,ORG,Meta
Sara attended a conference on 1974-04-20,PERSON,Sara
John works at Microsoft in London since 1984-11-28,PERSON,John
John works at Microsoft in London since 1984-11-28,ORG,Microsoft
John works at Microsoft in London since 1984-11-28,GPE,London
Meta announced new projects starting 1974-10-23,ORG,Meta
John attended a conference on 2013-09-05,PERSON,John
John works at Google in London since 1980-10-08,PERSON,John
John works at Google in London since 1980-10-08,ORG,Google
John works at Google in London since 1980-10-08,GPE,London
The meeting with John from Meta is scheduled for 1982-08-30,PERSON,John
The meeting with John from Meta is scheduled for 1982-08-30,ORG,Meta
John works at Amazon in New York since 1983-04-03,PERSON,John
John works at Amazon in New York since 1983-04-03,ORG,Amazon
Google announced new projects starting 2006-05-05,ORG,Google
Sara attended a conference on 1993-06-17,PERSON,Sara
Sara works at Meta in Paris since 1991-11-19,PERSON,Sara
Sara works at Meta in Paris since 1991-11-19,ORG,Meta
Sara works at Meta in Paris since 1991-11-19,GPE,Paris
Mary attended a conference on 1972-09-05,PERSON,Mary
The meeting with Sara from Google is scheduled for 1978-09-07,PERSON,Sara
The meeting with Sara from Google is scheduled for 1978-09-07,ORG,Google
John works at Meta in Tokyo since 2024-08-11,PERSON,John
John works at Meta in Tokyo since 2024-08-11,ORG,Meta
John works at Meta in Tokyo since 2024-08-11,GPE,Tokyo
Sara works at Meta in London since 2024-01-07,PERSON,Sara
Sara works at Meta in London since 2024-01-07,ORG,Meta
Sara works at Meta in London since 2024-01-07,GPE,London
Sara attended a conference on 2003-01-07,PERSON,Sara
Sara attended a conference on 2000-04-01,PERSON,Sara
Amazon announced new projects starting 1981-10-14,ORG,Amazon
Sara works at Google in New York since 1970-10-07,PERSON,Sara
Sara works at Google in New York since 1970-10-07,ORG,Google
Meta announced new projects starting 1976-12-19,ORG,Meta
Alex works at Meta in Tokyo since 1973-08-18,PERSON,Alex
Alex works at Meta in Tokyo since 1973-08-18,ORG,Meta
Alex works at Meta in Tokyo since 1973-08-18,GPE,Tokyo
Meta announced new projects starting 2021-04-21,ORG,Meta
Sara works at Microsoft in New York since 1998-05-20,PERSON,Sara
Sara works at Microsoft in New York since 1998-05-20,ORG,Microsoft
Mary attended a conference on 1980-09-01,PERSON,Mary
Paris will host the event in 1985-11-21,GPE,Paris
The meeting with Alex from Amazon is scheduled for 1976-01-01,PERSON,Alex
The meeting with Alex from Amazon is scheduled for 1976-01-01,ORG,Amazon
Paris will host the event in 2025-01-04,GPE,Paris
Google announced new projects starting 2011-06-19,ORG,Google
Sara attended a conference on 2024-02-10,PERSON,Sara
Paris will host the event in 1981-02-11,GPE,Paris
Paris will host the event in 1970-03-02,GPE,Paris
The meeting with John from Amazon is scheduled for 2005-07-02,PERSON,John
The meeting with John from Amazon is scheduled for 2005-07-02,ORG,Amazon
Alex works at Meta in London since 1977-12-04,PERSON,Alex
Alex works at Meta in London since 1977-12-04,ORG,Meta
Alex works at Meta in London since 1977-12-04,GPE,London
Sara attended a conference on 2018-04-23,PERSON,Sara
Sara works at Microsoft in Paris since 1998-04-25,PERSON,Sara
Sara works at Microsoft in Paris since 1998-04-25,ORG,Microsoft
Sara works at Microsoft in Paris since 1998-04-25,GPE,Paris
The meeting with Mary from Microsoft is scheduled for 1999-06-12,PERSON,Mary
The meeting with Mary from Microsoft is scheduled for 1999-06-12,ORG,Microsoft
Alex works at Microsoft in Paris since 2013-05-11,PERSON,Alex
Alex works at Microsoft in Paris since 2013-05-11,ORG,Microsoft
Alex works at Microsoft in Paris since 2013-05-11,GPE,Paris
Google announced new projects starting 1991-11-10,ORG,Google
Meta announced new projects starting 2005-07-24,ORG,Meta
Sara works at Microsoft in Paris since 2010-05-12,PERSON,Sara
Sara works at Microsoft in Paris since 2010-05-12,ORG,Microsoft
Sara works at Microsoft in Paris since 2010-05-12,GPE,Paris
John attended a conference on 2018-03-13,PERSON,John
Alex attended a conference on 1985-12-21,PERSON,Alex
Microsoft announced new projects starting 2012-09-07,ORG,Microsoft
The meeting with Alex from Amazon is scheduled for 2007-03-22,PERSON,Alex
The meeting with Alex from Amazon is scheduled for 2007-03-22,ORG,Amazon
Sara attended a conference on 1980-12-30,PERSON,Sara
Sara attended a conference on 1975-11-15,PERSON,Sara
John works at Google in New York since 2005-05-12,PERSON,John
John works at Google in New York since 2005-05-12,ORG,Google
Alex attended a conference on 1970-12-26,PERSON,Alex
John works at Microsoft in New York since 1984-04-27,PERSON,John
John works at Microsoft in New York since 1984-04-27,ORG,Microsoft
Sara attended a conference on 1973-08-24,PERSON,Sara
Mary attended a conference on 2014-10-27,PERSON,Mary
Alex attended a conference on 1987-08-29,PERSON,Alex
The meeting with Sara from Microsoft is scheduled for 1988-04-19,PERSON,Sara
The meeting with Sara from Microsoft is scheduled for 1988-04-19,ORG,Microsoft
John works at Google in Tokyo since 1988-08-11,PERSON,John
John works at Google in Tokyo since 1988-08-11,ORG,Google
John works at Google in Tokyo since 1988-08-11,GPE,Tokyo
Meta announced new projects starting 2014-05-25,ORG,Meta
The meeting with John from Meta is scheduled for 1994-01-07,PERSON,John
The meeting with John from Meta is scheduled for 1994-01-07,ORG,Meta
The meeting with John from Meta is scheduled for 1972-02-15,PERSON,John
The meeting with John from Meta is scheduled for 1972-02-15,ORG,Meta
Mary works at Google in New York since 1983-05-10,PERSON,Mary
Mary works at Google in New York since 1983-05-10,ORG,Google
Sara attended a conference on 2013-05-19,PERSON,Sara
London will host the event in 1972-08-23,GPE,London
Microsoft announced new projects starting 2009-06-26,ORG,Microsoft
Alex attended a conference on 2024-06-12,PERSON,Alex
Google announced new projects starting 1978-08-03,ORG,Google
Sara attended a conference on 2020-05-02,PERSON,Sara
Alex works at Meta in Paris since 2003-04-28,PERSON,Alex
Alex works at Meta in Paris since 2003-04-28,ORG,Meta
Alex works at Meta in Paris since 2003-04-28,GPE,Paris
Mary attended a conference on 2016-03-22,PERSON,Mary
Tokyo will host the event in 2002-07-02,GPE,Tokyo
Alex attended a conference on 2003-10-28,PERSON,Alex
Google announced new projects starting 2011-08-08,ORG,Google
Alex works at Meta in New York since 2018-05-10,PERSON,Alex
Alex works at Meta in New York since 2018-05-10,ORG,Meta
The meeting with Alex from Microsoft is scheduled for 1993-02-25,PERSON,Alex
The meeting with Alex from Microsoft is scheduled for 1993-02-25,ORG,Microsoft
Sara works at Amazon in Tokyo since 2002-03-16,PERSON,Sara
Sara works at Amazon in Tokyo since 2002-03-16,ORG,Amazon
Sara works at Amazon in Tokyo since 2002-03-16,GPE,Tokyo
Google announced new projects starting 2004-08-06,ORG,Google
Alex attended a conference on 1991-12-26,PERSON,Alex
London will host the event in 1971-01-01,GPE,London
Tokyo will host the event in 1996-08-12,GPE,Tokyo
Microsoft announced new projects starting 1994-08-31,ORG,Microsoft
Alex works at Microsoft in Paris since 1986-01-17,PERSON,Alex
Alex works at Microsoft in Paris since 1986-01-17,ORG,Microsoft
Alex works at Microsoft in Paris since 1986-01-17,GPE,Paris
London will host the event in 2017-05-11,GPE,London
The meeting with Sara from Meta is scheduled for 2024-07-07,PERSON,Sara
The meeting with Sara from Meta is scheduled for 2024-07-07,ORG,Meta
Mary works at Amazon in Paris since 1984-07-13,PERSON,Mary
Mary works at Amazon in Paris since 1984-07-13,ORG,Amazon
Mary works at Amazon in Paris since 1984-07-13,GPE,Paris
London will host the event in 1999-03-25,GPE,London
Microsoft announced new projects starting 1971-03-19,ORG,Microsoft
John attended a conference on 1995-11-24,PERSON,John
The meeting with Alex from Amazon is scheduled for 2003-01-20,PERSON,Alex
The meeting with Alex from Amazon is scheduled for 2003-01-20,ORG,Amazon
Alex works at Microsoft in London since 2017-01-11,PERSON,Alex
Alex works at Microsoft in London since 2017-01-11,ORG,Microsoft
Alex works at Microsoft in London since 2017-01-11,GPE,London
London will host the event in 2014-02-16,GPE,London
Paris will host the event in 1985-05-07,GPE,Paris
The meeting with John from Microsoft is scheduled for 1986-02-17,PERSON,John
The meeting with John from Microsoft is scheduled for 1986-02-17,ORG,Microsoft
Sara attended a conference on 1972-11-21,PERSON,Sara
Microsoft announced new projects starting 2012-03-16,ORG,Microsoft
Meta announced new projects starting 2021-01-15,ORG,Meta
Meta announced new projects starting 1990-02-23,ORG,Meta
Meta announced new projects starting 2018-07-31,ORG,Meta
The meeting with John from Microsoft is scheduled for 2013-01-17,PERSON,John
The meeting with John from Microsoft is scheduled for 2013-01-17,ORG,Microsoft
Sara works at Microsoft in London since 2013-11-13,PERSON,Sara
Sara works at Microsoft in London since 2013-11-13,ORG,Microsoft
Sara works at Microsoft in London since 2013-11-13,GPE,London
Mary attended a conference on 2006-05-04,PERSON,Mary
Google announced new projects starting 2020-02-09,ORG,Google
Alex attended a conference on 2004-05-28,PERSON,Alex
The meeting with Sara from Microsoft is scheduled for 2022-01-26,PERSON,Sara
The meeting with Sara from Microsoft is scheduled for 2022-01-26,ORG,Microsoft
Amazon announced new projects starting 2013-05-04,ORG,Amazon
Mary works at Google in Paris since 2021-04-13,PERSON,Mary
Mary works at Google in Paris since 2021-04-13,ORG,Google
Mary works at Google in Paris since 2021-04-13,GPE,Paris
Paris will host the event in 2007-10-22,GPE,Paris
Mary works at Meta in Paris since 2006-12-06,PERSON,Mary
Mary works at Meta in Paris since 2006-12-06,ORG,Meta
Mary works at Meta in Paris since 2006-12-06,GPE,Paris
Tokyo will host the event in 2022-05-20,GPE,Tokyo
Paris will host the event in 2019-07-24,GPE,Paris
Mary works at Amazon in New York since 2018-05-12,PERSON,Mary
Mary works at Amazon in New York since 2018-05-12,ORG,Amazon
The meeting with Sara from Meta is scheduled for 2001-11-07,PERSON,Sara
The meeting with Sara from Meta is scheduled for 2001-11-07,ORG,Meta
London will host the event in 2014-08-27,GPE,London
The meeting with John from Meta is scheduled for 2022-11-22,PERSON,John
The meeting with John from Meta is scheduled for 2022-11-22,ORG,Meta
Alex works at Microsoft in Paris since 1985-03-14,PERSON,Alex
Alex works at Microsoft in Paris since 1985-03-14,ORG,Microsoft
Alex works at Microsoft in Paris since 1985-03-14,GPE,Paris
The meeting with Mary from Meta is scheduled for 2005-04-08,PERSON,Mary
The meeting with Mary from Meta is scheduled for 2005-04-08,ORG,Meta
The meeting with Alex from Google is scheduled for 1978-02-21,PERSON,Alex
The meeting with Alex from Google is scheduled for 1978-02-21,ORG,Google
John works at Microsoft in Tokyo since 2001-04-17,PERSON,John
John works at Microsoft in Tokyo since 2001-04-17,ORG,Microsoft
John works at Microsoft in Tokyo since 2001-04-17,GPE,Tokyo
Alex works at Amazon in Tokyo since 2010-10-18,PERSON,Alex
Alex works at Amazon in Tokyo since 2010-10-18,ORG,Amazon
Alex works at Amazon in Tokyo since 2010-10-18,GPE,Tokyo
Meta announced new projects starting 1980-01-29,ORG,Meta
The meeting with Mary from Meta is scheduled for 1983-04-11,PERSON,Mary
The meeting with Mary from Meta is scheduled for 1983-04-11,ORG,Meta
Mary works at Microsoft in Paris since 1984-09-26,PERSON,Mary
Mary works at Microsoft in Paris since 1984-09-26,ORG,Microsoft
Mary works at Microsoft in Paris since 1984-09-26,GPE,Paris
Mary attended a conference on 1973-05-08,PERSON,Mary
Meta announced new projects starting 2024-12-20,ORG,Meta
John works at Meta in Tokyo since 2009-07-31,PERSON,John
John works at Meta in Tokyo since 2009-07-31,ORG,Meta
John works at Meta in Tokyo since 2009-07-31,GPE,Tokyo
Alex works at Microsoft in New York since 1973-04-09,PERSON,Alex
Alex works at Microsoft in New York since 1973-04-09,ORG,Microsoft
Mary works at Microsoft in New York since 2002-12-15,PERSON,Mary
Mary works at Microsoft in New York since 2002-12-15,ORG,Microsoft
Microsoft announced new projects starting 1976-07-12,ORG,Microsoft
Sara attended a conference on 1993-01-18,PERSON,Sara
Alex works at Meta in New York since 1978-04-28,PERSON,Alex
Alex works at Meta in New York since 1978-04-28,ORG,Meta
Microsoft announced new projects starting 1993-07-09,ORG,Microsoft
The meeting with Sara from Amazon is scheduled for 1981-09-29,PERSON,Sara
The meeting with Sara from Amazon is scheduled for 1981-09-29,ORG,Amazon
John attended a conference on 2007-06-01,PERSON,John
The meeting with Sara from Google is scheduled for 2021-05-26,PERSON,Sara
The meeting with Sara from Google is scheduled for 2021-05-26,ORG,Google
Mary works at Google in Paris since 2018-11-29,PERSON,Mary
Mary works at Google in Paris since 2018-11-29,ORG,Google
Mary works at Google in Paris since 2018-11-29,GPE,Paris
Amazon announced new projects starting 2019-11-19,ORG,Amazon
Google announced new projects starting 2009-08-24,ORG,Google
John works at Microsoft in London since 2023-02-15,PERSON,John
John works at Microsoft in London since 2023-02-15,ORG,Microsoft
John works at Microsoft in London since 2023-02-15,GPE,London
Google announced new projects starting 2014-06-14,ORG,Google
Google announced new projects starting 2012-03-30,ORG,Google
The meeting with John from Microsoft is scheduled for 2023-08-30,PERSON,John
The meeting with John from Microsoft is scheduled for 2023-08-30,ORG,Microsoft
Alex attended a conference on 1992-03-24,PERSON,Alex
Meta announced new projects starting 1995-07-29,ORG,Meta
Amazon announced new projects starting 1998-01-01,ORG,Amazon
Paris will host the event in 1987-02-18,GPE,Paris
John works at Google in Paris since 1995-09-16,PERSON,John
John works at Google in Paris since 1995-09-16,ORG,Google
John works at Google in Paris since 1995-09-16,GPE,Paris
The meeting with John from Meta is scheduled for 1970-01-09,PERSON,John
The meeting with John from Meta is scheduled for 1970-01-09,ORG,Meta
Mary works at Microsoft in London since 1994-03-28,PERSON,Mary
Mary works at Microsoft in London since 1994-03-28,ORG,Microsoft
Mary works at Microsoft in London since 1994-03-28,GPE,London
Google announced new projects starting 2014-01-27,ORG,Google
The meeting with John from Meta is scheduled for 2011-07-25,PERSON,John
The meeting with John from Meta is scheduled for 2011-07-25,ORG,Meta
Google announced new projects starting 1970-12-14,ORG,Google
The meeting with Alex from Google is scheduled for 1998-02-26,PERSON,Alex
The meeting with Alex from Google is scheduled for 1998-02-26,ORG,Google
Sara attended a conference on 1992-03-21,PERSON,Sara
London will host the event in 1997-02-18,GPE,London
The meeting with John from Meta is scheduled for 1990-01-25,PERSON,John
The meeting with John from Meta is scheduled for 1990-01-25,ORG,Meta
Amazon announced new projects starting 1994-07-19,ORG,Amazon
The meeting with Mary from Google is scheduled for 1986-11-22,PERSON,Mary
The meeting with Mary from Google is scheduled for 1986-11-22,ORG,Google
Alex works at Google in Paris since 1983-08-14,PERSON,Alex
Alex works at Google in Paris since 1983-08-14,ORG,Google
Alex works at Google in Paris since 1983-08-14,GPE,Paris
London will host the event in 2000-01-13,GPE,London
Alex attended a conference on 2020-10-10,PERSON,Alex
Paris will host the event in 2010-08-09,GPE,Paris
The meeting with Mary from Microsoft is scheduled for 1987-10-25,PERSON,Mary
The meeting with Mary from Microsoft is scheduled for 1987-10-25,ORG,Microsoft
John works at Amazon in New York since 2021-08-02,PERSON,John
John works at Amazon in New York since 2021-08-02,ORG,Amazon
The meeting with Alex from Amazon is scheduled for 2022-08-12,PERSON,Alex
The meeting with Alex from Amazon is scheduled for 2022-08-12,ORG,Amazon
The meeting with Alex from Amazon is scheduled for 1982-03-27,PERSON,Alex
The meeting with Alex from Amazon is scheduled for 1982-03-27,ORG,Amazon
The meeting with John from Google is scheduled for 2023-07-26,PERSON,John
The meeting with John from Google is scheduled for 2023-07-26,ORG,Google
Sara works at Amazon in London since 2002-09-28,PERSON,Sara
Sara works at Amazon in London since 2002-09-28,ORG,Amazon
Sara works at Amazon in London since 2002-09-28,GPE,London
John attended a conference on 2009-11-17,PERSON,John
London will host the event in 2006-04-02,GPE,London
John attended a conference on 2018-10-09,PERSON,John
Alex attended a conference on 1981-01-09,PERSON,Alex
Mary attended a conference on 1997-03-27,PERSON,Mary
Sara attended a conference on 2023-02-28,PERSON,Sara
Sara attended a conference on 1980-04-26,PERSON,Sara
Mary attended a conference on 1983-02-24,PERSON,Mary
Mary works at Microsoft in London since 1986-10-15,PERSON,Mary
Mary works at Microsoft in London since 1986-10-15,ORG,Microsoft
Mary works at Microsoft in London since 1986-10-15,GPE,London
Google announced new projects starting 1984-11-25,ORG,Google
Alex attended a conference on 2006-02-28,PERSON,Alex
Sara works at Amazon in New York since 1970-12-08,PERSON,Sara
Sara works at Amazon in New York since 1970-12-08,ORG,Amazon
Microsoft announced new projects starting 2013-12-25,ORG,Microsoft
Mary attended a conference on 1985-08-10,PERSON,Mary
Alex works at Google in New York since 1993-11-29,PERSON,Alex
Alex works at Google in New York since 1993-11-29,ORG,Google
Microsoft announced new projects starting 1981-01-07,ORG,Microsoft
Alex attended a conference on 1995-10-14,PERSON,Alex
John works at Google in London since 2000-03-18,PERSON,John
John works at Google in London since 2000-03-18,ORG,Google
John works at Google in London since 2000-03-18,GPE,London
Meta announced new projects starting 2015-05-07,ORG,Meta
Sara works at Meta in Paris since 1978-11-19,PERSON,Sara
Sara works at Meta in Paris since 1978-11-19,ORG,Meta
Sara works at Meta in Paris since 1978-11-19,GPE,Paris
Alex attended a conference on 2009-07-08,PERSON,Alex
The meeting with John from Meta is scheduled for 2020-06-01,PERSON,John
The meeting with John from Meta is scheduled for 2020-06-01,ORG,Meta
John works at Microsoft in Tokyo since 2013-11-22,PERSON,John
John works at Microsoft in Tokyo since 2013-11-22,ORG,Microsoft
John works at Microsoft in Tokyo since 2013-11-22,GPE,Tokyo
Microsoft announced new projects starting 2013-03-09,ORG,Microsoft
London will host the event in 1979-12-25,GPE,London
Microsoft announced new projects starting 1970-10-21,ORG,Microsoft
Mary works at Amazon in New York since 1991-01-11,PERSON,Mary
Mary works at Amazon in New York since 1991-01-11,ORG,Amazon
Alex works at Amazon in New York since 2011-04-18,PERSON,Alex
Alex works at Amazon in New York since 2011-04-18,ORG,Amazon
Alex attended a conference on 1989-07-03,PERSON,Alex
The meeting with Sara from Amazon is scheduled for 1998-10-04,PERSON,Sara
The meeting with Sara from Amazon is scheduled for 1998-10-04,ORG,Amazon
Meta announced new projects starting 1975-06-07,ORG,Meta
Sara attended a conference on 1995-09-03,PERSON,Sara
The meeting with John from Microsoft is scheduled for 2020-10-30,PERSON,John
The meeting with John from Microsoft is scheduled for 2020-10-30,ORG,Microsoft
Sara works at Amazon in London since 2003-02-12,PERSON,Sara
Sara works at Amazon in London since 2003-02-12,ORG,Amazon
Sara works at Amazon in London since 2003-02-12,GPE,London
Meta announced new projects starting 2024-01-12,ORG,Meta
The meeting with John from Amazon is scheduled for 2000-02-06,PERSON,John
The meeting with John from Amazon is scheduled for 2000-02-06,ORG,Amazon
John attended a conference on 2019-09-17,PERSON,John
Mary attended a conference on 1988-12-05,PERSON,Mary
The meeting with John from Amazon is scheduled for 2010-03-21,PERSON,John
The meeting with John from Amazon is scheduled for 2010-03-21,ORG,Amazon
The meeting with Mary from Microsoft is scheduled for 1982-11-04,PERSON,Mary
The meeting with Mary from Microsoft is scheduled for 1982-11-04,ORG,Microsoft
Google announced new projects starting 2012-11-20,ORG,Google
Sara works at Meta in New York since 1970-09-13,PERSON,Sara
Sara works at Meta in New York since 1970-09-13,ORG,Meta
John attended a conference on 2021-11-12,PERSON,John
Alex attended a conference on 1988-09-06,PERSON,Alex
Microsoft announced new projects starting 1980-01-01,ORG,Microsoft
Paris will host the event in 1981-12-26,GPE,Paris
John attended a conference on 1995-08-19,PERSON,John
John works at Google in Tokyo since 2020-01-20,PERSON,John
John works at Google in Tokyo since 2020-01-20,ORG,Google
John works at Google in Tokyo since 2020-01-20,GPE,Tokyo
John works at Meta in New York since 2019-03-17,PERSON,John
John works at Meta in New York since 2019-03-17,ORG,Meta
Paris will host the event in 1988-07-11,GPE,Paris
The meeting with John from Microsoft is scheduled for 2018-04-06,PERSON,John
The meeting with John from Microsoft is scheduled for 2018-04-06,ORG,Microsoft
The meeting with John from Meta is scheduled for 2023-06-01,PERSON,John
The meeting with John from Meta is scheduled for 2023-06-01,ORG,Meta
Microsoft announced new projects starting 1970-04-04,ORG,Microsoft
Google announced new projects starting 1982-08-02,ORG,Google
The meeting with Alex from Google is scheduled for 1990-11-10,PERSON,Alex
The meeting with Alex from Google is scheduled for 1990-11-10,ORG,Google
Sara attended a conference on 2000-01-28,PERSON,Sara
The meeting with Sara from Amazon is scheduled for 1981-03-12,PERSON,Sara
The meeting with Sara from Amazon is scheduled for 1981-03-12,ORG,Amazon
Sara attended a conference on 1977-09-15,PERSON,Sara
Google announced new projects starting 2002-10-25,ORG,Google
John works at Microsoft in Paris since 2007-02-18,PERSON,John
John works at Microsoft in Paris since 2007-02-18,ORG,Microsoft
John works at Microsoft in Paris since 2007-02-18,GPE,Paris
Alex attended a conference on 1999-10-14,PERSON,Alex
Alex attended a conference on 1972-01-04,PERSON,Alex
Alex attended a conference on 1983-05-12,PERSON,Alex
Mary works at Microsoft in Tokyo since 2020-03-10,PERSON,Mary
Mary works at Microsoft in Tokyo since 2020-03-10,ORG,Microsoft
Mary works at Microsoft in Tokyo since 2020-03-10,GPE,Tokyo
John attended a conference on 1999-10-13,PERSON,John
Microsoft announced new projects starting 2019-04-16,ORG,Microsoft
Microsoft announced new projects starting 2008-06-05,ORG,Microsoft
Mary works at Amazon in Paris since 1998-08-14,PERSON,Mary
Mary works at Amazon in Paris since 1998-08-14,ORG,Amazon
Mary works at Amazon in Paris since 1998-08-14,GPE,Paris
John attended a conference on 1994-02-03,PERSON,John
The meeting with John from Amazon is scheduled for 2000-08-15,PERSON,John
The meeting with John from Amazon is scheduled for 2000-08-15,ORG,Amazon
Paris will host the event in 2016-07-11,GPE,Paris
Mary attended a conference on 1975-04-05,PERSON,Mary
The meeting with Mary from Amazon is scheduled for 2022-02-07,PERSON,Mary
The meeting with Mary from Amazon is scheduled for 2022-02-07,ORG,Amazon
Amazon announced new projects starting 1994-08-17,ORG,Amazon
Google announced new projects starting 2003-05-06,ORG,Google
The meeting with Alex from Amazon is scheduled for 2016-12-18,PERSON,Alex
The meeting with Alex from Amazon is scheduled for 2016-12-18,ORG,Amazon
London will host the event in 2001-01-22,GPE,London
The meeting with Sara from Amazon is scheduled for 2018-07-30,PERSON,Sara
The meeting with Sara from Amazon is scheduled for 2018-07-30,ORG,Amazon
Mary works at Google in New York since 1982-01-17,PERSON,Mary
Mary works at Google in New York since 1982-01-17,ORG,Google
Google announced new projects starting 1986-06-02,ORG,Google
Paris will host the event in 2000-07-12,GPE,Paris
London will host the event in 1977-10-28,GPE,London
Sara attended a conference on 1974-04-24,PERSON,Sara
Amazon announced new projects starting 2006-07-20,ORG,Amazon
Alex works at Meta in London since 1970-11-16,PERSON,Alex
Alex works at Meta in London since 1970-11-16,ORG,Meta
Alex works at Meta in London since 1970-11-16,GPE,London
John attended a conference on 1995-04-07,PERSON,John
John attended a conference on 2004-02-22,PERSON,John
The meeting with John from Meta is scheduled for 2009-07-06,PERSON,John
The meeting with John from Meta is scheduled for 2009-07-06,ORG,Meta
The meeting with Mary from Microsoft is scheduled for 1986-02-08,PERSON,Mary
The meeting with Mary from Microsoft is scheduled for 1986-02-08,ORG,Microsoft
Sara works at Meta in New York since 2015-02-09,PERSON,Sara
Sara works at Meta in New York since 2015-02-09,ORG,Meta
Microsoft announced new projects starting 2011-12-28,ORG,Microsoft
Amazon announced new projects starting 2009-05-15,ORG,Amazon
Paris will host the event in 1983-04-27,GPE,Paris
Meta announced new projects starting 1993-07-09,ORG,Meta
London will host the event in 1985-08-16,GPE,London
Google announced new projects starting 2023-04-07,ORG,Google
Microsoft announced new projects starting 1986-07-31,ORG,Microsoft
The meeting with Mary from Amazon is scheduled for 2015-03-04,PERSON,Mary
The meeting with Mary from Amazon is scheduled for 2015-03-04,ORG,Amazon
London will host the event in 1972-07-05,GPE,London
The meeting with Mary from Amazon is scheduled for 1971-01-04,PERSON,Mary
The meeting with Mary from Amazon is scheduled for 1971-01-04,ORG,Amazon
Sara attended a conference on 2011-10-22,PERSON,Sara
Meta announced new projects starting 2007-06-04,ORG,Meta
The meeting with Mary from Microsoft is scheduled for 2010-11-20,PERSON,Mary
The meeting with Mary from Microsoft is scheduled for 2010-11-20,ORG,Microsoft
Mary works at Meta in New York since 1987-11-02,PERSON,Mary
Mary works at Meta in New York since 1987-11-02,ORG,Meta
Amazon announced new projects starting 2007-09-18,ORG,Amazon
London will host the event in 2005-03-18,GPE,London
Paris will host the event in 1990-12-19,GPE,Paris
Meta announced new projects starting 1986-01-06,ORG,Meta
Tokyo will host the event in 2015-12-07,GPE,Tokyo
Microsoft announced new projects starting 1970-11-04,ORG,Microsoft
Mary works at Microsoft in Tokyo since 1998-05-01,PERSON,Mary
Mary works at Microsoft in Tokyo since 1998-05-01,ORG,Microsoft
Mary works at Microsoft in Tokyo since 1998-05-01,GPE,Tokyo
The meeting with Alex from Meta is scheduled for 1976-10-21,PERSON,Alex
The meeting with Alex from Meta is scheduled for 1976-10-21,ORG,Meta
London will host the event in 1998-03-10,GPE,London
John attended a conference on 2006-01-13,PERSON,John
Sara works at Google in London since 2011-04-15,PERSON,Sara
Sara works at Google in London since 2011-04-15,ORG,Google
Sara works at Google in London since 2011-04-15,GPE,London
The meeting with John from Microsoft is scheduled for 1993-05-27,PERSON,John
The meeting with John from Microsoft is scheduled for 1993-05-27,ORG,Microsoft
Amazon announced new projects starting 2008-12-05,ORG,Amazon
John attended a conference on 2018-03-02,PERSON,John
Meta announced new projects starting 2025-01-07,ORG,Meta
London will host the event in 2001-10-06,GPE,London
Tokyo will host the event in 1980-01-02,GPE,Tokyo
Amazon announced new projects starting 1984-11-03,ORG,Amazon
Google announced new projects starting 1997-06-12,ORG,Google
Mary works at Amazon in London since 1984-08-03,PERSON,Mary
Mary works at Amazon in London since 1984-08-03,ORG,Amazon
Mary works at Amazon in London since 1984-08-03,GPE,London
Sara works at Microsoft in London since 1995-12-06,PERSON,Sara
Sara works at Microsoft in London since 1995-12-06,ORG,Microsoft
Sara works at Microsoft in London since 1995-12-06,GPE,London
Mary works at Meta in London since 1990-03-08,PERSON,Mary
Mary works at Meta in London since 1990-03-08,ORG,Meta
Mary works at Meta in London since 1990-03-08,GPE,London
Sara works at Google in New York since 1977-07-01,PERSON,Sara
Sara works at Google in New York since 1977-07-01,ORG,Google
The meeting with Mary from Google is scheduled for 2000-12-08,PERSON,Mary
The meeting with Mary from Google is scheduled for 2000-12-08,ORG,Google
London will host the event in 2012-02-18,GPE,London
Mary attended a conference on 2021-04-06,PERSON,Mary
The meeting with Sara from Google is scheduled for 1970-02-24,PERSON,Sara
The meeting with Sara from Google is scheduled for 1970-02-24,ORG,Google
John attended a conference on 1986-10-17,PERSON,John
The meeting with Sara from Microsoft is scheduled for 2016-06-14,PERSON,Sara
The meeting with Sara from Microsoft is scheduled for 2016-06-14,ORG,Microsoft
The meeting with Mary from Amazon is scheduled for 1994-10-01,PERSON,Mary
The meeting with Mary from Amazon is scheduled for 1994-10-01,ORG,Amazon
Sara works at Meta in Paris since 1991-08-10,PERSON,Sara
Sara works at Meta in Paris since 1991-08-10,ORG,Meta
Sara works at Meta in Paris since 1991-08-10,GPE,Paris
Alex attended a conference on 2013-04-17,PERSON,Alex
Microsoft announced new projects starting 2003-03-07,ORG,Microsoft
Google announced new projects starting 2017-10-03,ORG,Google
Microsoft announced new projects starting 1985-07-28,ORG,Microsoft
Alex attended a conference on 1978-05-06,PERSON,Alex
Alex attended a conference on 1984-10-01,PERSON,Alex
Amazon announced new projects starting 2017-01-21,ORG,Amazon
Alex attended a conference on 1998-02-16,PERSON,Alex
Mary works at Google in Paris since 1972-02-20,PERSON,Mary
Mary works at Google in Paris since 1972-02-20,ORG,Google
Mary works at Google in Paris since 1972-02-20,GPE,Paris
The meeting with Alex from Microsoft is scheduled for 1986-08-05,PERSON,Alex
The meeting with Alex from Microsoft is scheduled for 1986-08-05,ORG,Microsoft
London will host the event in 2015-08-27,GPE,London
Mary attended a conference on 2022-01-06,PERSON,Mary
Meta announced new projects starting 1980-06-21,ORG,Meta
Sara works at Microsoft in London since 1993-07-06,PERSON,Sara
Sara works at Microsoft in London since 1993-07-06,ORG,Microsoft
Sara works at Microsoft in London since 1993-07-06,GPE,London
Google announced new projects starting 2023-02-16,ORG,Google
The meeting with John from Google is scheduled for 2013-07-15,PERSON,John
The meeting with John from Google is scheduled for 2013-07-15,ORG,Google
The meeting with John from Google is scheduled for 1981-05-31,PERSON,John
The meeting with John from Google is scheduled for 1981-05-31,ORG,Google
Mary works at Amazon in London since 2012-03-22,PERSON,Mary
Mary works at Amazon in London since 2012-03-22,ORG,Amazon
Mary works at Amazon in London since 2012-03-22,GPE,London
The meeting with Alex from Amazon is scheduled for 2010-09-24,PERSON,Alex
The meeting with Alex from Amazon is scheduled for 2010-09-24,ORG,Amazon
Sara works at Meta in New York since 2016-05-06,PERSON,Sara
Sara works at Meta in New York since 2016-05-06,ORG,Meta
Sara works at Meta in Tokyo since 2019-07-17,PERSON,Sara
Sara works at Meta in Tokyo since 2019-07-17,ORG,Meta
Sara works at Meta in Tokyo since 2019-07-17,GPE,Tokyo
Alex attended a conference on 2003-11-21,PERSON,Alex
John works at Google in Paris since 2023-07-18,PERSON,John
John works at Google in Paris since 2023-07-18,ORG,Google
John works at Google in Paris since 2023-07-18,GPE,Paris
London will host the event in 1989-05-31,GPE,London
Tokyo will host the event in 1998-03-08,GPE,Tokyo
Google announced new projects starting 1981-11-23,ORG,Google
Sara attended a conference on 1986-07-11,PERSON,Sara
Amazon announced new projects starting 1995-08-27,ORG,Amazon
London will host the event in 1992-11-09,GPE,London
Tokyo will host the event in 1975-05-23,GPE,Tokyo
The meeting with Mary from Amazon is scheduled for 2000-05-26,PERSON,Mary
The meeting with Mary from Amazon is scheduled for 2000-05-26,ORG,Amazon
The meeting with Mary from Amazon is scheduled for 1981-02-25,PERSON,Mary
The meeting with Mary from Amazon is scheduled for 1981-02-25,ORG,Amazon
Mary attended a conference on 2023-09-20,PERSON,Mary
The meeting with John from Meta is scheduled for 1999-07-09,PERSON,John
The meeting with John from Meta is scheduled for 1999-07-09,ORG,Meta
Meta announced new projects starting 1976-07-15,ORG,Meta
The meeting with Mary from Google is scheduled for 2006-05-19,PERSON,Mary
The meeting with Mary from Google is scheduled for 2006-05-19,ORG,Google
Alex works at Amazon in New York since 1972-08-25,PERSON,Alex
Alex works at Amazon in New York since 1972-08-25,ORG,Amazon
Google announced new projects starting 2015-06-08,ORG,Google
London will host the event in 2002-10-06,GPE,London
John works at Meta in New York since 2001-02-07,PERSON,John
John works at Meta in New York since 2001-02-07,ORG,Meta
Meta announced new projects starting 1995-11-11,ORG,Meta
Mary attended a conference on 1996-03-12,PERSON,Mary
Mary attended a conference on 1971-05-01,PERSON,Mary
Mary works at Microsoft in Paris since 1980-11-26,PERSON,Mary
Mary works at Microsoft in Paris since 1980-11-26,ORG,Microsoft
Mary works at Microsoft in Paris since 1980-11-26,GPE,Paris
The meeting with Sara from Meta is scheduled for 2008-04-07,PERSON,Sara
The meeting with Sara from Meta is scheduled for 2008-04-07,ORG,Meta
Sara works at Google in New York since 1979-04-23,PERSON,Sara
Sara works at Google in New York since 1979-04-23,ORG,Google
Alex attended a conference on 1978-05-16,PERSON,Alex
The meeting with Sara from Meta is scheduled for 1974-08-09,PERSON,Sara
The meeting with Sara from Meta is scheduled for 1974-08-09,ORG,Meta
Mary attended a conference on 2000-05-15,PERSON,Mary
John attended a conference on 2015-04-17,PERSON,John
Meta announced new projects starting 1990-08-11,ORG,Meta
Meta announced new projects starting 1975-05-14,ORG,Meta
Paris will host the event in 1994-04-11,GPE,Paris
Sara works at Meta in Tokyo since 2015-07-01,PERSON,Sara
Sara works at Meta in Tokyo since 2015-07-01,ORG,Meta
Sara works at Meta in Tokyo since 2015-07-01,GPE,Tokyo
Paris will host the event in 1975-08-24,GPE,Paris
Google announced new projects starting 2018-10-02,ORG,Google
The meeting with Mary from Microsoft is scheduled for 1988-10-07,PERSON,Mary
The meeting with Mary from Microsoft is scheduled for 1988-10-07,ORG,Microsoft
The meeting with Alex from Microsoft is scheduled for 1992-08-25,PERSON,Alex
The meeting with Alex from Microsoft is scheduled for 1992-08-25,ORG,Microsoft
John attended a conference on 2021-02-09,PERSON,John
Tokyo will host the event in 1971-06-24,GPE,Tokyo
Mary attended a conference on 1982-11-01,PERSON,Mary
The meeting with Sara from Amazon is scheduled for 2024-08-20,PERSON,Sara
The meeting with Sara from Amazon is scheduled for 2024-08-20,ORG,Amazon
Alex attended a conference on 1977-12-20,PERSON,Alex
Tokyo will host the event in 1998-01-09,GPE,Tokyo
Microsoft announced new projects starting 2024-04-27,ORG,Microsoft
The meeting with Mary from Microsoft is scheduled for 2010-05-01,PERSON,Mary
The meeting with Mary from Microsoft is scheduled for 2010-05-01,ORG,Microsoft
The meeting with John from Microsoft is scheduled for 2000-08-23,PERSON,John
The meeting with John from Microsoft is scheduled for 2000-08-23,ORG,Microsoft
Paris will host the event in 2025-01-04,GPE,Paris
Paris will host the event in 2007-01-31,GPE,Paris
Paris will host the event in 2001-07-26,GPE,Paris
Tokyo will host the event in 1992-04-18,GPE,Tokyo
Sara attended a conference on 2005-05-26,PERSON,Sara
John works at Google in Paris since 1974-10-22,PERSON,John
John works at Google in Paris since 1974-10-22,ORG,Google
John works at Google in Paris since 1974-10-22,GPE,Paris
Tokyo will host the event in 2012-06-26,GPE,Tokyo
Mary attended a conference on 2002-09-12,PERSON,Mary
John attended a conference on 2015-03-04,PERSON,John
Tokyo will host the event in 1972-06-14,GPE,Tokyo
Mary attended a conference on 2015-08-19,PERSON,Mary
The meeting with Sara from Google is scheduled for 2014-03-19,PERSON,Sara
The meeting with Sara from Google is scheduled for 2014-03-19,ORG,Google
Alex works at Microsoft in Paris since 2011-03-24,PERSON,Alex
Alex works at Microsoft in Paris since 2011-03-24,ORG,Microsoft
Alex works at Microsoft in Paris since 2011-03-24,GPE,Paris
Mary attended a conference on 1974-08-26,PERSON,Mary
London will host the event in 1986-12-12,GPE,London
Meta announced new projects starting 2010-10-18,ORG,Meta
Sara attended a conference on 1974-09-19,PERSON,Sara
Sara works at Microsoft in Tokyo since 2000-08-07,PERSON,Sara
Sara works at Microsoft in Tokyo since 2000-08-07,ORG,Microsoft
Sara works at Microsoft in Tokyo since 2000-08-07,GPE,Tokyo
Amazon announced new projects starting 2023-05-20,ORG,Amazon
Google announced new projects starting 1984-10-22,ORG,Google
Microsoft announced new projects starting 2020-05-05,ORG,Microsoft
Mary attended a conference on 1972-04-05,PERSON,Mary
Alex works at Amazon in Tokyo since 1989-01-15,PERSON,Alex
Alex works at Amazon in Tokyo since 1989-01-15,ORG,Amazon
Alex works at Amazon in Tokyo since 1989-01-15,GPE,Tokyo
London will host the event in 1973-11-22,GPE,London
London will host the event in 2014-06-17,GPE,London
Alex works at Amazon in Tokyo since 2001-02-11,PERSON,Alex
Alex works at Amazon in Tokyo since 2001-02-11,ORG,Amazon
Alex works at Amazon in Tokyo since 2001-02-11,GPE,Tokyo
Mary attended a conference on 1984-12-25,PERSON,Mary
Mary works at Google in New York since 2006-02-03,PERSON,Mary
Mary works at Google in New York since 2006-02-03,ORG,Google
John attended a conference on 1998-07-16,PERSON,John
London will host the event in 1997-03-02,GPE,London
Meta announced new projects starting 2009-06-02,ORG,Meta
John attended a conference on 1998-12-03,PERSON,John
Alex attended a conference on 2003-07-15,PERSON,Alex
John works at Meta in London since 1985-09-01,PERSON,John
John works at Meta in London since 1985-09-01,ORG,Meta
John works at Meta in London since 1985-09-01,GPE,London
Sara works at Microsoft in Tokyo since 1971-12-22,PERSON,Sara
Sara works at Microsoft in Tokyo since 1971-12-22,ORG,Microsoft
Sara works at Microsoft in Tokyo since 1971-12-22,GPE,Tokyo
John attended a conference on 1970-03-13,PERSON,John
Microsoft announced new projects starting 1974-05-08,ORG,Microsoft
Paris will host the event in 2019-07-22,GPE,Paris
John attended a conference on 1979-06-22,PERSON,John
Alex attended a conference on 2014-04-21,PERSON,Alex
Amazon announced new projects starting 1975-11-16,ORG,Amazon
Mary works at Microsoft in Paris since 2009-07-11,PERSON,Mary
Mary works at Microsoft in Paris since 2009-07-11,ORG,Microsoft
Mary works at Microsoft in Paris since 2009-07-11,GPE,Paris
Alex attended a conference on 2011-09-16,PERSON,Alex
Meta announced new projects starting 1993-09-16,ORG,Meta
London will host the event in 1995-09-20,GPE,London
Tokyo will host the event in 2022-10-07,GPE,Tokyo
John works at Microsoft in London since 1983-12-17,PERSON,John
John works at Microsoft in London since 1983-12-17,ORG,Microsoft
John works at Microsoft in London since 1983-12-17,GPE,London
The meeting with Alex from Microsoft is scheduled for 1976-11-30,PERSON,Alex
The meeting with Alex from Microsoft is scheduled for 1976-11-30,ORG,Microsoft
The meeting with Alex from Amazon is scheduled for 2016-12-23,PERSON,Alex
The meeting with Alex from Amazon is scheduled for 2016-12-23,ORG,Amazon
Alex works at Amazon in New York since 1992-03-24,PERSON,Alex
Alex works at Amazon in New York since 1992-03-24,ORG,Amazon
Google announced new projects starting 1994-10-09,ORG,Google
The meeting with John from Meta is scheduled for 1984-07-18,PERSON,John
The meeting with John from Meta is scheduled for 1984-07-18,ORG,Meta
Paris will host the event in 2003-01-30,GPE,Paris
Google announced new projects starting 2003-03-20,ORG,Google
Meta announced new projects starting 2016-09-01,ORG,Meta
Alex attended a conference on 1973-08-16,PERSON,Alex
Amazon announced new projects starting 2014-04-14,ORG,Amazon
Alex works at Meta in London since 1974-12-01,PERSON,Alex
Alex works at Meta in London since 1974-12-01,ORG,Meta
Alex works at Meta in London since 1974-12-01,GPE,London
Alex attended a conference on 1983-12-31,PERSON,Alex
Alex attended a conference on 2019-05-26,PERSON,Alex
Mary attended a conference on 1980-01-12,PERSON,Mary
Alex works at Google in London since 1981-05-03,PERSON,Alex
Alex works at Google in London since 1981-05-03,ORG,Google
Alex works at Google in London since 1981-05-03,GPE,London
Sara works at Google in Tokyo since 2003-11-03,PERSON,Sara
Sara works at Google in Tokyo since 2003-11-03,ORG,Google
Sara works at Google in Tokyo since 2003-11-03,GPE,Tokyo
Alex attended a conference on 2020-02-26,PERSON,Alex
Google announced new projects starting 2009-06-01,ORG,Google
Amazon announced new projects starting 1999-03-20,ORG,Amazon
Alex works at Amazon in London since 2008-12-17,PERSON,Alex
Alex works at Amazon in London since 2008-12-17,ORG,Amazon
Alex works at Amazon in London since 2008-12-17,GPE,London
Microsoft announced new projects starting 2021-10-01,ORG,Microsoft
Mary attended a conference on 1989-08-31,PERSON,Mary
John works at Amazon in Tokyo since 2024-10-22,PERSON,John
John works at Amazon in Tokyo since 2024-10-22,ORG,Amazon
John works at Amazon in Tokyo since 2024-10-22,GPE,Tokyo
Meta announced new projects starting 2017-04-25,ORG,Meta
The meeting with John from Meta is scheduled for 2006-06-19,PERSON,John
The meeting with John from Meta is scheduled for 2006-06-19,ORG,Meta
John attended a conference on 2009-09-12,PERSON,John
Google announced new projects starting 1988-03-17,ORG,Google
Sara attended a conference on 2000-04-15,PERSON,Sara
The meeting with John from Meta is scheduled for 1995-12-06,PERSON,John
The meeting with John from Meta is scheduled for 1995-12-06,ORG,Meta
London will host the event in 2017-05-09,GPE,London
The meeting with Mary from Google is scheduled for 1997-08-30,PERSON,Mary
The meeting with Mary from Google is scheduled for 1997-08-30,ORG,Google
The meeting with Mary from Amazon is scheduled for 2012-04-25,PERSON,Mary
The meeting with Mary from Amazon is scheduled for 2012-04-25,ORG,Amazon
Microsoft announced new projects starting 1993-04-15,ORG,Microsoft
London will host the event in 1997-10-09,GPE,London
Alex works at Meta in London since 1984-08-11,PERSON,Alex
Alex works at Meta in London since 1984-08-11,ORG,Meta
Alex works at Meta in London since 1984-08-11,GPE,London
Mary works at Meta in Paris since 2012-09-17,PERSON,Mary
Mary works at Meta in Paris since 2012-09-17,ORG,Meta
Mary works at Meta in Paris since 2012-09-17,GPE,Paris
John works at Amazon in Paris since 2013-11-04,PERSON,John
John works at Amazon in Paris since 2013-11-04,ORG,Amazon
John works at Amazon in Paris since 2013-11-04,GPE,Paris
London will host the event in 1987-09-18,GPE,London
Alex attended a conference on 2016-03-18,PERSON,Alex
Meta announced new projects starting 1982-07-21,ORG,Meta
Amazon announced new projects starting 1993-03-26,ORG,Amazon
Meta announced new projects starting 1999-03-24,ORG,Meta
Alex attended a conference on 1991-09-02,PERSON,Alex
Mary attended a conference on 2017-01-24,PERSON,Mary
Alex attended a conference on 2003-07-30,PERSON,Alex
John attended a conference on 1970-01-02,PERSON,John
Paris will host the event in 1985-12-30,GPE,Paris
Google announced new projects starting 1972-05-10,ORG,Google
John attended a conference on 1997-11-01,PERSON,John
The meeting with John from Microsoft is scheduled for 1971-01-15,PERSON,John
The meeting with John from Microsoft is scheduled for 1971-01-15,ORG,Microsoft
John works at Microsoft in Tokyo since 2006-07-24,PERSON,John
John works at Microsoft in Tokyo since 2006-07-24,ORG,Microsoft
John works at Microsoft in Tokyo since 2006-07-24,GPE,Tokyo
The meeting with Mary from Amazon is scheduled for 1994-01-09,PERSON,Mary
The meeting with Mary from Amazon is scheduled for 1994-01-09,ORG,Amazon
Amazon announced new projects starting 2019-07-14,ORG,Amazon
Tokyo will host the event in 2018-01-11,GPE,Tokyo
The meeting with Mary from Meta is scheduled for 2023-12-26,PERSON,Mary
The meeting with Mary from Meta is scheduled for 2023-12-26,ORG,Meta
Mary attended a conference on 1976-04-28,PERSON,Mary
Tokyo will host the event in 1983-11-17,GPE,Tokyo
Paris will host the event in 1982-05-17,GPE,Paris
Sara works at Meta in New York since 1981-11-24,PERSON,Sara
Sara works at Meta in New York since 1981-11-24,ORG,Meta
Mary attended a conference on 1980-02-25,PERSON,Mary
London will host the event in 1976-06-20,GPE,London
London will host the event in 1997-08-03,GPE,London
London will host the event in 1970-02-06,GPE,London
John works at Google in London since 1988-02-14,PERSON,John
John works at Google in London since 1988-02-14,ORG,Google
John works at Google in London since 1988-02-14,GPE,London
The meeting with Alex from Amazon is scheduled for 1977-11-24,PERSON,Alex
The meeting with Alex from Amazon is scheduled for 1977-11-24,ORG,Amazon
The meeting with Sara from Meta is scheduled for 2010-09-21,PERSON,Sara
The meeting with Sara from Meta is scheduled for 2010-09-21,ORG,Meta
The meeting with Alex from Microsoft is scheduled for 1994-02-12,PERSON,Alex
The meeting with Alex from Microsoft is scheduled for 1994-02-12,ORG,Microsoft
Alex works at Amazon in Tokyo since 1996-03-19,PERSON,Alex
Alex works at Amazon in Tokyo since 1996-03-19,ORG,Amazon
Alex works at Amazon in Tokyo since 1996-03-19,GPE,Tokyo
Paris will host the event in 1975-12-21,GPE,Paris
Microsoft announced new projects starting 2004-03-03,ORG,Microsoft
Alex works at Amazon in Tokyo since 1986-01-06,PERSON,Alex
Alex works at Amazon in Tokyo since 1986-01-06,ORG,Amazon
Alex works at Amazon in Tokyo since 1986-01-06,GPE,Tokyo
The meeting with Alex from Meta is scheduled for 1970-09-26,PERSON,Alex
The meeting with Alex from Meta is scheduled for 1970-09-26,ORG,Meta
Tokyo will host the event in 1971-05-11,GPE,Tokyo
The meeting with Alex from Amazon is scheduled for 1973-11-10,PERSON,Alex
The meeting with Alex from Amazon is scheduled for 1973-11-10,ORG,Amazon
Mary works at Google in New York since 2024-05-11,PERSON,Mary
Mary works at Google in New York since 2024-05-11,ORG,Google
Google announced new projects starting 1973-10-05,ORG,Google
Google announced new projects starting 1981-05-01,ORG,Google
The meeting with Alex from Amazon is scheduled for 1996-02-21,PERSON,Alex
The meeting with Alex from Amazon is scheduled for 1996-02-21,ORG,Amazon
Alex works at Microsoft in New York since 2002-04-27,PERSON,Alex
Alex works at Microsoft in New York since 2002-04-27,ORG,Microsoft
Meta announced new projects starting 1981-03-02,ORG,Meta
London will host the event in 1994-04-26,GPE,London
John attended a conference on 2022-08-01,PERSON,John
The meeting with John from Microsoft is scheduled for 2014-03-31,PERSON,John
The meeting with John from Microsoft is scheduled for 2014-03-31,ORG,Microsoft
The meeting with Sara from Microsoft is scheduled for 1993-02-02,PERSON,Sara
The meeting with Sara from Microsoft is scheduled for 1993-02-02,ORG,Microsoft
Mary attended a conference on 1993-04-04,PERSON,Mary
The meeting with Alex from Google is scheduled for 1990-02-07,PERSON,Alex
The meeting with Alex from Google is scheduled for 1990-02-07,ORG,Google
Mary works at Google in Tokyo since 2015-08-04,PERSON,Mary
Mary works at Google in Tokyo since 2015-08-04,ORG,Google
Mary works at Google in Tokyo since 2015-08-04,GPE,Tokyo
Alex attended a conference on 2024-05-11,PERSON,Alex
Google announced new projects starting 1977-07-23,ORG,Google
The meeting with Alex from Meta is scheduled for 2006-06-23,PERSON,Alex
The meeting with Alex from Meta is scheduled for 2006-06-23,ORG,Meta
Meta announced new projects starting 2016-01-11,ORG,Meta
Microsoft announced new projects starting 1994-09-03,ORG,Microsoft
John attended a conference on 1982-05-02,PERSON,John
Amazon announced new projects starting 1983-10-08,ORG,Amazon
Microsoft announced new projects starting 2015-08-29,ORG,Microsoft
The meeting with Sara from Meta is scheduled for 1995-03-16,PERSON,Sara
The meeting with Sara from Meta is scheduled for 1995-03-16,ORG,Meta
Mary works at Google in Paris since 1989-09-21,PERSON,Mary
Mary works at Google in Paris since 1989-09-21,ORG,Google
Mary works at Google in Paris since 1989-09-21,GPE,Paris
Amazon announced new projects starting 2000-01-01,ORG,Amazon
The meeting with Alex from Google is scheduled for 1996-03-27,PERSON,Alex
The meeting with Alex from Google is scheduled for 1996-03-27,ORG,Google
Google announced new projects starting 1996-10-30,ORG,Google
The meeting with Sara from Meta is scheduled for 1996-01-02,PERSON,Sara
The meeting with Sara from Meta is scheduled for 1996-01-02,ORG,Meta
Microsoft announced new projects starting 2004-01-01,ORG,Microsoft
Sara attended a conference on 2008-05-08,PERSON,Sara
The meeting with Alex from Amazon is scheduled for 1999-02-10,PERSON,Alex
The meeting with Alex from Amazon is scheduled for 1999-02-10,ORG,Amazon
Sara works at Meta in Tokyo since 1998-08-12,PERSON,Sara
Sara works at Meta in Tokyo since 1998-08-12,ORG,Meta
Sara works at Meta in Tokyo since 1998-08-12,GPE,Tokyo
Alex attended a conference on 1996-09-06,PERSON,Alex
Sara works at Google in London since 1988-05-10,PERSON,Sara
Sara works at Google in London since 1988-05-10,ORG,Google
Sara works at Google in London since 1988-05-10,GPE,London
The meeting with Sara from Meta is scheduled for 2019-09-22,PERSON,Sara
The meeting with Sara from Meta is scheduled for 2019-09-22,ORG,Meta
Tokyo will host the event in 1985-07-29,GPE,Tokyo
Meta announced new projects starting 1992-12-19,ORG,Meta
The meeting with Alex from Google is scheduled for 2010-12-29,PERSON,Alex
The meeting with Alex from Google is scheduled for 2010-12-29,ORG,Google
Alex attended a conference on 2014-06-27,PERSON,Alex
Sara attended a conference on 2013-09-17,PERSON,Sara
Sara works at Microsoft in Paris since 2024-09-09,PERSON,Sara
Sara works at Microsoft in Paris since 2024-09-09,ORG,Microsoft
Sara works at Microsoft in Paris since 2024-09-09,GPE,Paris
John attended a conference on 1974-06-30,PERSON,John
John attended a conference on 1986-12-22,PERSON,John
Meta announced new projects starting 1996-07-21,ORG,Meta
Sara attended a conference on 1994-06-23,PERSON,Sara
Mary attended a conference on 1992-10-27,PERSON,Mary
Amazon announced new projects starting 2010-07-22,ORG,Amazon
Alex attended a conference on 1995-06-28,PERSON,Alex
Tokyo will host the event in 2006-02-03,GPE,Tokyo
Meta announced new projects starting 2015-10-30,ORG,Meta
Mary works at Microsoft in London since 1987-11-22,PERSON,Mary
Mary works at Microsoft in London since 1987-11-22,ORG,Microsoft
Mary works at Microsoft in London since 1987-11-22,GPE,London
Alex attended a conference on 2013-06-03,PERSON,Alex
The meeting with John from Amazon is scheduled for 1981-11-25,PERSON,John
The meeting with John from Amazon is scheduled for 1981-11-25,ORG,Amazon
Microsoft announced new projects starting 1999-07-25,ORG,Microsoft
Microsoft announced new projects starting 2004-04-24,ORG,Microsoft
Amazon announced new projects starting 2007-02-03,ORG,Amazon
Sara works at Amazon in Paris since 2000-04-20,PERSON,Sara
Sara works at Amazon in Paris since 2000-04-20,ORG,Amazon
Sara works at Amazon in Paris since 2000-04-20,GPE,Paris
Amazon announced new projects starting 1993-11-07,ORG,Amazon
Amazon announced new projects starting 2016-12-02,ORG,Amazon
Alex works at Google in London since 2013-01-12,PERSON,Alex
Alex works at Google in London since 2013-01-12,ORG,Google
Alex works at Google in London since 2013-01-12,GPE,London
The meeting with Alex from Google is scheduled for 1970-08-28,PERSON,Alex
The meeting with Alex from Google is scheduled for 1970-08-28,ORG,Google
Microsoft announced new projects starting 1985-12-12,ORG,Microsoft
John works at Meta in New York since 2021-12-13,PERSON,John
John works at Meta in New York since 2021-12-13,ORG,Meta
John works at Google in Paris since 1990-03-07,PERSON,John
John works at Google in Paris since 1990-03-07,ORG,Google
John works at Google in Paris since 1990-03-07,GPE,Paris
Amazon announced new projects starting 2014-12-19,ORG,Amazon
The meeting with Alex from Google is scheduled for 2010-08-08,PERSON,Alex
The meeting with Alex from Google is scheduled for 2010-08-08,ORG,Google
John attended a conference on 1978-03-28,PERSON,John
The meeting with Alex from Meta is scheduled for 1970-09-04,PERSON,Alex
The meeting with Alex from Meta is scheduled for 1970-09-04,ORG,Meta
Paris will host the event in 2018-08-11,GPE,Paris
Meta announced new projects starting 1990-03-18,ORG,Meta
Alex attended a conference on 1987-02-13,PERSON,Alex
The meeting with Mary from Meta is scheduled for 2007-08-12,PERSON,Mary
The meeting with Mary from Meta is scheduled for 2007-08-12,ORG,Meta
The meeting with Alex from Amazon is scheduled for 2000-06-18,PERSON,Alex
The meeting with Alex from Amazon is scheduled for 2000-06-18,ORG,Amazon
The meeting with Sara from Microsoft is scheduled for 2004-09-10,PERSON,Sara
The meeting with Sara from Microsoft is scheduled for 2004-09-10,ORG,Microsoft
Amazon announced new projects starting 1973-03-08,ORG,Amazon
London will host the event in 1978-07-08,GPE,London
Mary works at Google in Tokyo since 1981-06-11,PERSON,Mary
Mary works at Google in Tokyo since 1981-06-11,ORG,Google
Mary works at Google in Tokyo since 1981-06-11,GPE,Tokyo
Sara attended a conference on 1991-12-17,PERSON,Sara
Mary attended a conference on 2008-03-06,PERSON,Mary
Alex attended a conference on 2004-10-22,PERSON,Alex
Google announced new projects starting 1991-12-15,ORG,Google
Mary attended a conference on 2007-12-30,PERSON,Mary
Sara works at Amazon in New York since 1993-12-30,PERSON,Sara
Sara works at Amazon in New York since 1993-12-30,ORG,Amazon
Paris will host the event in 1986-02-15,GPE,Paris
Alex attended a conference on 1977-12-31,PERSON,Alex
John attended a conference on 1997-12-18,PERSON,John
John attended a conference on 2009-03-23,PERSON,John
London will host the event in 2003-08-11,GPE,London
The meeting with Alex from Microsoft is scheduled for 1983-11-25,PERSON,Alex
The meeting with Alex from Microsoft is scheduled for 1983-11-25,ORG,Microsoft
Microsoft announced new projects starting 1978-03-09,ORG,Microsoft
Tokyo will host the event in 2019-02-14,GPE,Tokyo
Paris will host the event in 2022-04-17,GPE,Paris
The meeting with Mary from Microsoft is scheduled for 2017-07-04,PERSON,Mary
The meeting with Mary from Microsoft is scheduled for 2017-07-04,ORG,Microsoft
The meeting with Alex from Google is scheduled for 2014-04-19,PERSON,Alex
The meeting with Alex from Google is scheduled for 2014-04-19,ORG,Google
Paris will host the event in 2000-07-29,GPE,Paris
The meeting with Alex from Google is scheduled for 2020-08-16,PERSON,Alex
The meeting with Alex from Google is scheduled for 2020-08-16,ORG,Google
Amazon announced new projects starting 2016-10-07,ORG,Amazon
Sara works at Amazon in Tokyo since 2017-12-06,PERSON,Sara
Sara works at Amazon in Tokyo since 2017-12-06,ORG,Amazon
Sara works at Amazon in Tokyo since 2017-12-06,GPE,Tokyo
Meta announced new projects starting 1994-10-28,ORG,Meta
Google announced new projects starting 2005-01-11,ORG,Google
Tokyo will host the event in 2005-05-10,GPE,Tokyo
Mary attended a conference on 1992-08-22,PERSON,Mary
John works at Microsoft in Tokyo since 1974-10-30,PERSON,John
John works at Microsoft in Tokyo since 1974-10-30,ORG,Microsoft
John works at Microsoft in Tokyo since 1974-10-30,GPE,Tokyo
John works at Google in Paris since 1970-06-06,PERSON,John
John works at Google in Paris since 1970-06-06,ORG,Google
John works at Google in Paris since 1970-06-06,GPE,Paris
London will host the event in 1971-10-18,GPE,London
The meeting with Alex from Google is scheduled for 1988-03-09,PERSON,Alex
The meeting with Alex from Google is scheduled for 1988-03-09,ORG,Google
Google announced new projects starting 2002-02-23,ORG,Google
Google announced new projects starting 1990-12-30,ORG,Google
Sara works at Amazon in London since 1990-12-22,PERSON,Sara
Sara works at Amazon in London since 1990-12-22,ORG,Amazon
Sara works at Amazon in London since 1990-12-22,GPE,London
Sara attended a conference on 2010-07-10,PERSON,Sara
Sara attended a conference on 1974-08-17,PERSON,Sara
The meeting with John from Meta is scheduled for 2000-07-27,PERSON,John
The meeting with John from Meta is scheduled for 2000-07-27,ORG,Meta
The meeting with John from Google is scheduled for 2023-02-03,PERSON,John
The meeting with John from Google is scheduled for 2023-02-03,ORG,Google
Microsoft announced new projects starting 2012-07-23,ORG,Microsoft
Amazon announced new projects starting 2012-04-02,ORG,Amazon
Microsoft announced new projects starting 2016-03-18,ORG,Microsoft
Meta announced new projects starting 2021-12-02,ORG,Meta
Meta announced new projects starting 2005-09-23,ORG,Meta
Alex works at Google in New York since 1982-06-22,PERSON,Alex
Alex works at Google in New York since 1982-06-22,ORG,Google
The meeting with John from Meta is scheduled for 2008-08-04,PERSON,John
The meeting with John from Meta is scheduled for 2008-08-04,ORG,Meta
Alex attended a conference on 1981-12-31,PERSON,Alex
Alex attended a conference on 2019-07-24,PERSON,Alex
Microsoft announced new projects starting 2014-09-20,ORG,Microsoft
Paris will host the event in 2008-08-31,GPE,Paris
The meeting with Alex from Microsoft is scheduled for 1985-09-23,PERSON,Alex
The meeting with Alex from Microsoft is scheduled for 1985-09-23,ORG,Microsoft
Sara works at Amazon in New York since 1982-06-18,PERSON,Sara
Sara works at Amazon in New York since 1982-06-18,ORG,Amazon
Mary attended a conference on 1999-04-02,PERSON,Mary
London will host the event in 1971-02-13,GPE,London
Sara works at Microsoft in Tokyo since 2019-08-31,PERSON,Sara
Sara works at Microsoft in Tokyo since 2019-08-31,ORG,Microsoft
Sara works at Microsoft in Tokyo since 2019-08-31,GPE,Tokyo
Alex attended a conference on 2005-07-17,PERSON,Alex
Alex attended a conference on 1983-07-06,PERSON,Alex
Mary works at Google in Tokyo since 1988-10-03,PERSON,Mary
Mary works at Google in Tokyo since 1988-10-03,ORG,Google
Mary works at Google in Tokyo since 1988-10-03,GPE,Tokyo
John attended a conference on 2006-04-09,PERSON,John
The meeting with Alex from Meta is scheduled for 2009-06-01,PERSON,Alex
The meeting with Alex from Meta is scheduled for 2009-06-01,ORG,Meta
John works at Amazon in New York since 1970-06-21,PERSON,John
John works at Amazon in New York since 1970-06-21,ORG,Amazon
John attended a conference on 1976-05-31,PERSON,John
Meta announced new projects starting 2013-10-15,ORG,Meta
The meeting with John from Meta is scheduled for 1979-11-04,PERSON,John
The meeting with John from Meta is scheduled for 1979-11-04,ORG,Meta
Paris will host the event in 2013-03-07,GPE,Paris
Microsoft announced new projects starting 1995-09-03,ORG,Microsoft
Google announced new projects starting 2019-03-24,ORG,Google
John works at Amazon in London since 1986-07-09,PERSON,John
John works at Amazon in London since 1986-07-09,ORG,Amazon
John works at Amazon in London since 1986-07-09,GPE,London
Sara attended a conference on 1999-12-04,PERSON,Sara
Meta announced new projects starting 1978-03-10,ORG,Meta
John works at Google in London since 1972-04-23,PERSON,John
John works at Google in London since 1972-04-23,ORG,Google
John works at Google in London since 1972-04-23,GPE,London
Amazon announced new projects starting 1990-08-19,ORG,Amazon
Sara attended a conference on 2008-03-10,PERSON,Sara
Google announced new projects starting 2021-09-02,ORG,Google
Sara works at Microsoft in Tokyo since 2018-05-07,PERSON,Sara
Sara works at Microsoft in Tokyo since 2018-05-07,ORG,Microsoft
Sara works at Microsoft in Tokyo since 2018-05-07,GPE,Tokyo
Alex attended a conference on 2007-08-16,PERSON,Alex
Mary works at Amazon in Paris since 1995-09-14,PERSON,Mary
Mary works at Amazon in Paris since 1995-09-14,ORG,Amazon
Mary works at Amazon in Paris since 1995-09-14,GPE,Paris
John attended a conference on 2024-08-09,PERSON,John
Sara works at Microsoft in Paris since 2014-01-14,PERSON,Sara
Sara works at Microsoft in Paris since 2014-01-14,ORG,Microsoft
Sara works at Microsoft in Paris since 2014-01-14,GPE,Paris
Meta announced new projects starting 1973-03-22,ORG,Meta
Microsoft announced new projects starting 2010-07-11,ORG,Microsoft
Sara attended a conference on 1992-12-15,PERSON,Sara
The meeting with Mary from Google is scheduled for 1990-02-24,PERSON,Mary
The meeting with Mary from Google is scheduled for 1990-02-24,ORG,Google
Meta announced new projects starting 1979-12-25,ORG,Meta
The meeting with Sara from Google is scheduled for 1983-08-03,PERSON,Sara
The meeting with Sara from Google is scheduled for 1983-08-03,ORG,Google
Sara works at Amazon in New York since 1972-02-13,PERSON,Sara
Sara works at Amazon in New York since 1972-02-13,ORG,Amazon
The meeting with Sara from Microsoft is scheduled for 1987-11-11,PERSON,Sara
The meeting with Sara from Microsoft is scheduled for 1987-11-11,ORG,Microsoft
Sara works at Amazon in London since 1989-08-13,PERSON,Sara
Sara works at Amazon in London since 1989-08-13,ORG,Amazon
Sara works at Amazon in London since 1989-08-13,GPE,London
Sara works at Google in Paris since 2020-12-21,PERSON,Sara
Sara works at Google in Paris since 2020-12-21,ORG,Google
Sara works at Google in Paris since 2020-12-21,GPE,Paris
Sara works at Meta in London since 1977-09-06,PERSON,Sara
Sara works at Meta in London since 1977-09-06,ORG,Meta
Sara works at Meta in London since 1977-09-06,GPE,London
John works at Microsoft in Tokyo since 2011-06-23,PERSON,John
John works at Microsoft in Tokyo since 2011-06-23,ORG,Microsoft
John works at Microsoft in Tokyo since 2011-06-23,GPE,Tokyo
The meeting with Alex from Amazon is scheduled for 1988-02-20,PERSON,Alex
The meeting with Alex from Amazon is scheduled for 1988-02-20,ORG,Amazon
John works at Amazon in Paris since 1992-08-07,PERSON,John
John works at Amazon in Paris since 1992-08-07,ORG,Amazon
John works at Amazon in Paris since 1992-08-07,GPE,Paris
Alex attended a conference on 1970-07-08,PERSON,Alex
John works at Google in New York since 2017-08-01,PERSON,John
John works at Google in New York since 2017-08-01,ORG,Google
Tokyo will host the event in 2001-05-15,GPE,Tokyo
John works at Google in New York since 2017-10-19,PERSON,John
John works at Google in New York since 2017-10-19,ORG,Google
John attended a conference on 2001-02-09,PERSON,John
London will host the event in 2022-06-17,GPE,London
The meeting with John from Microsoft is scheduled for 2016-08-22,PERSON,John
The meeting with John from Microsoft is scheduled for 2016-08-22,ORG,Microsoft
Sara works at Microsoft in Tokyo since 2016-10-09,PERSON,Sara
Sara works at Microsoft in Tokyo since 2016-10-09,ORG,Microsoft
Sara works at Microsoft in Tokyo since 2016-10-09,GPE,Tokyo
Paris will host the event in 1979-02-08,GPE,Paris
The meeting with Mary from Microsoft is scheduled for 1993-08-23,PERSON,Mary
The meeting with Mary from Microsoft is scheduled for 1993-08-23,ORG,Microsoft
Mary works at Meta in New York since 1972-12-11,PERSON,Mary
Mary works at Meta in New York since 1972-12-11,ORG,Meta
Microsoft announced new projects starting 1974-03-02,ORG,Microsoft
Amazon announced new projects starting 1983-02-12,ORG,Amazon
Alex attended a conference on 1992-12-14,PERSON,Alex
Microsoft announced new projects starting 2021-05-22,ORG,Microsoft
Google announced new projects starting 1976-04-15,ORG,Google
The meeting with John from Meta is scheduled for 2002-08-29,PERSON,John
The meeting with John from Meta is scheduled for 2002-08-29,ORG,Meta
Paris will host the event in 1971-03-13,GPE,Paris
Alex works at Amazon in Tokyo since 2011-12-13,PERSON,Alex
Alex works at Amazon in Tokyo since 2011-12-13,ORG,Amazon
Alex works at Amazon in Tokyo since 2011-12-13,GPE,Tokyo
Paris will host the event in 2015-03-14,GPE,Paris
Google announced new projects starting 1978-11-26,ORG,Google
Mary attended a conference on 1999-12-17,PERSON,Mary
Paris will host the event in 2013-03-30,GPE,Paris
London will host the event in 1976-08-07,GPE,London
The meeting with Sara from Amazon is scheduled for 1988-02-25,PERSON,Sara
The meeting with Sara from Amazon is scheduled for 1988-02-25,ORG,Amazon
Microsoft announced new projects starting 1981-03-06,ORG,Microsoft
Mary attended a conference on 1991-01-11,PERSON,Mary
Alex works at Amazon in Paris since 2014-06-22,PERSON,Alex
Alex works at Amazon in Paris since 2014-06-22,ORG,Amazon
Alex works at Amazon in Paris since 2014-06-22,GPE,Paris
The meeting with John from Amazon is scheduled for 2016-10-26,PERSON,John
The meeting with John from Amazon is scheduled for 2016-10-26,ORG,Amazon
Amazon announced new projects starting 2021-09-14,ORG,Amazon
Alex works at Amazon in London since 2017-09-08,PERSON,Alex
Alex works at Amazon in London since 2017-09-08,ORG,Amazon
Alex works at Amazon in London since 2017-09-08,GPE,London
Sara works at Amazon in London since 1978-08-19,PERSON,Sara
Sara works at Amazon in London since 1978-08-19,ORG,Amazon
Sara works at Amazon in London since 1978-08-19,GPE,London
Microsoft announced new projects starting 1996-05-26,ORG,Microsoft
Alex works at Meta in Tokyo since 2002-01-11,PERSON,Alex
Alex works at Meta in Tokyo since 2002-01-11,ORG,Meta
Alex works at Meta in Tokyo since 2002-01-11,GPE,Tokyo
Paris will host the event in 2011-11-13,GPE,Paris
The meeting with Alex from Amazon is scheduled for 2010-09-11,PERSON,Alex
The meeting with Alex from Amazon is scheduled for 2010-09-11,ORG,Amazon
The meeting with Mary from Google is scheduled for 1999-02-12,PERSON,Mary
The meeting with Mary from Google is scheduled for 1999-02-12,ORG,Google
Alex attended a conference on 2000-11-26,PERSON,Alex
Google announced new projects starting 1995-01-08,ORG,Google
Alex attended a conference on 1972-09-29,PERSON,Alex
John works at Amazon in Paris since 2014-10-04,PERSON,John
John works at Amazon in Paris since 2014-10-04,ORG,Amazon
John works at Amazon in Paris since 2014-10-04,GPE,Paris
Mary attended a conference on 1982-08-17,PERSON,Mary
Amazon announced new projects starting 1991-09-21,ORG,Amazon
Paris will host the event in 1977-05-18,GPE,Paris
Alex attended a conference on 1993-09-05,PERSON,Alex
The meeting with Alex from Amazon is scheduled for 2019-03-28,PERSON,Alex
The meeting with Alex from Amazon is scheduled for 2019-03-28,ORG,Amazon
The meeting with Sara from Meta is scheduled for 1981-06-09,PERSON,Sara
The meeting with Sara from Meta is scheduled for 1981-06-09,ORG,Meta
Sara attended a conference on 1985-10-12,PERSON,Sara
Google announced new projects starting 1972-12-28,ORG,Google
The meeting with Sara from Microsoft is scheduled for 1996-01-19,PERSON,Sara
The meeting with Sara from Microsoft is scheduled for 1996-01-19,ORG,Microsoft
Microsoft announced new projects starting 1970-06-19,ORG,Microsoft
John works at Microsoft in Tokyo since 1984-09-30,PERSON,John
John works at Microsoft in Tokyo since 1984-09-30,ORG,Microsoft
John works at Microsoft in Tokyo since 1984-09-30,GPE,Tokyo
John attended a conference on 2006-03-25,PERSON,John
Mary works at Amazon in Paris since 1999-10-16,PERSON,Mary
Mary works at Amazon in Paris since 1999-10-16,ORG,Amazon
Mary works at Amazon in Paris since 1999-10-16,GPE,Paris
Tokyo will host the event in 1988-11-03,GPE,Tokyo
The meeting with Alex from Google is scheduled for 1988-07-01,PERSON,Alex
The meeting with Alex from Google is scheduled for 1988-07-01,ORG,Google
Mary attended a conference on 1977-08-25,PERSON,Mary
John attended a conference on 2008-04-27,PERSON,John
Alex works at Google in Tokyo since 1993-06-03,PERSON,Alex
Alex works at Google in Tokyo since 1993-06-03,ORG,Google
Alex works at Google in Tokyo since 1993-06-03,GPE,Tokyo
The meeting with Mary from Amazon is scheduled for 1993-08-04,PERSON,Mary
The meeting with Mary from Amazon is scheduled for 1993-08-04,ORG,Amazon
The meeting with Mary from Microsoft is scheduled for 1994-03-07,PERSON,Mary
The meeting with Mary from Microsoft is scheduled for 1994-03-07,ORG,Microsoft
Amazon announced new projects starting 2002-10-26,ORG,Amazon
The meeting with Mary from Google is scheduled for 1975-08-20,PERSON,Mary
The meeting with Mary from Google is scheduled for 1975-08-20,ORG,Google
Tokyo will host the event in 2018-12-19,GPE,Tokyo
John attended a conference on 1997-04-04,PERSON,John
London will host the event in 1977-03-07,GPE,London
Alex attended a conference on 1991-06-21,PERSON,Alex
Alex attended a conference on 2021-12-22,PERSON,Alex
John works at Amazon in New York since 1986-02-17,PERSON,John
John works at Amazon in New York since 1986-02-17,ORG,Amazon
Google announced new projects starting 2021-03-30,ORG,Google
Google announced new projects starting 1989-07-28,ORG,Google
John works at Microsoft in London since 1985-09-25,PERSON,John
John works at Microsoft in London since 1985-09-25,ORG,Microsoft
John works at Microsoft in London since 1985-09-25,GPE,London
The meeting with John from Google is scheduled for 1976-09-02,PERSON,John
The meeting with John from Google is scheduled for 1976-09-02,ORG,Google
Tokyo will host the event in 1978-08-31,GPE,Tokyo
The meeting with John from Microsoft is scheduled for 1992-04-15,PERSON,John
The meeting with John from Microsoft is scheduled for 1992-04-15,ORG,Microsoft
Tokyo will host the event in 1990-11-30,GPE,Tokyo
The meeting with Alex from Microsoft is scheduled for 1986-01-31,PERSON,Alex
The meeting with Alex from Microsoft is scheduled for 1986-01-31,ORG,Microsoft
Alex attended a conference on 2016-02-12,PERSON,Alex
Paris will host the event in 1986-10-28,GPE,Paris
Paris will host the event in 1977-09-28,GPE,Paris
Mary attended a conference on 1998-10-04,PERSON,Mary
Paris will host the event in 1990-04-19,GPE,Paris
The meeting with John from Google is scheduled for 2001-06-06,PERSON,John
The meeting with John from Google is scheduled for 2001-06-06,ORG,Google
London will host the event in 1999-09-11,GPE,London
Alex works at Google in New York since 2024-03-11,PERSON,Alex
Alex works at Google in New York since 2024-03-11,ORG,Google
London will host the event in 2004-01-13,GPE,London
The meeting with Alex from Google is scheduled for 1979-07-31,PERSON,Alex
The meeting with Alex from Google is scheduled for 1979-07-31,ORG,Google
Paris will host the event in 2016-09-23,GPE,Paris
The meeting with Mary from Microsoft is scheduled for 2006-07-31,PERSON,Mary
The meeting with Mary from Microsoft is scheduled for 2006-07-31,ORG,Microsoft
The meeting with John from Meta is scheduled for 2014-12-27,PERSON,John
The meeting with John from Meta is scheduled for 2014-12-27,ORG,Meta
Tokyo will host the event in 1987-08-29,GPE,Tokyo
Paris will host the event in 1974-11-26,GPE,Paris
Paris will host the event in 2016-12-04,GPE,Paris
Paris will host the event in 2017-03-31,GPE,Paris
Sara attended a conference on 1991-05-11,PERSON,Sara
Mary works at Amazon in Paris since 1984-04-07,PERSON,Mary
Mary works at Amazon in Paris since 1984-04-07,ORG,Amazon
Mary works at Amazon in Paris since 1984-04-07,GPE,Paris
Meta announced new projects starting 1990-01-28,ORG,Meta
Mary attended a conference on 2018-06-05,PERSON,Mary
Alex works at Microsoft in New York since 1973-06-10,PERSON,Alex
Alex works at Microsoft in New York since 1973-06-10,ORG,Microsoft
The meeting with John from Google is scheduled for 2001-06-01,PERSON,John
The meeting with John from Google is scheduled for 2001-06-01,ORG,Google
Sara works at Amazon in Tokyo since 2011-08-29,PERSON,Sara
Sara works at Amazon in Tokyo since 2011-08-29,ORG,Amazon
Sara works at Amazon in Tokyo since 2011-08-29,GPE,Tokyo
Microsoft announced new projects starting 1975-09-25,ORG,Microsoft
Meta announced new projects starting 1973-03-08,ORG,Meta
Alex attended a conference on 2005-10-10,PERSON,Alex
The meeting with Mary from Amazon is scheduled for 2024-12-15,PERSON,Mary
The meeting with Mary from Amazon is scheduled for 2024-12-15,ORG,Amazon
Sara attended a conference on 2003-07-28,PERSON,Sara
Alex attended a conference on 1977-10-06,PERSON,Alex
The meeting with Sara from Amazon is scheduled for 1997-04-17,PERSON,Sara
The meeting with Sara from Amazon is scheduled for 1997-04-17,ORG,Amazon
The meeting with Alex from Microsoft is scheduled for 1997-11-12,PERSON,Alex
The meeting with Alex from Microsoft is scheduled for 1997-11-12,ORG,Microsoft
Alex works at Amazon in New York since 2018-07-17,PERSON,Alex
Alex works at Amazon in New York since 2018-07-17,ORG,Amazon
The meeting with John from Google is scheduled for 1993-04-20,PERSON,John
The meeting with John from Google is scheduled for 1993-04-20,ORG,Google
Tokyo will host the event in 1982-07-24,GPE,Tokyo
London will host the event in 1986-05-02,GPE,London
John works at Microsoft in Paris since 1976-05-07,PERSON,John
John works at Microsoft in Paris since 1976-05-07,ORG,Microsoft
John works at Microsoft in Paris since 1976-05-07,GPE,Paris
The meeting with Mary from Microsoft is scheduled for 1981-02-19,PERSON,Mary
The meeting with Mary from Microsoft is scheduled for 1981-02-19,ORG,Microsoft
John works at Amazon in Tokyo since 2019-09-21,PERSON,John
John works at Amazon in Tokyo since 2019-09-21,ORG,Amazon
John works at Amazon in Tokyo since 2019-09-21,GPE,Tokyo
Google announced new projects starting 2021-01-10,ORG,Google
Mary works at Meta in London since 1989-03-23,PERSON,Mary
Mary works at Meta in London since 1989-03-23,ORG,Meta
Mary works at Meta in London since 1989-03-23,GPE,London
Microsoft announced new projects starting 2005-05-10,ORG,Microsoft
Tokyo will host the event in 1973-04-29,GPE,Tokyo
The meeting with Alex from Amazon is scheduled for 2007-12-26,PERSON,Alex
The meeting with Alex from Amazon is scheduled for 2007-12-26,ORG,Amazon
Alex works at Microsoft in Paris since 1991-10-17,PERSON,Alex
Alex works at Microsoft in Paris since 1991-10-17,ORG,Microsoft
Alex works at Microsoft in Paris since 1991-10-17,GPE,Paris
The meeting with Sara from Microsoft is scheduled for 2020-10-23,PERSON,Sara
The meeting with Sara from Microsoft is scheduled for 2020-10-23,ORG,Microsoft
Meta announced new projects starting 2017-12-23,ORG,Meta
Paris will host the event in 1984-09-15,GPE,Paris
The meeting with Alex from Microsoft is scheduled for 1984-01-11,PERSON,Alex
The meeting with Alex from Microsoft is scheduled for 1984-01-11,ORG,Microsoft
Amazon announced new projects starting 1992-03-05,ORG,Amazon
John works at Google in New York since 2022-12-23,PERSON,John
John works at Google in New York since 2022-12-23,ORG,Google
John attended a conference on 1995-10-29,PERSON,John
The meeting with Sara from Amazon is scheduled for 1970-05-24,PERSON,Sara
The meeting with Sara from Amazon is scheduled for 1970-05-24,ORG,Amazon
The meeting with Alex from Microsoft is scheduled for 2010-09-16,PERSON,Alex
The meeting with Alex from Microsoft is scheduled for 2010-09-16,ORG,Microsoft
The meeting with Alex from Meta is scheduled for 1993-10-19,PERSON,Alex
The meeting with Alex from Meta is scheduled for 1993-10-19,ORG,Meta
The meeting with John from Microsoft is scheduled for 1976-07-04,PERSON,John
The meeting with John from Microsoft is scheduled for 1976-07-04,ORG,Microsoft
Alex attended a conference on 1980-01-30,PERSON,Alex
London will host the event in 2020-08-22,GPE,London
John attended a conference on 1995-03-28,PERSON,John
Alex works at Google in New York since 1997-07-19,PERSON,Alex
Alex works at Google in New York since 1997-07-19,ORG,Google
Google announced new projects starting 1992-02-17,ORG,Google
Sara attended a conference on 2014-10-30,PERSON,Sara
Amazon announced new projects starting 2007-07-04,ORG,Amazon
Sara works at Google in New York since 1998-07-15,PERSON,Sara
Sara works at Google in New York since 1998-07-15,ORG,Google
Paris will host the event in 2017-04-04,GPE,Paris
The meeting with Alex from Amazon is scheduled for 1987-10-30,PERSON,Alex
The meeting with Alex from Amazon is scheduled for 1987-10-30,ORG,Amazon
Microsoft announced new projects starting 2007-09-11,ORG,Microsoft
Google announced new projects starting 1976-03-29,ORG,Google
The meeting with Mary from Amazon is scheduled for 2012-07-26,PERSON,Mary
The meeting with Mary from Amazon is scheduled for 2012-07-26,ORG,Amazon
Amazon announced new projects starting 2019-06-13,ORG,Amazon
Meta announced new projects starting 1980-03-12,ORG,Meta
Amazon announced new projects starting 2012-05-12,ORG,Amazon
Meta announced new projects starting 1994-09-11,ORG,Meta
London will host the event in 1982-02-28,GPE,London
Paris will host the event in 1992-12-29,GPE,Paris
Alex attended a conference on 1984-05-12,PERSON,Alex
London will host the event in 1990-05-10,GPE,London
Alex works at Microsoft in Paris since 1995-04-14,PERSON,Alex
Alex works at Microsoft in Paris since 1995-04-14,ORG,Microsoft
Alex works at Microsoft in Paris since 1995-04-14,GPE,Paris
Alex works at Google in New York since 1972-05-30,PERSON,Alex
Alex works at Google in New York since 1972-05-30,ORG,Google
Mary attended a conference on 2001-09-13,PERSON,Mary
The meeting with Mary from Meta is scheduled for 1994-01-26,PERSON,Mary
The meeting with Mary from Meta is scheduled for 1994-01-26,ORG,Meta
The meeting with John from Microsoft is scheduled for 2006-08-28,PERSON,John
The meeting with John from Microsoft is scheduled for 2006-08-28,ORG,Microsoft
Mary works at Google in Paris since 1970-04-05,PERSON,Mary
Mary works at Google in Paris since 1970-04-05,ORG,Google
Mary works at Google in Paris since 1970-04-05,GPE,Paris
Sara works at Microsoft in London since 2019-11-24,PERSON,Sara
Sara works at Microsoft in London since 2019-11-24,ORG,Microsoft
Sara works at Microsoft in London since 2019-11-24,GPE,London
The meeting with Alex from Google is scheduled for 2012-01-10,PERSON,Alex
The meeting with Alex from Google is scheduled for 2012-01-10,ORG,Google
John attended a conference on 1980-04-28,PERSON,John
Google announced new projects starting 1992-11-11,ORG,Google
Amazon announced new projects starting 1975-06-25,ORG,Amazon
Tokyo will host the event in 1970-01-27,GPE,Tokyo
Meta announced new projects starting 2021-05-07,ORG,Meta
Sara works at Microsoft in Paris since 2004-02-01,PERSON,Sara
Sara works at Microsoft in Paris since 2004-02-01,ORG,Microsoft
Sara works at Microsoft in Paris since 2004-02-01,GPE,Paris
Meta announced new projects starting 2003-03-16,ORG,Meta
Meta announced new projects starting 1988-08-06,ORG,Meta
John works at Google in New York since 1993-12-21,PERSON,John
John works at Google in New York since 1993-12-21,ORG,Google
London will host the event in 1983-07-21,GPE,London
Sara works at Microsoft in Paris since 1973-09-20,PERSON,Sara
Sara works at Microsoft in Paris since 1973-09-20,ORG,Microsoft
Sara works at Microsoft in Paris since 1973-09-20,GPE,Paris
Microsoft announced new projects starting 1998-03-20,ORG,Microsoft
John works at Amazon in London since 1981-10-10,PERSON,John
John works at Amazon in London since 1981-10-10,ORG,Amazon
John works at Amazon in London since 1981-10-10,GPE,London
Alex works at Amazon in Tokyo since 2024-04-07,PERSON,Alex
Alex works at Amazon in Tokyo since 2024-04-07,ORG,Amazon
Alex works at Amazon in Tokyo since 2024-04-07,GPE,Tokyo
The meeting with Alex from Amazon is scheduled for 1979-04-08,PERSON,Alex
The meeting with Alex from Amazon is scheduled for 1979-04-08,ORG,Amazon
Tokyo will host the event in 1970-05-28,GPE,Tokyo
The meeting with Sara from Amazon is scheduled for 2010-09-20,PERSON,Sara
The meeting with Sara from Amazon is scheduled for 2010-09-20,ORG,Amazon
Alex works at Meta in London since 1992-03-19,PERSON,Alex
Alex works at Meta in London since 1992-03-19,ORG,Meta
Alex works at Meta in London since 1992-03-19,GPE,London
Alex attended a conference on 1975-07-21,PERSON,Alex
Google announced new projects starting 2000-11-20,ORG,Google
The meeting with John from Google is scheduled for 2018-10-27,PERSON,John
The meeting with John from Google is scheduled for 2018-10-27,ORG,Google
John attended a conference on 1970-03-25,PERSON,John
Sara works at Meta in New York since 2002-08-19,PERSON,Sara
Sara works at Meta in New York since 2002-08-19,ORG,Meta
Google announced new projects starting 1974-09-30,ORG,Google
Paris will host the event in 1989-04-14,GPE,Paris
Meta announced new projects starting 2007-08-15,ORG,Meta
Google announced new projects starting 1972-02-07,ORG,Google
John works at Microsoft in Tokyo since 1989-10-09,PERSON,John
John works at Microsoft in Tokyo since 1989-10-09,ORG,Microsoft
John works at Microsoft in Tokyo since 1989-10-09,GPE,Tokyo
Google announced new projects starting 1980-05-21,ORG,Google
The meeting with Mary from Meta is scheduled for 1997-04-23,PERSON,Mary
The meeting with Mary from Meta is scheduled for 1997-04-23,ORG,Meta
Tokyo will host the event in 2018-05-06,GPE,Tokyo
Microsoft announced new projects starting 2017-03-04,ORG,Microsoft
Tokyo will host the event in 1978-08-05,GPE,Tokyo
Amazon announced new projects starting 2019-11-28,ORG,Amazon
Microsoft announced new projects starting 1990-09-27,ORG,Microsoft
The meeting with Alex from Microsoft is scheduled for 1982-11-06,PERSON,Alex
The meeting with Alex from Microsoft is scheduled for 1982-11-06,ORG,Microsoft
Alex works at Google in Tokyo since 2003-07-01,PERSON,Alex
Alex works at Google in Tokyo since 2003-07-01,ORG,Google
Alex works at Google in Tokyo since 2003-07-01,GPE,Tokyo
Alex works at Meta in Paris since 2010-01-04,PERSON,Alex
Alex works at Meta in Paris since 2010-01-04,ORG,Meta
Alex works at Meta in Paris since 2010-01-04,GPE,Paris
Paris will host the event in 1995-01-16,GPE,Paris
The meeting with Mary from Microsoft is scheduled for 1982-01-25,PERSON,Mary
The meeting with Mary from Microsoft is scheduled for 1982-01-25,ORG,Microsoft
Sara works at Amazon in Paris since 1977-11-12,PERSON,Sara
Sara works at Amazon in Paris since 1977-11-12,ORG,Amazon
Sara works at Amazon in Paris since 1977-11-12,GPE,Paris
Microsoft announced new projects starting 2003-08-08,ORG,Microsoft
Google announced new projects starting 1994-10-31,ORG,Google
John attended a conference on 1991-07-09,PERSON,John
The meeting with John from Amazon is scheduled for 2020-03-03,PERSON,John
The meeting with John from Amazon is scheduled for 2020-03-03,ORG,Amazon
Paris will host the event in 2022-06-01,GPE,Paris
London will host the event in 2009-01-01,GPE,London
Microsoft announced new projects starting 2010-08-12,ORG,Microsoft
Tokyo will host the event in 2011-12-08,GPE,Tokyo
Microsoft announced new projects starting 1974-10-08,ORG,Microsoft
Microsoft announced new projects starting 2016-04-24,ORG,Microsoft
London will host the event in 2006-06-16,GPE,London
Mary works at Microsoft in New York since 2005-08-05,PERSON,Mary
Mary works at Microsoft in New York since 2005-08-05,ORG,Microsoft
Paris will host the event in 1996-04-02,GPE,Paris
London will host the event in 1991-10-13,GPE,London
Alex attended a conference on 2017-10-05,PERSON,Alex
Mary works at Google in Tokyo since 2000-12-05,PERSON,Mary
Mary works at Google in Tokyo since 2000-12-05,ORG,Google
Mary works at Google in Tokyo since 2000-12-05,GPE,Tokyo
The meeting with Mary from Microsoft is scheduled for 1972-12-05,PERSON,Mary
The meeting with Mary from Microsoft is scheduled for 1972-12-05,ORG,Microsoft
The meeting with Alex from Google is scheduled for 1991-04-22,PERSON,Alex
The meeting with Alex from Google is scheduled for 1991-04-22,ORG,Google
Amazon announced new projects starting 1987-12-21,ORG,Amazon
Mary attended a conference on 2017-09-30,PERSON,Mary
Amazon announced new projects starting 1979-06-09,ORG,Amazon
Meta announced new projects starting 2003-01-14,ORG,Meta
Sara works at Google in New York since 1982-02-02,PERSON,Sara
Sara works at Google in New York since 1982-02-02,ORG,Google
Sara attended a conference on 2002-09-05,PERSON,Sara
Mary attended a conference on 1998-03-29,PERSON,Mary
The meeting with Mary from Amazon is scheduled for 1994-09-22,PERSON,Mary
The meeting with Mary from Amazon is scheduled for 1994-09-22,ORG,Amazon
Amazon announced new projects starting 2004-07-13,ORG,Amazon
The meeting with Mary from Google is scheduled for 2020-09-10,PERSON,Mary
The meeting with Mary from Google is scheduled for 2020-09-10,ORG,Google
The meeting with Mary from Meta is scheduled for 1992-10-03,PERSON,Mary
The meeting with Mary from Meta is scheduled for 1992-10-03,ORG,Meta
The meeting with John from Microsoft is scheduled for 1979-01-27,PERSON,John
The meeting with John from Microsoft is scheduled for 1979-01-27,ORG,Microsoft
Mary works at Meta in Tokyo since 1973-04-30,PERSON,Mary
Mary works at Meta in Tokyo since 1973-04-30,ORG,Meta
Mary works at Meta in Tokyo since 1973-04-30,GPE,Tokyo
Mary attended a conference on 1987-05-21,PERSON,Mary
The meeting with Alex from Google is scheduled for 2016-06-20,PERSON,Alex
The meeting with Alex from Google is scheduled for 2016-06-20,ORG,Google
London will host the event in 1985-03-29,GPE,London
Mary attended a conference on 2006-11-01,PERSON,Mary
Google announced new projects starting 2023-06-12,ORG,Google
Mary works at Amazon in Paris since 2023-03-27,PERSON,Mary
Mary works at Amazon in Paris since 2023-03-27,ORG,Amazon
Mary works at Amazon in Paris since 2023-03-27,GPE,Paris
Microsoft announced new projects starting 1980-07-27,ORG,Microsoft
The meeting with Alex from Meta is scheduled for 1978-10-12,PERSON,Alex
The meeting with Alex from Meta is scheduled for 1978-10-12,ORG,Meta
Mary works at Microsoft in New York since 1973-08-14,PERSON,Mary
Mary works at Microsoft in New York since 1973-08-14,ORG,Microsoft
Mary works at Google in Paris since 1972-07-29,PERSON,Mary
Mary works at Google in Paris since 1972-07-29,ORG,Google
Mary works at Google in Paris since 1972-07-29,GPE,Paris
Tokyo will host the event in 2013-10-06,GPE,Tokyo
London will host the event in 1983-08-27,GPE,London
Amazon announced new projects starting 1989-12-12,ORG,Amazon
John attended a conference on 1978-12-04,PERSON,John
Sara works at Meta in Tokyo since 2010-03-28,PERSON,Sara
Sara works at Meta in Tokyo since 2010-03-28,ORG,Meta
Sara works at Meta in Tokyo since 2010-03-28,GPE,Tokyo
The meeting with Alex from Microsoft is scheduled for 1987-12-12,PERSON,Alex
The meeting with Alex from Microsoft is scheduled for 1987-12-12,ORG,Microsoft
Alex attended a conference on 1999-07-22,PERSON,Alex
Sara attended a conference on 2013-05-26,PERSON,Sara
Meta announced new projects starting 1974-11-14,ORG,Meta
Tokyo will host the event in 2005-06-07,GPE,Tokyo
Mary attended a conference on 2009-04-13,PERSON,Mary
Tokyo will host the event in 1998-05-09,GPE,Tokyo
Mary works at Amazon in New York since 1981-03-10,PERSON,Mary
Mary works at Amazon in New York since 1981-03-10,ORG,Amazon
Amazon announced new projects starting 1978-08-12,ORG,Amazon
Microsoft announced new projects starting 1983-02-15,ORG,Microsoft
Tokyo will host the event in 1977-06-04,GPE,Tokyo
The meeting with Mary from Amazon is scheduled for 2008-05-24,PERSON,Mary
The meeting with Mary from Amazon is scheduled for 2008-05-24,ORG,Amazon
Alex attended a conference on 2002-04-29,PERSON,Alex
Mary works at Meta in Tokyo since 2002-06-14,PERSON,Mary
Mary works at Meta in Tokyo since 2002-06-14,ORG,Meta
Mary works at Meta in Tokyo since 2002-06-14,GPE,Tokyo
Meta announced new projects starting 2002-06-20,ORG,Meta
John works at Google in New York since 1990-02-04,PERSON,John
John works at Google in New York since 1990-02-04,ORG,Google
Sara attended a conference on 1995-05-24,PERSON,Sara
Mary works at Meta in Tokyo since 1976-04-27,PERSON,Mary
Mary works at Meta in Tokyo since 1976-04-27,ORG,Meta
Mary works at Meta in Tokyo since 1976-04-27,GPE,Tokyo
The meeting with Mary from Microsoft is scheduled for 1973-04-05,PERSON,Mary
The meeting with Mary from Microsoft is scheduled for 1973-04-05,ORG,Microsoft
Meta announced new projects starting 2001-03-30,ORG,Meta
London will host the event in 2017-08-03,GPE,London
Amazon announced new projects starting 2019-04-01,ORG,Amazon
The meeting with John from Google is scheduled for 2010-10-29,PERSON,John
The meeting with John from Google is scheduled for 2010-10-29,ORG,Google
Alex works at Google in New York since 1980-10-10,PERSON,Alex
Alex works at Google in New York since 1980-10-10,ORG,Google
Mary attended a conference on 2020-11-18,PERSON,Mary
Sara attended a conference on 2013-01-14,PERSON,Sara
Alex attended a conference on 2009-08-14,PERSON,Alex
Meta announced new projects starting 1975-06-16,ORG,Meta
The meeting with Mary from Meta is scheduled for 1977-03-26,PERSON,Mary
The meeting with Mary from Meta is scheduled for 1977-03-26,ORG,Meta
Google announced new projects starting 1990-07-07,ORG,Google
Mary attended a conference on 1980-05-26,PERSON,Mary
Google announced new projects starting 1981-03-27,ORG,Google
The meeting with John from Microsoft is scheduled for 2007-10-06,PERSON,John
The meeting with John from Microsoft is scheduled for 2007-10-06,ORG,Microsoft
The meeting with Mary from Meta is scheduled for 1984-05-13,PERSON,Mary
The meeting with Mary from Meta is scheduled for 1984-05-13,ORG,Meta
The meeting with John from Amazon is scheduled for 1971-05-28,PERSON,John
The meeting with John from Amazon is scheduled for 1971-05-28,ORG,Amazon
The meeting with Alex from Meta is scheduled for 2016-03-19,PERSON,Alex
The meeting with Alex from Meta is scheduled for 2016-03-19,ORG,Meta
Alex works at Amazon in Tokyo since 2004-06-26,PERSON,Alex
Alex works at Amazon in Tokyo since 2004-06-26,ORG,Amazon
Alex works at Amazon in Tokyo since 2004-06-26,GPE,Tokyo
Sara attended a conference on 1972-06-30,PERSON,Sara
Sara works at Google in New York since 2001-10-16,PERSON,Sara
Sara works at Google in New York since 2001-10-16,ORG,Google
Microsoft announced new projects starting 2022-12-16,ORG,Microsoft
Sara works at Meta in London since 2023-10-23,PERSON,Sara
Sara works at Meta in London since 2023-10-23,ORG,Meta
Sara works at Meta in London since 2023-10-23,GPE,London
Amazon announced new projects starting 1986-01-29,ORG,Amazon
The meeting with John from Meta is scheduled for 1989-04-24,PERSON,John
The meeting with John from Meta is scheduled for 1989-04-24,ORG,Meta
Microsoft announced new projects starting 2017-09-25,ORG,Microsoft
Mary works at Meta in London since 2019-06-08,PERSON,Mary
Mary works at Meta in London since 2019-06-08,ORG,Meta
Mary works at Meta in London since 2019-06-08,GPE,London
Meta announced new projects starting 1975-06-29,ORG,Meta
Amazon announced new projects starting 2021-09-24,ORG,Amazon
Mary works at Amazon in London since 2009-05-30,PERSON,Mary
Mary works at Amazon in London since 2009-05-30,ORG,Amazon
Mary works at Amazon in London since 2009-05-30,GPE,London
Mary attended a conference on 2003-03-11,PERSON,Mary
Sara works at Amazon in New York since 1994-04-19,PERSON,Sara
Sara works at Amazon in New York since 1994-04-19,ORG,Amazon
John attended a conference on 1971-05-09,PERSON,John
The meeting with Mary from Microsoft is scheduled for 1975-08-10,PERSON,Mary
The meeting with Mary from Microsoft is scheduled for 1975-08-10,ORG,Microsoft
Alex works at Microsoft in London since 2002-12-22,PERSON,Alex
Alex works at Microsoft in London since 2002-12-22,ORG,Microsoft
Alex works at Microsoft in London since 2002-12-22,GPE,London
The meeting with Sara from Meta is scheduled for 1971-04-30,PERSON,Sara
The meeting with Sara from Meta is scheduled for 1971-04-30,ORG,Meta
Alex attended a conference on 1984-08-18,PERSON,Alex
Microsoft announced new projects starting 2004-10-22,ORG,Microsoft
Paris will host the event in 1978-07-03,GPE,Paris
The meeting with Alex from Amazon is scheduled for 2000-05-03,PERSON,Alex
The meeting with Alex from Amazon is scheduled for 2000-05-03,ORG,Amazon
Amazon announced new projects starting 2004-05-30,ORG,Amazon
Paris will host the event in 2005-11-16,GPE,Paris
Sara works at Microsoft in London since 1987-12-19,PERSON,Sara
Sara works at Microsoft in London since 1987-12-19,ORG,Microsoft
Sara works at Microsoft in London since 1987-12-19,GPE,London
London will host the event in 1992-08-06,GPE,London
Mary attended a conference on 1982-02-20,PERSON,Mary
Meta announced new projects starting 2006-10-03,ORG,Meta
Paris will host the event in 1988-09-26,GPE,Paris
Google announced new projects starting 1996-05-01,ORG,Google
John attended a conference on 2002-04-29,PERSON,John
Alex attended a conference on 1984-03-27,PERSON,Alex
Alex attended a conference on 1985-05-27,PERSON,Alex
Sara works at Google in Paris since 2014-08-06,PERSON,Sara
Sara works at Google in Paris since 2014-08-06,ORG,Google
Sara works at Google in Paris since 2014-08-06,GPE,Paris
Google announced new projects starting 1984-09-20,ORG,Google
Mary attended a conference on 1977-09-01,PERSON,Mary
Paris will host the event in 1989-11-04,GPE,Paris
The meeting with Alex from Google is scheduled for 1971-03-09,PERSON,Alex
The meeting with Alex from Google is scheduled for 1971-03-09,ORG,Google
Alex attended a conference on 1995-04-03,PERSON,Alex
The meeting with Mary from Google is scheduled for 2024-11-10,PERSON,Mary
The meeting with Mary from Google is scheduled for 2024-11-10,ORG,Google
London will host the event in 2000-09-18,GPE,London
Microsoft announced new projects starting 2004-01-06,ORG,Microsoft
Tokyo will host the event in 1970-06-22,GPE,Tokyo
Paris will host the event in 1975-12-08,GPE,Paris
Google announced new projects starting 2016-01-25,ORG,Google
Paris will host the event in 1999-04-30,GPE,Paris
Microsoft announced new projects starting 2007-08-01,ORG,Microsoft
The meeting with Mary from Google is scheduled for 1972-04-05,PERSON,Mary
The meeting with Mary from Google is scheduled for 1972-04-05,ORG,Google
John attended a conference on 1987-07-25,PERSON,John
The meeting with Mary from Google is scheduled for 1982-06-28,PERSON,Mary
The meeting with Mary from Google is scheduled for 1982-06-28,ORG,Google
Microsoft announced new projects starting 1978-11-23,ORG,Microsoft
John works at Google in London since 2008-09-24,PERSON,John
John works at Google in London since 2008-09-24,ORG,Google
John works at Google in London since 2008-09-24,GPE,London
Tokyo will host the event in 1989-06-11,GPE,Tokyo
John works at Meta in New York since 1984-08-28,PERSON,John
John works at Meta in New York since 1984-08-28,ORG,Meta
Amazon announced new projects starting 2024-01-26,ORG,Amazon
Sara attended a conference on 1995-12-25,PERSON,Sara
Tokyo will host the event in 1997-02-06,GPE,Tokyo
Tokyo will host the event in 1985-08-05,GPE,Tokyo
The meeting with Mary from Microsoft is scheduled for 1994-08-23,PERSON,Mary
The meeting with Mary from Microsoft is scheduled for 1994-08-23,ORG,Microsoft
Alex works at Microsoft in New York since 2008-08-23,PERSON,Alex
Alex works at Microsoft in New York since 2008-08-23,ORG,Microsoft
Sara works at Amazon in Tokyo since 1998-05-29,PERSON,Sara
Sara works at Amazon in Tokyo since 1998-05-29,ORG,Amazon
Sara works at Amazon in Tokyo since 1998-05-29,GPE,Tokyo
The meeting with Sara from Google is scheduled for 1997-08-13,PERSON,Sara
The meeting with Sara from Google is scheduled for 1997-08-13,ORG,Google
Mary works at Google in London since 2002-08-07,PERSON,Mary
Mary works at Google in London since 2002-08-07,ORG,Google
Mary works at Google in London since 2002-08-07,GPE,London
Sara works at Amazon in London since 1994-09-02,PERSON,Sara
Sara works at Amazon in London since 1994-09-02,ORG,Amazon
Sara works at Amazon in London since 1994-09-02,GPE,London
The meeting with John from Amazon is scheduled for 1987-08-06,PERSON,John
The meeting with John from Amazon is scheduled for 1987-08-06,ORG,Amazon
John works at Google in Paris since 1996-01-09,PERSON,John
John works at Google in Paris since 1996-01-09,ORG,Google
John works at Google in Paris since 1996-01-09,GPE,Paris
John works at Microsoft in New York since 1974-04-15,PERSON,John
John works at Microsoft in New York since 1974-04-15,ORG,Microsoft
Google announced new projects starting 2002-11-30,ORG,Google
Amazon announced new projects starting 2006-01-29,ORG,Amazon
Microsoft announced new projects starting 1970-12-27,ORG,Microsoft
The meeting with Sara from Google is scheduled for 2004-09-12,PERSON,Sara
The meeting with Sara from Google is scheduled for 2004-09-12,ORG,Google
Google announced new projects starting 2000-09-23,ORG,Google
Sara works at Google in New York since 2008-09-03,PERSON,Sara
Sara works at Google in New York since 2008-09-03,ORG,Google
The meeting with Sara from Microsoft is scheduled for 2023-02-04,PERSON,Sara
The meeting with Sara from Microsoft is scheduled for 2023-02-04,ORG,Microsoft
John works at Meta in New York since 1980-11-25,PERSON,John
John works at Meta in New York since 1980-11-25,ORG,Meta
Meta announced new projects starting 1994-09-27,ORG,Meta
The meeting with John from Google is scheduled for 1990-08-12,PERSON,John
The meeting with John from Google is scheduled for 1990-08-12,ORG,Google
Sara works at Meta in London since 2024-08-26,PERSON,Sara
Sara works at Meta in London since 2024-08-26,ORG,Meta
Sara works at Meta in London since 2024-08-26,GPE,London
John works at Meta in New York since 1970-07-13,PERSON,John
John works at Meta in New York since 1970-07-13,ORG,Meta
Paris will host the event in 1995-08-08,GPE,Paris
Google announced new projects starting 2002-02-16,ORG,Google
Paris will host the event in 1978-10-17,GPE,Paris
Alex works at Google in London since 2001-11-04,PERSON,Alex
Alex works at Google in London since 2001-11-04,ORG,Google
Alex works at Google in London since 2001-11-04,GPE,London
Sara attended a conference on 1975-02-04,PERSON,Sara
Google announced new projects starting 1997-01-17,ORG,Google
Amazon announced new projects starting 1997-03-05,ORG,Amazon
Alex works at Google in New York since 2010-12-11,PERSON,Alex
Alex works at Google in New York since 2010-12-11,ORG,Google
Google announced new projects starting 2013-08-05,ORG,Google
The meeting with Sara from Amazon is scheduled for 2006-09-15,PERSON,Sara
The meeting with Sara from Amazon is scheduled for 2006-09-15,ORG,Amazon
Alex works at Google in New York since 2013-01-30,PERSON,Alex
Alex works at Google in New York since 2013-01-30,ORG,Google
The meeting with Alex from Meta is scheduled for 2007-02-10,PERSON,Alex
The meeting with Alex from Meta is scheduled for 2007-02-10,ORG,Meta
The meeting with Sara from Microsoft is scheduled for 2013-09-21,PERSON,Sara
The meeting with Sara from Microsoft is scheduled for 2013-09-21,ORG,Microsoft
Microsoft announced new projects starting 1985-03-24,ORG,Microsoft
Paris will host the event in 2016-01-12,GPE,Paris
The meeting with John from Amazon is scheduled for 2022-12-24,PERSON,John
The meeting with John from Amazon is scheduled for 2022-12-24,ORG,Amazon
The meeting with John from Google is scheduled for 1987-09-02,PERSON,John
The meeting with John from Google is scheduled for 1987-09-02,ORG,Google
John attended a conference on 1970-02-05,PERSON,John
The meeting with John from Microsoft is scheduled for 2011-05-08,PERSON,John
The meeting with John from Microsoft is scheduled for 2011-05-08,ORG,Microsoft
Mary works at Amazon in New York since 2003-02-09,PERSON,Mary
Mary works at Amazon in New York since 2003-02-09,ORG,Amazon
Sara attended a conference on 2014-03-10,PERSON,Sara
Tokyo will host the event in 1970-06-16,GPE,Tokyo
Microsoft announced new projects starting 2003-06-20,ORG,Microsoft
The meeting with John from Microsoft is scheduled for 1992-10-04,PERSON,John
The meeting with John from Microsoft is scheduled for 1992-10-04,ORG,Microsoft
Microsoft announced new projects starting 1992-03-15,ORG,Microsoft
John works at Amazon in Tokyo since 2019-07-23,PERSON,John
John works at Amazon in Tokyo since 2019-07-23,ORG,Amazon
John works at Amazon in Tokyo since 2019-07-23,GPE,Tokyo
John works at Google in London since 1972-09-27,PERSON,John
John works at Google in London since 1972-09-27,ORG,Google
John works at Google in London since 1972-09-27,GPE,London
Alex works at Meta in New York since 2020-07-27,PERSON,Alex
Alex works at Meta in New York since 2020-07-27,ORG,Meta
Google announced new projects starting 2002-10-21,ORG,Google
Microsoft announced new projects starting 2010-12-19,ORG,Microsoft
Mary works at Meta in New York since 1971-02-26,PERSON,Mary
Mary works at Meta in New York since 1971-02-26,ORG,Meta
John attended a conference on 1991-01-02,PERSON,John
Mary works at Google in New York since 1981-03-26,PERSON,Mary
Mary works at Google in New York since 1981-03-26,ORG,Google
Meta announced new projects starting 2010-07-22,ORG,Meta
Sara works at Microsoft in London since 2024-08-06,PERSON,Sara
Sara works at Microsoft in London since 2024-08-06,ORG,Microsoft
Sara works at Microsoft in London since 2024-08-06,GPE,London
The meeting with Alex from Google is scheduled for 2006-11-03,PERSON,Alex
The meeting with Alex from Google is scheduled for 2006-11-03,ORG,Google
The meeting with Alex from Amazon is scheduled for 1996-09-03,PERSON,Alex
The meeting with Alex from Amazon is scheduled for 1996-09-03,ORG,Amazon
Microsoft announced new projects starting 2010-11-29,ORG,Microsoft
Alex works at Meta in Paris since 1974-04-28,PERSON,Alex
Alex works at Meta in Paris since 1974-04-28,ORG,Meta
Alex works at Meta in Paris since 1974-04-28,GPE,Paris
Mary works at Amazon in Paris since 1970-04-01,PERSON,Mary
Mary works at Amazon in Paris since 1970-04-01,ORG,Amazon
Mary works at Amazon in Paris since 1970-04-01,GPE,Paris
Sara attended a conference on 2018-10-08,PERSON,Sara
The meeting with Mary from Amazon is scheduled for 2003-04-12,PERSON,Mary
The meeting with Mary from Amazon is scheduled for 2003-04-12,ORG,Amazon
Alex attended a conference on 1974-08-20,PERSON,Alex
Mary works at Google in London since 2019-07-13,PERSON,Mary
Mary works at Google in London since 2019-07-13,ORG,Google
Mary works at Google in London since 2019-07-13,GPE,London
Microsoft announced new projects starting 2016-05-01,ORG,Microsoft
The meeting with Mary from Meta is scheduled for 2010-06-25,PERSON,Mary
The meeting with Mary from Meta is scheduled for 2010-06-25,ORG,Meta
Meta announced new projects starting 2003-04-17,ORG,Meta
Meta announced new projects starting 2003-09-09,ORG,Meta
John works at Google in Tokyo since 2020-11-19,PERSON,John
John works at Google in Tokyo since 2020-11-19,ORG,Google
John works at Google in Tokyo since 2020-11-19,GPE,Tokyo
The meeting with John from Microsoft is scheduled for 1991-03-10,PERSON,John
The meeting with John from Microsoft is scheduled for 1991-03-10,ORG,Microsoft
Microsoft announced new projects starting 2012-11-13,ORG,Microsoft
London will host the event in 1987-04-05,GPE,London
Alex attended a conference on 1975-02-07,PERSON,Alex
Mary attended a conference on 1992-04-10,PERSON,Mary
John works at Amazon in New York since 1999-07-20,PERSON,John
John works at Amazon in New York since 1999-07-20,ORG,Amazon
John works at Amazon in Tokyo since 2011-05-19,PERSON,John
John works at Amazon in Tokyo since 2011-05-19,ORG,Amazon
John works at Amazon in Tokyo since 2011-05-19,GPE,Tokyo
Meta announced new projects starting 1991-05-21,ORG,Meta
The meeting with Sara from Microsoft is scheduled for 2015-05-16,PERSON,Sara
The meeting with Sara from Microsoft is scheduled for 2015-05-16,ORG,Microsoft
Paris will host the event in 1994-05-30,GPE,Paris
John works at Amazon in Tokyo since 1974-01-11,PERSON,John
John works at Amazon in Tokyo since 1974-01-11,ORG,Amazon
John works at Amazon in Tokyo since 1974-01-11,GPE,Tokyo
Alex attended a conference on 1995-04-22,PERSON,Alex
The meeting with John from Meta is scheduled for 1985-10-09,PERSON,John
The meeting with John from Meta is scheduled for 1985-10-09,ORG,Meta
The meeting with Alex from Meta is scheduled for 2019-09-13,PERSON,Alex
The meeting with Alex from Meta is scheduled for 2019-09-13,ORG,Meta
The meeting with Mary from Amazon is scheduled for 1976-10-03,PERSON,Mary
The meeting with Mary from Amazon is scheduled for 1976-10-03,ORG,Amazon
Mary works at Microsoft in London since 2014-05-14,PERSON,Mary
Mary works at Microsoft in London since 2014-05-14,ORG,Microsoft
Mary works at Microsoft in London since 2014-05-14,GPE,London
The meeting with John from Google is scheduled for 1993-11-05,PERSON,John
The meeting with John from Google is scheduled for 1993-11-05,ORG,Google
London will host the event in 1979-05-18,GPE,London
John works at Microsoft in Paris since 2020-06-07,PERSON,John
John works at Microsoft in Paris since 2020-06-07,ORG,Microsoft
John works at Microsoft in Paris since 2020-06-07,GPE,Paris
Alex attended a conference on 2001-05-21,PERSON,Alex
Microsoft announced new projects starting 1991-04-13,ORG,Microsoft
Sara attended a conference on 1981-08-18,PERSON,Sara
Mary works at Amazon in Paris since 1991-05-20,PERSON,Mary
Mary works at Amazon in Paris since 1991-05-20,ORG,Amazon
Mary works at Amazon in Paris since 1991-05-20,GPE,Paris
Google announced new projects starting 1973-05-12,ORG,Google
Sara works at Microsoft in Tokyo since 2009-11-07,PERSON,Sara
Sara works at Microsoft in Tokyo since 2009-11-07,ORG,Microsoft
Sara works at Microsoft in Tokyo since 2009-11-07,GPE,Tokyo
The meeting with Sara from Microsoft is scheduled for 2014-08-04,PERSON,Sara
The meeting with Sara from Microsoft is scheduled for 2014-08-04,ORG,Microsoft
The meeting with Mary from Amazon is scheduled for 2013-11-27,PERSON,Mary
The meeting with Mary from Amazon is scheduled for 2013-11-27,ORG,Amazon
Paris will host the event in 1973-09-25,GPE,Paris
Google announced new projects starting 1987-12-01,ORG,Google
John works at Google in London since 1974-10-22,PERSON,John
John works at Google in London since 1974-10-22,ORG,Google
John works at Google in London since 1974-10-22,GPE,London
John attended a conference on 2017-03-09,PERSON,John
Sara works at Microsoft in Paris since 2023-11-13,PERSON,Sara
Sara works at Microsoft in Paris since 2023-11-13,ORG,Microsoft
Sara works at Microsoft in Paris since 2023-11-13,GPE,Paris
John attended a conference on 2016-01-11,PERSON,John
Paris will host the event in 2018-05-21,GPE,Paris
John works at Meta in London since 2023-12-14,PERSON,John
John works at Meta in London since 2023-12-14,ORG,Meta
John works at Meta in London since 2023-12-14,GPE,London
John attended a conference on 2018-06-08,PERSON,John
Mary attended a conference on 1971-06-24,PERSON,Mary
London will host the event in 2021-01-05,GPE,London
John works at Google in Paris since 2018-07-27,PERSON,John
John works at Google in Paris since 2018-07-27,ORG,Google
John works at Google in Paris since 2018-07-27,GPE,Paris
The meeting with Alex from Google is scheduled for 2024-04-14,PERSON,Alex
The meeting with Alex from Google is scheduled for 2024-04-14,ORG,Google
John attended a conference on 1975-01-23,PERSON,John
The meeting with Sara from Meta is scheduled for 2013-09-22,PERSON,Sara
The meeting with Sara from Meta is scheduled for 2013-09-22,ORG,Meta
London will host the event in 1977-11-13,GPE,London
The meeting with Sara from Microsoft is scheduled for 1985-01-01,PERSON,Sara
The meeting with Sara from Microsoft is scheduled for 1985-01-01,ORG,Microsoft
Amazon announced new projects starting 2003-05-23,ORG,Amazon
Microsoft announced new projects starting 1981-04-29,ORG,Microsoft
John works at Amazon in Tokyo since 2016-05-30,PERSON,John
John works at Amazon in Tokyo since 2016-05-30,ORG,Amazon
John works at Amazon in Tokyo since 2016-05-30,GPE,Tokyo
Sara attended a conference on 1971-07-15,PERSON,Sara
The meeting with Alex from Microsoft is scheduled for 1997-11-18,PERSON,Alex
The meeting with Alex from Microsoft is scheduled for 1997-11-18,ORG,Microsoft
Amazon announced new projects starting 1995-09-16,ORG,Amazon
The meeting with Sara from Meta is scheduled for 1977-06-22,PERSON,Sara
The meeting with Sara from Meta is scheduled for 1977-06-22,ORG,Meta
The meeting with Alex from Meta is scheduled for 1988-03-31,PERSON,Alex
The meeting with Alex from Meta is scheduled for 1988-03-31,ORG,Meta
Sara attended a conference on 2001-11-25,PERSON,Sara
The meeting with John from Google is scheduled for 2003-07-30,PERSON,John
The meeting with John from Google is scheduled for 2003-07-30,ORG,Google
The meeting with Mary from Microsoft is scheduled for 2016-12-16,PERSON,Mary
The meeting with Mary from Microsoft is scheduled for 2016-12-16,ORG,Microsoft
The meeting with Alex from Meta is scheduled for 2013-02-16,PERSON,Alex
The meeting with Alex from Meta is scheduled for 2013-02-16,ORG,Meta
The meeting with Alex from Google is scheduled for 1998-11-30,PERSON,Alex
The meeting with Alex from Google is scheduled for 1998-11-30,ORG,Google
London will host the event in 2009-11-19,GPE,London
John works at Google in Tokyo since 1998-05-23,PERSON,John
John works at Google in Tokyo since 1998-05-23,ORG,Google
John works at Google in Tokyo since 1998-05-23,GPE,Tokyo
The meeting with Sara from Meta is scheduled for 1973-08-21,PERSON,Sara
The meeting with Sara from Meta is scheduled for 1973-08-21,ORG,Meta
Tokyo will host the event in 2021-08-02,GPE,Tokyo
John attended a conference on 1973-09-14,PERSON,John
Sara works at Meta in Tokyo since 2024-06-15,PERSON,Sara
Sara works at Meta in Tokyo since 2024-06-15,ORG,Meta
Sara works at Meta in Tokyo since 2024-06-15,GPE,Tokyo
Alex attended a conference on 2009-05-19,PERSON,Alex
Alex works at Amazon in Tokyo since 2008-07-18,PERSON,Alex
Alex works at Amazon in Tokyo since 2008-07-18,ORG,Amazon
Alex works at Amazon in Tokyo since 2008-07-18,GPE,Tokyo
John attended a conference on 2013-01-17,PERSON,John
The meeting with Sara from Microsoft is scheduled for 1992-03-22,PERSON,Sara
The meeting with Sara from Microsoft is scheduled for 1992-03-22,ORG,Microsoft
Meta announced new projects starting 2008-04-10,ORG,Meta
Mary works at Microsoft in New York since 1991-07-17,PERSON,Mary
Mary works at Microsoft in New York since 1991-07-17,ORG,Microsoft
Microsoft announced new projects starting 1980-04-27,ORG,Microsoft
Paris will host the event in 2007-05-11,GPE,Paris
Sara works at Google in London since 2011-01-19,PERSON,Sara
Sara works at Google in London since 2011-01-19,ORG,Google
Sara works at Google in London since 2011-01-19,GPE,London
London will host the event in 2003-06-17,GPE,London
John works at Amazon in London since 1979-10-01,PERSON,John
John works at Amazon in London since 1979-10-01,ORG,Amazon
John works at Amazon in London since 1979-10-01,GPE,London
The meeting with Mary from Google is scheduled for 2013-07-11,PERSON,Mary
The meeting with Mary from Google is scheduled for 2013-07-11,ORG,Google
Google announced new projects starting 1988-01-27,ORG,Google
The meeting with Sara from Google is scheduled for 1980-10-30,PERSON,Sara
The meeting with Sara from Google is scheduled for 1980-10-30,ORG,Google
Sara attended a conference on 2014-10-11,PERSON,Sara
Meta announced new projects starting 1977-08-28,ORG,Meta
Amazon announced new projects starting 1997-08-01,ORG,Amazon
The meeting with Mary from Google is scheduled for 2016-11-17,PERSON,Mary
The meeting with Mary from Google is scheduled for 2016-11-17,ORG,Google
The meeting with Sara from Meta is scheduled for 1970-10-27,PERSON,Sara
The meeting with Sara from Meta is scheduled for 1970-10-27,ORG,Meta
Alex attended a conference on 2013-01-10,PERSON,Alex
Amazon announced new projects starting 2000-02-16,ORG,Amazon
Amazon announced new projects starting 1986-02-19,ORG,Amazon
London will host the event in 2012-11-14,GPE,London
Sara works at Google in Tokyo since 1986-10-04,PERSON,Sara
Sara works at Google in Tokyo since 1986-10-04,ORG,Google
Sara works at Google in Tokyo since 1986-10-04,GPE,Tokyo
Google announced new projects starting 2019-10-09,ORG,Google
Alex attended a conference on 1973-01-12,PERSON,Alex
The meeting with Mary from Amazon is scheduled for 2020-06-28,PERSON,Mary
The meeting with Mary from Amazon is scheduled for 2020-06-28,ORG,Amazon
Amazon announced new projects starting 2017-04-20,ORG,Amazon
Tokyo will host the event in 1979-07-15,GPE,Tokyo
The meeting with Sara from Microsoft is scheduled for 2016-04-19,PERSON,Sara
The meeting with Sara from Microsoft is scheduled for 2016-04-19,ORG,Microsoft
John works at Microsoft in New York since 1973-11-12,PERSON,John
John works at Microsoft in New York since 1973-11-12,ORG,Microsoft
Alex attended a conference on 2022-12-13,PERSON,Alex
The meeting with Mary from Meta is scheduled for 1983-01-12,PERSON,Mary
The meeting with Mary from Meta is scheduled for 1983-01-12,ORG,Meta
Mary attended a conference on 2008-10-30,PERSON,Mary
Sara works at Microsoft in Paris since 2011-03-12,PERSON,Sara
Sara works at Microsoft in Paris since 2011-03-12,ORG,Microsoft
Sara works at Microsoft in Paris since 2011-03-12,GPE,Paris
The meeting with Mary from Meta is scheduled for 1995-01-05,PERSON,Mary
The meeting with Mary from Meta is scheduled for 1995-01-05,ORG,Meta
The meeting with John from Amazon is scheduled for 2021-03-11,PERSON,John
The meeting with John from Amazon is scheduled for 2021-03-11,ORG,Amazon
John attended a conference on 1979-01-17,PERSON,John
John attended a conference on 1993-10-06,PERSON,John
Google announced new projects starting 1990-10-30,ORG,Google
Paris will host the event in 1976-01-05,GPE,Paris
Sara attended a conference on 2010-01-23,PERSON,Sara
Alex attended a conference on 1980-08-28,PERSON,Alex
John attended a conference on 1999-03-17,PERSON,John
The meeting with Sara from Meta is scheduled for 1991-05-21,PERSON,Sara
The meeting with Sara from Meta is scheduled for 1991-05-21,ORG,Meta
Meta announced new projects starting 1999-04-20,ORG,Meta
Mary attended a conference on 1989-04-29,PERSON,Mary
London will host the event in 2012-02-22,GPE,London
Sara attended a conference on 2000-06-21,PERSON,Sara
John attended a conference on 1984-12-22,PERSON,John
Sara attended a conference on 2010-01-08,PERSON,Sara
John attended a conference on 1996-12-24,PERSON,John
Sara attended a conference on 1972-05-22,PERSON,Sara
London will host the event in 2004-01-12,GPE,London
Tokyo will host the event in 2009-10-29,GPE,Tokyo
Google announced new projects starting 1993-11-11,ORG,Google
The meeting with John from Meta is scheduled for 1980-07-13,PERSON,John
The meeting with John from Meta is scheduled for 1980-07-13,ORG,Meta
The meeting with Mary from Microsoft is scheduled for 1985-05-30,PERSON,Mary
The meeting with Mary from Microsoft is scheduled for 1985-05-30,ORG,Microsoft
Mary attended a conference on 1982-05-06,PERSON,Mary
Sara works at Amazon in London since 1980-05-28,PERSON,Sara
Sara works at Amazon in London since 1980-05-28,ORG,Amazon
Sara works at Amazon in London since 1980-05-28,GPE,London
The meeting with Alex from Meta is scheduled for 2007-11-15,PERSON,Alex
The meeting with Alex from Meta is scheduled for 2007-11-15,ORG,Meta
Alex works at Meta in New York since 2013-11-03,PERSON,Alex
Alex works at Meta in New York since 2013-11-03,ORG,Meta
The meeting with John from Meta is scheduled for 2002-10-27,PERSON,John
The meeting with John from Meta is scheduled for 2002-10-27,ORG,Meta
Google announced new projects starting 1976-08-21,ORG,Google
Google announced new projects starting 1992-06-09,ORG,Google
John attended a conference on 1984-01-29,PERSON,John
Mary works at Amazon in New York since 2003-11-03,PERSON,Mary
Mary works at Amazon in New York since 2003-11-03,ORG,Amazon
London will host the event in 1982-11-16,GPE,London
The meeting with Sara from Google is scheduled for 1976-12-16,PERSON,Sara
The meeting with Sara from Google is scheduled for 1976-12-16,ORG,Google
London will host the event in 2003-07-02,GPE,London
Alex attended a conference on 1992-06-12,PERSON,Alex
Sara attended a conference on 1991-08-20,PERSON,Sara
Sara works at Meta in London since 2010-11-18,PERSON,Sara
Sara works at Meta in London since 2010-11-18,ORG,Meta
Sara works at Meta in London since 2010-11-18,GPE,London
Amazon announced new projects starting 1976-08-08,ORG,Amazon
Tokyo will host the event in 2002-11-19,GPE,Tokyo
The meeting with Alex from Google is scheduled for 1971-07-20,PERSON,Alex
The meeting with Alex from Google is scheduled for 1971-07-20,ORG,Google
Microsoft announced new projects starting 1972-08-30,ORG,Microsoft
The meeting with Sara from Microsoft is scheduled for 1977-08-17,PERSON,Sara
The meeting with Sara from Microsoft is scheduled for 1977-08-17,ORG,Microsoft
Alex works at Google in Tokyo since 1983-09-12,PERSON,Alex
Alex works at Google in Tokyo since 1983-09-12,ORG,Google
Alex works at Google in Tokyo since 1983-09-12,GPE,Tokyo
Sara attended a conference on 1971-02-09,PERSON,Sara
Mary works at Meta in New York since 1992-06-23,PERSON,Mary
Mary works at Meta in New York since 1992-06-23,ORG,Meta
Alex works at Google in Paris since 2006-06-11,PERSON,Alex
Alex works at Google in Paris since 2006-06-11,ORG,Google
Alex works at Google in Paris since 2006-06-11,GPE,Paris
Amazon announced new projects starting 2011-04-25,ORG,Amazon
John works at Meta in London since 2004-01-24,PERSON,John
John works at Meta in London since 2004-01-24,ORG,Meta
John works at Meta in London since 2004-01-24,GPE,London
Sara attended a conference on 1989-03-16,PERSON,Sara
Tokyo will host the event in 2008-12-29,GPE,Tokyo
Mary attended a conference on 2013-02-25,PERSON,Mary
Amazon announced new projects starting 2010-08-26,ORG,Amazon
London will host the event in 1992-01-12,GPE,London
Amazon announced new projects starting 1995-03-31,ORG,Amazon
The meeting with John from Microsoft is scheduled for 2024-07-11,PERSON,John
The meeting with John from Microsoft is scheduled for 2024-07-11,ORG,Microsoft
The meeting with Sara from Microsoft is scheduled for 2003-01-04,PERSON,Sara
The meeting with Sara from Microsoft is scheduled for 2003-01-04,ORG,Microsoft
Paris will host the event in 2019-01-08,GPE,Paris
Sara works at Amazon in London since 1980-08-02,PERSON,Sara
Sara works at Amazon in London since 1980-08-02,ORG,Amazon
Sara works at Amazon in London since 1980-08-02,GPE,London
Paris will host the event in 2022-07-13,GPE,Paris
The meeting with Sara from Google is scheduled for 2005-06-04,PERSON,Sara
The meeting with Sara from Google is scheduled for 2005-06-04,ORG,Google
The meeting with Mary from Meta is scheduled for 1982-11-02,PERSON,Mary
The meeting with Mary from Meta is scheduled for 1982-11-02,ORG,Meta
The meeting with John from Amazon is scheduled for 1982-02-19,PERSON,John
The meeting with John from Amazon is scheduled for 1982-02-19,ORG,Amazon
Sara attended a conference on 2009-06-20,PERSON,Sara
Amazon announced new projects starting 1994-07-28,ORG,Amazon
Mary works at Microsoft in London since 1978-08-03,PERSON,Mary
Mary works at Microsoft in London since 1978-08-03,ORG,Microsoft
Mary works at Microsoft in London since 1978-08-03,GPE,London
John works at Meta in London since 1986-07-31,PERSON,John
John works at Meta in London since 1986-07-31,ORG,Meta
John works at Meta in London since 1986-07-31,GPE,London
John attended a conference on 1989-03-09,PERSON,John
Meta announced new projects starting 2014-05-29,ORG,Meta
The meeting with Sara from Meta is scheduled for 2004-01-17,PERSON,Sara
The meeting with Sara from Meta is scheduled for 2004-01-17,ORG,Meta
John attended a conference on 1980-10-07,PERSON,John
Google announced new projects starting 1974-10-12,ORG,Google
Microsoft announced new projects starting 1978-07-14,ORG,Microsoft
Sara attended a conference on 1983-09-30,PERSON,Sara
Microsoft announced new projects starting 2005-01-05,ORG,Microsoft
The meeting with Mary from Microsoft is scheduled for 2006-09-25,PERSON,Mary
The meeting with Mary from Microsoft is scheduled for 2006-09-25,ORG,Microsoft
Google announced new projects starting 2018-11-11,ORG,Google
Alex works at Amazon in New York since 2020-04-19,PERSON,Alex
Alex works at Amazon in New York since 2020-04-19,ORG,Amazon
Microsoft announced new projects starting 1995-02-07,ORG,Microsoft
Paris will host the event in 2016-04-19,GPE,Paris
Tokyo will host the event in 1977-05-25,GPE,Tokyo
John attended a conference on 1992-02-21,PERSON,John
John attended a conference on 1983-04-11,PERSON,John
Sara attended a conference on 1987-12-17,PERSON,Sara
John attended a conference on 1997-04-23,PERSON,John
Sara works at Meta in Paris since 2012-07-05,PERSON,Sara
Sara works at Meta in Paris since 2012-07-05,ORG,Meta
Sara works at Meta in Paris since 2012-07-05,GPE,Paris
John attended a conference on 2016-09-19,PERSON,John
Sara attended a conference on 1971-10-10,PERSON,Sara
The meeting with Alex from Google is scheduled for 2019-12-21,PERSON,Alex
The meeting with Alex from Google is scheduled for 2019-12-21,ORG,Google
The meeting with Mary from Amazon is scheduled for 2015-01-14,PERSON,Mary
The meeting with Mary from Amazon is scheduled for 2015-01-14,ORG,Amazon
John works at Amazon in New York since 1981-01-25,PERSON,John
John works at Amazon in New York since 1981-01-25,ORG,Amazon
John attended a conference on 2018-11-09,PERSON,John
John works at Microsoft in London since 1999-03-09,PERSON,John
John works at Microsoft in London since 1999-03-09,ORG,Microsoft
John works at Microsoft in London since 1999-03-09,GPE,London
Microsoft announced new projects starting 2013-08-26,ORG,Microsoft
The meeting with John from Amazon is scheduled for 2024-11-04,PERSON,John
The meeting with John from Amazon is scheduled for 2024-11-04,ORG,Amazon
Amazon announced new projects starting 1976-01-21,ORG,Amazon
Meta announced new projects starting 1994-10-14,ORG,Meta
Sara works at Meta in London since 1973-02-07,PERSON,Sara
Sara works at Meta in London since 1973-02-07,ORG,Meta
Sara works at Meta in London since 1973-02-07,GPE,London
London will host the event in 1974-10-22,GPE,London
Sara works at Microsoft in London since 1984-12-23,PERSON,Sara
Sara works at Microsoft in London since 1984-12-23,ORG,Microsoft
Sara works at Microsoft in London since 1984-12-23,GPE,London
Sara works at Amazon in New York since 1994-01-15,PERSON,Sara
Sara works at Amazon in New York since 1994-01-15,ORG,Amazon
Microsoft announced new projects starting 2005-08-21,ORG,Microsoft
Tokyo will host the event in 1980-05-15,GPE,Tokyo
Paris will host the event in 2015-06-10,GPE,Paris
John works at Microsoft in Paris since 1989-07-16,PERSON,John
John works at Microsoft in Paris since 1989-07-16,ORG,Microsoft
John works at Microsoft in Paris since 1989-07-16,GPE,Paris
John works at Meta in London since 2020-03-05,PERSON,John
John works at Meta in London since 2020-03-05,ORG,Meta
John works at Meta in London since 2020-03-05,GPE,London
Google announced new projects starting 1984-06-05,ORG,Google
Sara works at Amazon in Tokyo since 2006-09-02,PERSON,Sara
Sara works at Amazon in Tokyo since 2006-09-02,ORG,Amazon
Sara works at Amazon in Tokyo since 2006-09-02,GPE,Tokyo
Alex attended a conference on 1985-08-27,PERSON,Alex
The meeting with Alex from Microsoft is scheduled for 1996-10-22,PERSON,Alex
The meeting with Alex from Microsoft is scheduled for 1996-10-22,ORG,Microsoft
Mary works at Google in Tokyo since 1980-09-11,PERSON,Mary
Mary works at Google in Tokyo since 1980-09-11,ORG,Google
Mary works at Google in Tokyo since 1980-09-11,GPE,Tokyo
Microsoft announced new projects starting 1994-09-22,ORG,Microsoft
Google announced new projects starting 2016-11-04,ORG,Google
The meeting with Sara from Amazon is scheduled for 2015-08-12,PERSON,Sara
The meeting with Sara from Amazon is scheduled for 2015-08-12,ORG,Amazon
Sara attended a conference on 1997-04-01,PERSON,Sara
Meta announced new projects starting 1989-09-22,ORG,Meta
Tokyo will host the event in 2018-10-13,GPE,Tokyo
John works at Amazon in New York since 2015-04-11,PERSON,John
John works at Amazon in New York since 2015-04-11,ORG,Amazon
The meeting with Alex from Meta is scheduled for 2020-12-27,PERSON,Alex
The meeting with Alex from Meta is scheduled for 2020-12-27,ORG,Meta
Paris will host the event in 1986-03-16,GPE,Paris
The meeting with Mary from Google is scheduled for 2007-09-28,PERSON,Mary
The meeting with Mary from Google is scheduled for 2007-09-28,ORG,Google
Sara works at Google in Paris since 1993-01-04,PERSON,Sara
Sara works at Google in Paris since 1993-01-04,ORG,Google
Sara works at Google in Paris since 1993-01-04,GPE,Paris
John works at Amazon in New York since 1999-02-24,PERSON,John
John works at Amazon in New York since 1999-02-24,ORG,Amazon
Alex works at Microsoft in London since 1982-06-21,PERSON,Alex
Alex works at Microsoft in London since 1982-06-21,ORG,Microsoft
Alex works at Microsoft in London since 1982-06-21,GPE,London
London will host the event in 1994-08-27,GPE,London
Paris will host the event in 1983-12-05,GPE,Paris
Sara works at Microsoft in London since 1976-01-26,PERSON,Sara
Sara works at Microsoft in London since 1976-01-26,ORG,Microsoft
Sara works at Microsoft in London since 1976-01-26,GPE,London
Sara works at Amazon in Tokyo since 2003-01-09,PERSON,Sara
Sara works at Amazon in Tokyo since 2003-01-09,ORG,Amazon
Sara works at Amazon in Tokyo since 2003-01-09,GPE,Tokyo
Microsoft announced new projects starting 2022-12-18,ORG,Microsoft
The meeting with John from Microsoft is scheduled for 1990-01-17,PERSON,John
The meeting with John from Microsoft is scheduled for 1990-01-17,ORG,Microsoft
Tokyo will host the event in 1984-11-16,GPE,Tokyo
John works at Meta in Paris since 1991-03-18,PERSON,John
John works at Meta in Paris since 1991-03-18,ORG,Meta
John works at Meta in Paris since 1991-03-18,GPE,Paris
The meeting with Alex from Meta is scheduled for 1990-03-04,PERSON,Alex
The meeting with Alex from Meta is scheduled for 1990-03-04,ORG,Meta
Amazon announced new projects starting 1980-04-11,ORG,Amazon
Tokyo will host the event in 1987-01-19,GPE,Tokyo
London will host the event in 2008-10-14,GPE,London
Google announced new projects starting 1986-01-24,ORG,Google
Paris will host the event in 2021-02-04,GPE,Paris
Paris will host the event in 1993-10-29,GPE,Paris
Meta announced new projects starting 1979-07-30,ORG,Meta
Mary attended a conference on 2013-09-07,PERSON,Mary
Alex works at Microsoft in London since 2001-08-15,PERSON,Alex
Alex works at Microsoft in London since 2001-08-15,ORG,Microsoft
Alex works at Microsoft in London since 2001-08-15,GPE,London
John attended a conference on 2013-10-09,PERSON,John
Tokyo will host the event in 1971-09-24,GPE,Tokyo
Tokyo will host the event in 1991-06-17,GPE,Tokyo
Paris will host the event in 1985-09-28,GPE,Paris
Alex attended a conference on 1994-10-29,PERSON,Alex
The meeting with Mary from Meta is scheduled for 1991-05-18,PERSON,Mary
The meeting with Mary from Meta is scheduled for 1991-05-18,ORG,Meta
Alex attended a conference on 1999-06-02,PERSON,Alex
Alex attended a conference on 2024-07-30,PERSON,Alex
The meeting with Mary from Amazon is scheduled for 2006-11-20,PERSON,Mary
The meeting with Mary from Amazon is scheduled for 2006-11-20,ORG,Amazon
Alex works at Amazon in New York since 2004-04-20,PERSON,Alex
Alex works at Amazon in New York since 2004-04-20,ORG,Amazon
The meeting with Mary from Google is scheduled for 2011-10-07,PERSON,Mary
The meeting with Mary from Google is scheduled for 2011-10-07,ORG,Google
The meeting with Alex from Meta is scheduled for 2017-11-25,PERSON,Alex
The meeting with Alex from Meta is scheduled for 2017-11-25,ORG,Meta
John works at Amazon in New York since 1996-02-27,PERSON,John
John works at Amazon in New York since 1996-02-27,ORG,Amazon
The meeting with John from Meta is scheduled for 2019-01-24,PERSON,John
The meeting with John from Meta is scheduled for 2019-01-24,ORG,Meta
Google announced new projects starting 1991-10-14,ORG,Google
Alex works at Amazon in New York since 2013-08-13,PERSON,Alex
Alex works at Amazon in New York since 2013-08-13,ORG,Amazon
The meeting with Alex from Google is scheduled for 1987-01-15,PERSON,Alex
The meeting with Alex from Google is scheduled for 1987-01-15,ORG,Google
John works at Microsoft in London since 2021-04-10,PERSON,John
John works at Microsoft in London since 2021-04-10,ORG,Microsoft
John works at Microsoft in London since 2021-04-10,GPE,London
Sara attended a conference on 1970-01-30,PERSON,Sara
Alex attended a conference on 1983-02-02,PERSON,Alex
Meta announced new projects starting 1991-06-30,ORG,Meta
Sara works at Amazon in London since 2023-07-15,PERSON,Sara
Sara works at Amazon in London since 2023-07-15,ORG,Amazon
Sara works at Amazon in London since 2023-07-15,GPE,London
Microsoft announced new projects starting 1981-12-28,ORG,Microsoft
Paris will host the event in 1989-12-25,GPE,Paris
Alex attended a conference on 2005-06-09,PERSON,Alex
Microsoft announced new projects starting 2020-11-28,ORG,Microsoft
London will host the event in 2003-10-05,GPE,London
Mary works at Meta in New York since 2010-08-28,PERSON,Mary
Mary works at Meta in New York since 2010-08-28,ORG,Meta
Sara attended a conference on 2016-08-26,PERSON,Sara
Mary attended a conference on 2024-11-26,PERSON,Mary
Sara works at Google in Paris since 2001-12-29,PERSON,Sara
Sara works at Google in Paris since 2001-12-29,ORG,Google
Sara works at Google in Paris since 2001-12-29,GPE,Paris
Microsoft announced new projects starting 1984-06-26,ORG,Microsoft
John works at Meta in New York since 1986-10-31,PERSON,John
John works at Meta in New York since 1986-10-31,ORG,Meta
Alex attended a conference on 2004-03-10,PERSON,Alex
Alex attended a conference on 2004-04-04,PERSON,Alex
The meeting with John from Google is scheduled for 1976-07-31,PERSON,John
The meeting with John from Google is scheduled for 1976-07-31,ORG,Google
Mary attended a conference on 1991-08-11,PERSON,Mary
Alex works at Meta in Paris since 2010-01-20,PERSON,Alex
Alex works at Meta in Paris since 2010-01-20,ORG,Meta
Alex works at Meta in Paris since 2010-01-20,GPE,Paris
The meeting with Sara from Microsoft is scheduled for 1979-06-15,PERSON,Sara
The meeting with Sara from Microsoft is scheduled for 1979-06-15,ORG,Microsoft
Paris will host the event in 1979-06-28,GPE,Paris
Amazon announced new projects starting 2013-12-07,ORG,Amazon
Mary works at Meta in Tokyo since 2021-05-30,PERSON,Mary
Mary works at Meta in Tokyo since 2021-05-30,ORG,Meta
Mary works at Meta in Tokyo since 2021-05-30,GPE,Tokyo
Sara attended a conference on 2020-11-12,PERSON,Sara
Alex works at Google in New York since 1985-09-07,PERSON,Alex
Alex works at Google in New York since 1985-09-07,ORG,Google
Meta announced new projects starting 2005-02-02,ORG,Meta
Alex works at Microsoft in New York since 1977-03-19,PERSON,Alex
Alex works at Microsoft in New York since 1977-03-19,ORG,Microsoft
The meeting with Mary from Google is scheduled for 2004-01-10,PERSON,Mary
The meeting with Mary from Google is scheduled for 2004-01-10,ORG,Google
London will host the event in 2018-07-11,GPE,London
Google announced new projects starting 1995-07-26,ORG,Google
Sara attended a conference on 2005-11-09,PERSON,Sara
The meeting with John from Google is scheduled for 1993-08-31,PERSON,John
The meeting with John from Google is scheduled for 1993-08-31,ORG,Google
Google announced new projects starting 2006-04-15,ORG,Google
Meta announced new projects starting 1970-06-17,ORG,Meta
Sara works at Google in Tokyo since 1987-01-12,PERSON,Sara
Sara works at Google in Tokyo since 1987-01-12,ORG,Google
Sara works at Google in Tokyo since 1987-01-12,GPE,Tokyo
Alex works at Microsoft in London since 2017-05-04,PERSON,Alex
Alex works at Microsoft in London since 2017-05-04,ORG,Microsoft
Alex works at Microsoft in London since 2017-05-04,GPE,London
Microsoft announced new projects starting 1989-03-27,ORG,Microsoft
The meeting with John from Google is scheduled for 1974-08-06,PERSON,John
The meeting with John from Google is scheduled for 1974-08-06,ORG,Google
London will host the event in 1980-03-08,GPE,London
Google announced new projects starting 2003-02-01,ORG,Google
Sara attended a conference on 1974-03-11,PERSON,Sara
John works at Meta in London since 1972-02-12,PERSON,John
John works at Meta in London since 1972-02-12,ORG,Meta
John works at Meta in London since 1972-02-12,GPE,London
Microsoft announced new projects starting 1980-07-27,ORG,Microsoft
The meeting with Sara from Meta is scheduled for 1990-12-24,PERSON,Sara
The meeting with Sara from Meta is scheduled for 1990-12-24,ORG,Meta
Mary works at Google in Tokyo since 2024-09-20,PERSON,Mary
Mary works at Google in Tokyo since 2024-09-20,ORG,Google
Mary works at Google in Tokyo since 2024-09-20,GPE,Tokyo
Sara attended a conference on 1996-10-07,PERSON,Sara
Alex works at Google in Tokyo since 2022-08-10,PERSON,Alex
Alex works at Google in Tokyo since 2022-08-10,ORG,Google
Alex works at Google in Tokyo since 2022-08-10,GPE,Tokyo
Meta announced new projects starting 1985-01-13,ORG,Meta
John attended a conference on 1970-02-14,PERSON,John
The meeting with Sara from Meta is scheduled for 1997-10-27,PERSON,Sara
The meeting with Sara from Meta is scheduled for 1997-10-27,ORG,Meta
Mary attended a conference on 1980-06-03,PERSON,Mary
The meeting with John from Microsoft is scheduled for 1992-12-02,PERSON,John
The meeting with John from Microsoft is scheduled for 1992-12-02,ORG,Microsoft
Google announced new projects starting 2021-08-12,ORG,Google
Tokyo will host the event in 2005-05-07,GPE,Tokyo
Microsoft announced new projects starting 1998-04-20,ORG,Microsoft
Meta announced new projects starting 1975-05-14,ORG,Meta
The meeting with John from Amazon is scheduled for 2020-11-18,PERSON,John
The meeting with John from Amazon is scheduled for 2020-11-18,ORG,Amazon
The meeting with Mary from Amazon is scheduled for 2023-12-09,PERSON,Mary
The meeting with Mary from Amazon is scheduled for 2023-12-09,ORG,Amazon
Paris will host the event in 1983-11-26,GPE,Paris
The meeting with Mary from Microsoft is scheduled for 2012-12-26,PERSON,Mary
The meeting with Mary from Microsoft is scheduled for 2012-12-26,ORG,Microsoft
Mary attended a conference on 2005-03-27,PERSON,Mary
Alex works at Microsoft in Tokyo since 1972-02-05,PERSON,Alex
Alex works at Microsoft in Tokyo since 1972-02-05,ORG,Microsoft
Alex works at Microsoft in Tokyo since 1972-02-05,GPE,Tokyo
Amazon announced new projects starting 1972-10-29,ORG,Amazon
The meeting with Alex from Google is scheduled for 2010-01-01,PERSON,Alex
The meeting with Alex from Google is scheduled for 2010-01-01,ORG,Google
Alex works at Amazon in London since 1983-06-16,PERSON,Alex
Alex works at Amazon in London since 1983-06-16,ORG,Amazon
Alex works at Amazon in London since 1983-06-16,GPE,London
John works at Google in New York since 1987-12-25,PERSON,John
John works at Google in New York since 1987-12-25,ORG,Google
Meta announced new projects starting 1996-12-06,ORG,Meta
Microsoft announced new projects starting 1978-02-19,ORG,Microsoft
The meeting with John from Amazon is scheduled for 2024-01-15,PERSON,John
The meeting with John from Amazon is scheduled for 2024-01-15,ORG,Amazon
The meeting with Alex from Meta is scheduled for 1988-07-30,PERSON,Alex
The meeting with Alex from Meta is scheduled for 1988-07-30,ORG,Meta
Alex works at Amazon in New York since 2019-12-27,PERSON,Alex
Alex works at Amazon in New York since 2019-12-27,ORG,Amazon
Microsoft announced new projects starting 2014-07-24,ORG,Microsoft
The meeting with Sara from Microsoft is scheduled for 1981-03-11,PERSON,Sara
The meeting with Sara from Microsoft is scheduled for 1981-03-11,ORG,Microsoft
Paris will host the event in 1981-05-20,GPE,Paris
The meeting with Mary from Google is scheduled for 1985-07-21,PERSON,Mary
The meeting with Mary from Google is scheduled for 1985-07-21,ORG,Google
Sara attended a conference on 1990-05-22,PERSON,Sara
Microsoft announced new projects starting 1973-08-05,ORG,Microsoft
Amazon announced new projects starting 2013-12-27,ORG,Amazon
Sara attended a conference on 1980-12-11,PERSON,Sara
John works at Google in London since 1974-06-19,PERSON,John
John works at Google in London since 1974-06-19,ORG,Google
John works at Google in London since 1974-06-19,GPE,London
John works at Meta in New York since 1999-01-10,PERSON,John
John works at Meta in New York since 1999-01-10,ORG,Meta
Amazon announced new projects starting 2000-04-20,ORG,Amazon
Meta announced new projects starting 1991-08-05,ORG,Meta
Paris will host the event in 2000-04-03,GPE,Paris
The meeting with Sara from Microsoft is scheduled for 2017-08-02,PERSON,Sara
The meeting with Sara from Microsoft is scheduled for 2017-08-02,ORG,Microsoft
The meeting with John from Google is scheduled for 1981-02-18,PERSON,John
The meeting with John from Google is scheduled for 1981-02-18,ORG,Google
Alex works at Amazon in New York since 2006-01-13,PERSON,Alex
Alex works at Amazon in New York since 2006-01-13,ORG,Amazon
London will host the event in 1995-09-07,GPE,London
Paris will host the event in 1999-10-06,GPE,Paris
John attended a conference on 1984-03-22,PERSON,John
Mary attended a conference on 1978-12-31,PERSON,Mary
London will host the event in 1975-12-28,GPE,London
Tokyo will host the event in 1970-08-04,GPE,Tokyo
Alex attended a conference on 2006-04-04,PERSON,Alex
Sara attended a conference on 1980-02-08,PERSON,Sara
Mary attended a conference on 2000-03-08,PERSON,Mary
The meeting with Sara from Microsoft is scheduled for 2000-04-05,PERSON,Sara
The meeting with Sara from Microsoft is scheduled for 2000-04-05,ORG,Microsoft
The meeting with Sara from Google is scheduled for 1977-05-27,PERSON,Sara
The meeting with Sara from Google is scheduled for 1977-05-27,ORG,Google
Sara works at Amazon in New York since 1977-03-17,PERSON,Sara
Sara works at Amazon in New York since 1977-03-17,ORG,Amazon
John works at Amazon in Paris since 1979-10-04,PERSON,John
John works at Amazon in Paris since 1979-10-04,ORG,Amazon
John works at Amazon in Paris since 1979-10-04,GPE,Paris
Amazon announced new projects starting 1977-01-10,ORG,Amazon
Tokyo will host the event in 1997-08-31,GPE,Tokyo
Amazon announced new projects starting 2013-08-29,ORG,Amazon
Paris will host the event in 1999-11-13,GPE,Paris
Meta announced new projects starting 2017-02-04,ORG,Meta
John attended a conference on 1984-07-31,PERSON,John
London will host the event in 1970-12-24,GPE,London
Microsoft announced new projects starting 2021-01-25,ORG,Microsoft
Tokyo will host the event in 1997-07-07,GPE,Tokyo
Meta announced new projects starting 2012-06-18,ORG,Meta
The meeting with Mary from Google is scheduled for 1977-05-15,PERSON,Mary
The meeting with Mary from Google is scheduled for 1977-05-15,ORG,Google
John attended a conference on 1991-03-16,PERSON,John
The meeting with Mary from Google is scheduled for 2020-03-12,PERSON,Mary
The meeting with Mary from Google is scheduled for 2020-03-12,ORG,Google
The meeting with Mary from Meta is scheduled for 1986-12-19,PERSON,Mary
The meeting with Mary from Meta is scheduled for 1986-12-19,ORG,Meta
Mary attended a conference on 2001-01-08,PERSON,Mary
The meeting with Mary from Amazon is scheduled for 1999-02-17,PERSON,Mary
The meeting with Mary from Amazon is scheduled for 1999-02-17,ORG,Amazon
Tokyo will host the event in 2016-08-24,GPE,Tokyo
The meeting with Mary from Meta is scheduled for 1971-09-16,PERSON,Mary
The meeting with Mary from Meta is scheduled for 1971-09-16,ORG,Meta
Alex works at Meta in London since 1988-08-30,PERSON,Alex
Alex works at Meta in London since 1988-08-30,ORG,Meta
Alex works at Meta in London since 1988-08-30,GPE,London
Meta announced new projects starting 1974-12-04,ORG,Meta
London will host the event in 1988-10-02,GPE,London
Mary works at Amazon in New York since 1975-04-27,PERSON,Mary
Mary works at Amazon in New York since 1975-04-27,ORG,Amazon
John works at Meta in New York since 1996-10-20,PERSON,John
John works at Meta in New York since 1996-10-20,ORG,Meta
Mary attended a conference on 2017-03-31,PERSON,Mary
Alex works at Microsoft in New York since 2015-03-08,PERSON,Alex
Alex works at Microsoft in New York since 2015-03-08,ORG,Microsoft
John attended a conference on 2002-12-11,PERSON,John
Alex attended a conference on 2019-07-14,PERSON,Alex
London will host the event in 1973-10-19,GPE,London
The meeting with Sara from Meta is scheduled for 2003-03-20,PERSON,Sara
The meeting with Sara from Meta is scheduled for 2003-03-20,ORG,Meta
The meeting with Sara from Amazon is scheduled for 1983-12-01,PERSON,Sara
The meeting with Sara from Amazon is scheduled for 1983-12-01,ORG,Amazon
Mary attended a conference on 1971-12-20,PERSON,Mary
London will host the event in 2016-11-08,GPE,London
Sara attended a conference on 1990-01-09,PERSON,Sara
The meeting with Alex from Meta is scheduled for 1987-10-26,PERSON,Alex
The meeting with Alex from Meta is scheduled for 1987-10-26,ORG,Meta
Google announced new projects starting 2015-06-04,ORG,Google
The meeting with Alex from Microsoft is scheduled for 1972-10-13,PERSON,Alex
The meeting with Alex from Microsoft is scheduled for 1972-10-13,ORG,Microsoft
Alex attended a conference on 1982-04-02,PERSON,Alex
Alex attended a conference on 2002-08-23,PERSON,Alex
Sara works at Meta in Paris since 2015-01-17,PERSON,Sara
Sara works at Meta in Paris since 2015-01-17,ORG,Meta
Sara works at Meta in Paris since 2015-01-17,GPE,Paris
Microsoft announced new projects starting 1993-03-15,ORG,Microsoft
The meeting with Alex from Microsoft is scheduled for 1998-03-21,PERSON,Alex
The meeting with Alex from Microsoft is scheduled for 1998-03-21,ORG,Microsoft
Sara works at Microsoft in Tokyo since 1990-07-03,PERSON,Sara
Sara works at Microsoft in Tokyo since 1990-07-03,ORG,Microsoft
Sara works at Microsoft in Tokyo since 1990-07-03,GPE,Tokyo
Microsoft announced new projects starting 1987-02-05,ORG,Microsoft
Alex attended a conference on 1996-08-20,PERSON,Alex
Tokyo will host the event in 1979-05-10,GPE,Tokyo
London will host the event in 2002-01-18,GPE,London
John attended a conference on 1989-09-22,PERSON,John
Alex works at Google in London since 2006-05-13,PERSON,Alex
Alex works at Google in London since 2006-05-13,ORG,Google
Alex works at Google in London since 2006-05-13,GPE,London
Sara works at Google in New York since 1974-02-07,PERSON,Sara
Sara works at Google in New York since 1974-02-07,ORG,Google
The meeting with John from Amazon is scheduled for 2023-11-25,PERSON,John
The meeting with John from Amazon is scheduled for 2023-11-25,ORG,Amazon
London will host the event in 1993-02-23,GPE,London
John attended a conference on 2023-06-16,PERSON,John
John attended a conference on 1996-10-06,PERSON,John
The meeting with John from Amazon is scheduled for 1973-08-12,PERSON,John
The meeting with John from Amazon is scheduled for 1973-08-12,ORG,Amazon
Sara works at Microsoft in New York since 2013-10-13,PERSON,Sara
Sara works at Microsoft in New York since 2013-10-13,ORG,Microsoft
Sara attended a conference on 2003-11-09,PERSON,Sara
Mary attended a conference on 1983-01-07,PERSON,Mary
Alex works at Amazon in Paris since 1993-06-23,PERSON,Alex
Alex works at Amazon in Paris since 1993-06-23,ORG,Amazon
Alex works at Amazon in Paris since 1993-06-23,GPE,Paris
The meeting with Mary from Google is scheduled for 2008-11-24,PERSON,Mary
The meeting with Mary from Google is scheduled for 2008-11-24,ORG,Google
Amazon announced new projects starting 2003-11-07,ORG,Amazon
Tokyo will host the event in 2017-11-19,GPE,Tokyo
Alex attended a conference on 2025-03-04,PERSON,Alex
Sara attended a conference on 2013-08-10,PERSON,Sara
Tokyo will host the event in 1991-03-05,GPE,Tokyo
Meta announced new projects starting 1989-08-20,ORG,Meta
John works at Amazon in Paris since 1992-08-24,PERSON,John
John works at Amazon in Paris since 1992-08-24,ORG,Amazon
John works at Amazon in Paris since 1992-08-24,GPE,Paris
Mary attended a conference on 2023-08-30,PERSON,Mary
Alex works at Microsoft in Tokyo since 2004-06-20,PERSON,Alex
Alex works at Microsoft in Tokyo since 2004-06-20,ORG,Microsoft
Alex works at Microsoft in Tokyo since 2004-06-20,GPE,Tokyo
Alex works at Microsoft in Paris since 1981-06-29,PERSON,Alex
Alex works at Microsoft in Paris since 1981-06-29,ORG,Microsoft
Alex works at Microsoft in Paris since 1981-06-29,GPE,Paris
Alex attended a conference on 2023-02-03,PERSON,Alex
The meeting with Mary from Amazon is scheduled for 1978-07-06,PERSON,Mary
The meeting with Mary from Amazon is scheduled for 1978-07-06,ORG,Amazon
London will host the event in 2009-04-18,GPE,London
Mary attended a conference on 1990-03-04,PERSON,Mary
Mary attended a conference on 1988-07-18,PERSON,Mary
Sara attended a conference on 2017-05-30,PERSON,Sara
Alex attended a conference on 2001-04-09,PERSON,Alex
The meeting with Sara from Amazon is scheduled for 2020-07-24,PERSON,Sara
The meeting with Sara from Amazon is scheduled for 2020-07-24,ORG,Amazon
Mary attended a conference on 1986-07-11,PERSON,Mary
John works at Meta in Paris since 2014-12-01,PERSON,John
John works at Meta in Paris since 2014-12-01,ORG,Meta
John works at Meta in Paris since 2014-12-01,GPE,Paris
Meta announced new projects starting 2025-01-25,ORG,Meta
Microsoft announced new projects starting 1975-11-27,ORG,Microsoft
Google announced new projects starting 2020-09-16,ORG,Google
John works at Amazon in New York since 2015-10-21,PERSON,John
John works at Amazon in New York since 2015-10-21,ORG,Amazon
The meeting with Alex from Google is scheduled for 1976-12-28,PERSON,Alex
The meeting with Alex from Google is scheduled for 1976-12-28,ORG,Google
The meeting with Mary from Google is scheduled for 1992-01-03,PERSON,Mary
The meeting with Mary from Google is scheduled for 1992-01-03,ORG,Google
The meeting with John from Microsoft is scheduled for 1993-01-08,PERSON,John
The meeting with John from Microsoft is scheduled for 1993-01-08,ORG,Microsoft
Sara works at Microsoft in New York since 2018-04-21,PERSON,Sara
Sara works at Microsoft in New York since 2018-04-21,ORG,Microsoft
Sara works at Google in London since 1981-10-31,PERSON,Sara
Sara works at Google in London since 1981-10-31,ORG,Google
Sara works at Google in London since 1981-10-31,GPE,London
Microsoft announced new projects starting 1972-08-22,ORG,Microsoft
Sara works at Microsoft in New York since 2007-05-18,PERSON,Sara
Sara works at Microsoft in New York since 2007-05-18,ORG,Microsoft
Sara attended a conference on 2015-06-04,PERSON,Sara
Tokyo will host the event in 1975-02-25,GPE,Tokyo
Amazon announced new projects starting 2009-01-06,ORG,Amazon
Sara attended a conference on 1973-12-21,PERSON,Sara
Paris will host the event in 1989-07-28,GPE,Paris
The meeting with Alex from Microsoft is scheduled for 2018-04-11,PERSON,Alex
The meeting with Alex from Microsoft is scheduled for 2018-04-11,ORG,Microsoft
Microsoft announced new projects starting 1987-05-05,ORG,Microsoft
The meeting with Mary from Google is scheduled for 1973-09-04,PERSON,Mary
The meeting with Mary from Google is scheduled for 1973-09-04,ORG,Google
The meeting with Mary from Meta is scheduled for 1990-08-29,PERSON,Mary
The meeting with Mary from Meta is scheduled for 1990-08-29,ORG,Meta
The meeting with Mary from Google is scheduled for 1985-07-26,PERSON,Mary
The meeting with Mary from Google is scheduled for 1985-07-26,ORG,Google
London will host the event in 1985-04-07,GPE,London
John works at Amazon in Paris since 2017-05-13,PERSON,John
John works at Amazon in Paris since 2017-05-13,ORG,Amazon
John works at Amazon in Paris since 2017-05-13,GPE,Paris
Tokyo will host the event in 2004-01-19,GPE,Tokyo
Google announced new projects starting 2024-09-04,ORG,Google
The meeting with Mary from Google is scheduled for 1993-05-05,PERSON,Mary
The meeting with Mary from Google is scheduled for 1993-05-05,ORG,Google
Microsoft announced new projects starting 2024-08-07,ORG,Microsoft
Mary works at Amazon in New York since 1973-02-07,PERSON,Mary
Mary works at Amazon in New York since 1973-02-07,ORG,Amazon
Sara attended a conference on 1999-07-23,PERSON,Sara
John attended a conference on 2007-10-21,PERSON,John
The meeting with Alex from Microsoft is scheduled for 2010-10-17,PERSON,Alex
The meeting with Alex from Microsoft is scheduled for 2010-10-17,ORG,Microsoft
Paris will host the event in 1975-07-24,GPE,Paris
Alex attended a conference on 2012-10-11,PERSON,Alex
Mary attended a conference on 2005-07-12,PERSON,Mary
The meeting with Sara from Microsoft is scheduled for 2012-12-08,PERSON,Sara
The meeting with Sara from Microsoft is scheduled for 2012-12-08,ORG,Microsoft
Google announced new projects starting 1991-03-14,ORG,Google
Amazon announced new projects starting 2018-11-30,ORG,Amazon
Alex works at Meta in Tokyo since 1975-12-23,PERSON,Alex
Alex works at Meta in Tokyo since 1975-12-23,ORG,Meta
Alex works at Meta in Tokyo since 1975-12-23,GPE,Tokyo
Amazon announced new projects starting 1979-12-05,ORG,Amazon
Meta announced new projects starting 1984-08-30,ORG,Meta
Paris will host the event in 2001-04-05,GPE,Paris
The meeting with John from Meta is scheduled for 2024-04-13,PERSON,John
The meeting with John from Meta is scheduled for 2024-04-13,ORG,Meta
London will host the event in 2017-01-17,GPE,London
The meeting with John from Amazon is scheduled for 2012-12-31,PERSON,John
The meeting with John from Amazon is scheduled for 2012-12-31,ORG,Amazon
Sara works at Amazon in Tokyo since 2021-08-19,PERSON,Sara
Sara works at Amazon in Tokyo since 2021-08-19,ORG,Amazon
Sara works at Amazon in Tokyo since 2021-08-19,GPE,Tokyo
The meeting with Alex from Meta is scheduled for 1978-07-24,PERSON,Alex
The meeting with Alex from Meta is scheduled for 1978-07-24,ORG,Meta
Alex attended a conference on 1974-08-05,PERSON,Alex
Tokyo will host the event in 1970-04-17,GPE,Tokyo
Amazon announced new projects starting 1996-12-06,ORG,Amazon
Microsoft announced new projects starting 1990-10-01,ORG,Microsoft
Mary attended a conference on 1971-07-31,PERSON,Mary
Google announced new projects starting 2015-11-17,ORG,Google
Mary attended a conference on 1972-05-09,PERSON,Mary
John attended a conference on 2019-09-05,PERSON,John
Sara attended a conference on 2003-03-19,PERSON,Sara
The meeting with John from Meta is scheduled for 2023-12-22,PERSON,John
The meeting with John from Meta is scheduled for 2023-12-22,ORG,Meta
London will host the event in 2000-05-04,GPE,London
Alex attended a conference on 2001-04-30,PERSON,Alex
Tokyo will host the event in 1998-02-11,GPE,Tokyo
The meeting with Mary from Meta is scheduled for 1993-11-18,PERSON,Mary
The meeting with Mary from Meta is scheduled for 1993-11-18,ORG,Meta
Tokyo will host the event in 2021-02-24,GPE,Tokyo
Mary attended a conference on 1974-03-22,PERSON,Mary
John attended a conference on 2023-01-02,PERSON,John
Sara attended a conference on 2008-07-13,PERSON,Sara
Google announced new projects starting 2024-03-05,ORG,Google
Mary attended a conference on 1996-05-03,PERSON,Mary
Mary works at Google in London since 2017-07-26,PERSON,Mary
Mary works at Google in London since 2017-07-26,ORG,Google
Mary works at Google in London since 2017-07-26,GPE,London
The meeting with John from Amazon is scheduled for 1997-10-03,PERSON,John
The meeting with John from Amazon is scheduled for 1997-10-03,ORG,Amazon
Microsoft announced new projects starting 2006-07-23,ORG,Microsoft
Mary works at Google in London since 2006-10-16,PERSON,Mary
Mary works at Google in London since 2006-10-16,ORG,Google
Mary works at Google in London since 2006-10-16,GPE,London
Alex attended a conference on 2015-03-24,PERSON,Alex
John works at Meta in Tokyo since 2021-12-18,PERSON,John
John works at Meta in Tokyo since 2021-12-18,ORG,Meta
John works at Meta in Tokyo since 2021-12-18,GPE,Tokyo
The meeting with Alex from Meta is scheduled for 1984-03-02,PERSON,Alex
The meeting with Alex from Meta is scheduled for 1984-03-02,ORG,Meta
Alex works at Meta in New York since 1971-03-21,PERSON,Alex
Alex works at Meta in New York since 1971-03-21,ORG,Meta
The meeting with Mary from Microsoft is scheduled for 1982-02-03,PERSON,Mary
The meeting with Mary from Microsoft is scheduled for 1982-02-03,ORG,Microsoft
Tokyo will host the event in 2013-02-15,GPE,Tokyo
John attended a conference on 2020-09-05,PERSON,John
Sara works at Microsoft in Tokyo since 1986-12-19,PERSON,Sara
Sara works at Microsoft in Tokyo since 1986-12-19,ORG,Microsoft
Sara works at Microsoft in Tokyo since 1986-12-19,GPE,Tokyo
Alex works at Google in Paris since 2010-12-22,PERSON,Alex
Alex works at Google in Paris since 2010-12-22,ORG,Google
Alex works at Google in Paris since 2010-12-22,GPE,Paris
Sara works at Microsoft in Paris since 1990-06-19,PERSON,Sara
Sara works at Microsoft in Paris since 1990-06-19,ORG,Microsoft
Sara works at Microsoft in Paris since 1990-06-19,GPE,Paris
The meeting with John from Microsoft is scheduled for 2010-06-18,PERSON,John
The meeting with John from Microsoft is scheduled for 2010-06-18,ORG,Microsoft
Sara works at Google in Paris since 1985-04-25,PERSON,Sara
Sara works at Google in Paris since 1985-04-25,ORG,Google
Sara works at Google in Paris since 1985-04-25,GPE,Paris
Alex attended a conference on 1983-07-23,PERSON,Alex
Mary attended a conference on 1972-12-22,PERSON,Mary
Meta announced new projects starting 2018-02-26,ORG,Meta
Sara works at Microsoft in New York since 1976-07-20,PERSON,Sara
Sara works at Microsoft in New York since 1976-07-20,ORG,Microsoft
The meeting with Mary from Meta is scheduled for 1984-09-16,PERSON,Mary
The meeting with Mary from Meta is scheduled for 1984-09-16,ORG,Meta
The meeting with Mary from Google is scheduled for 2009-02-24,PERSON,Mary
The meeting with Mary from Google is scheduled for 2009-02-24,ORG,Google
Paris will host the event in 1996-06-05,GPE,Paris
Alex attended a conference on 2014-08-12,PERSON,Alex
John works at Amazon in Tokyo since 1993-02-20,PERSON,John
John works at Amazon in Tokyo since 1993-02-20,ORG,Amazon
John works at Amazon in Tokyo since 1993-02-20,GPE,Tokyo
John works at Amazon in Paris since 1995-09-30,PERSON,John
John works at Amazon in Paris since 1995-09-30,ORG,Amazon
John works at Amazon in Paris since 1995-09-30,GPE,Paris
Google announced new projects starting 2015-11-29,ORG,Google
Mary works at Meta in New York since 1978-01-10,PERSON,Mary
Mary works at Meta in New York since 1978-01-10,ORG,Meta
Mary works at Google in Paris since 2003-11-18,PERSON,Mary
Mary works at Google in Paris since 2003-11-18,ORG,Google
Mary works at Google in Paris since 2003-11-18,GPE,Paris
Tokyo will host the event in 2017-11-27,GPE,Tokyo
John attended a conference on 2012-03-18,PERSON,John
Alex attended a conference on 1999-07-14,PERSON,Alex
Sara attended a conference on 1981-01-21,PERSON,Sara
Microsoft announced new projects starting 1980-02-25,ORG,Microsoft
Meta announced new projects starting 1989-08-03,ORG,Meta
The meeting with Sara from Amazon is scheduled for 1981-12-19,PERSON,Sara
The meeting with Sara from Amazon is scheduled for 1981-12-19,ORG,Amazon
The meeting with John from Meta is scheduled for 1979-07-28,PERSON,John
The meeting with John from Meta is scheduled for 1979-07-28,ORG,Meta
The meeting with Sara from Microsoft is scheduled for 1972-09-14,PERSON,Sara
The meeting with Sara from Microsoft is scheduled for 1972-09-14,ORG,Microsoft
The meeting with John from Google is scheduled for 1974-01-30,PERSON,John
The meeting with John from Google is scheduled for 1974-01-30,ORG,Google
Sara works at Meta in New York since 1992-11-25,PERSON,Sara
Sara works at Meta in New York since 1992-11-25,ORG,Meta
The meeting with John from Google is scheduled for 2007-08-25,PERSON,John
The meeting with John from Google is scheduled for 2007-08-25,ORG,Google
The meeting with John from Meta is scheduled for 2009-09-08,PERSON,John
The meeting with John from Meta is scheduled for 2009-09-08,ORG,Meta
John attended a conference on 1972-06-06,PERSON,John
The meeting with John from Meta is scheduled for 1991-10-19,PERSON,John
The meeting with John from Meta is scheduled for 1991-10-19,ORG,Meta
John attended a conference on 1978-12-31,PERSON,John
The meeting with Mary from Google is scheduled for 1981-02-28,PERSON,Mary
The meeting with Mary from Google is scheduled for 1981-02-28,ORG,Google
Amazon announced new projects starting 1994-01-24,ORG,Amazon
Alex works at Meta in Paris since 2015-09-05,PERSON,Alex
Alex works at Meta in Paris since 2015-09-05,ORG,Meta
Alex works at Meta in Paris since 2015-09-05,GPE,Paris
The meeting with Sara from Microsoft is scheduled for 1978-08-08,PERSON,Sara
The meeting with Sara from Microsoft is scheduled for 1978-08-08,ORG,Microsoft
London will host the event in 2018-01-04,GPE,London
Microsoft announced new projects starting 1982-02-10,ORG,Microsoft
The meeting with Alex from Amazon is scheduled for 2009-11-26,PERSON,Alex
The meeting with Alex from Amazon is scheduled for 2009-11-26,ORG,Amazon
John attended a conference on 1983-03-05,PERSON,John
Paris will host the event in 1975-07-06,GPE,Paris
Google announced new projects starting 1985-11-12,ORG,Google
Sara works at Meta in New York since 1982-04-30,PERSON,Sara
Sara works at Meta in New York since 1982-04-30,ORG,Meta
Sara attended a conference on 1980-09-26,PERSON,Sara
The meeting with Sara from Meta is scheduled for 2020-10-27,PERSON,Sara
The meeting with Sara from Meta is scheduled for 2020-10-27,ORG,Meta
Sara attended a conference on 2014-05-05,PERSON,Sara
Sara works at Google in Tokyo since 1973-12-07,PERSON,Sara
Sara works at Google in Tokyo since 1973-12-07,ORG,Google
Sara works at Google in Tokyo since 1973-12-07,GPE,Tokyo
John attended a conference on 2011-08-23,PERSON,John
Tokyo will host the event in 1987-03-12,GPE,Tokyo
The meeting with Alex from Google is scheduled for 2015-10-13,PERSON,Alex
The meeting with Alex from Google is scheduled for 2015-10-13,ORG,Google
Amazon announced new projects starting 1986-01-14,ORG,Amazon
Amazon announced new projects starting 1970-03-08,ORG,Amazon
Sara works at Google in New York since 1972-01-02,PERSON,Sara
Sara works at Google in New York since 1972-01-02,ORG,Google
The meeting with Alex from Amazon is scheduled for 2007-08-26,PERSON,Alex
The meeting with Alex from Amazon is scheduled for 2007-08-26,ORG,Amazon
Google announced new projects starting 1997-06-14,ORG,Google
The meeting with John from Microsoft is scheduled for 2016-03-10,PERSON,John
The meeting with John from Microsoft is scheduled for 2016-03-10,ORG,Microsoft
Sara attended a conference on 2003-12-30,PERSON,Sara
John works at Meta in New York since 1980-06-28,PERSON,John
John works at Meta in New York since 1980-06-28,ORG,Meta
John works at Meta in New York since 2001-06-09,PERSON,John
John works at Meta in New York since 2001-06-09,ORG,Meta
The meeting with Sara from Microsoft is scheduled for 2011-06-19,PERSON,Sara
The meeting with Sara from Microsoft is scheduled for 2011-06-19,ORG,Microsoft
The meeting with John from Meta is scheduled for 2016-10-04,PERSON,John
The meeting with John from Meta is scheduled for 2016-10-04,ORG,Meta
Amazon announced new projects starting 2000-03-21,ORG,Amazon
Meta announced new projects starting 2022-07-08,ORG,Meta
John works at Google in Paris since 1973-08-22,PERSON,John
John works at Google in Paris since 1973-08-22,ORG,Google
John works at Google in Paris since 1973-08-22,GPE,Paris
Tokyo will host the event in 2016-05-12,GPE,Tokyo
Mary attended a conference on 2012-11-14,PERSON,Mary
John attended a conference on 1986-09-14,PERSON,John
Alex works at Amazon in Tokyo since 1976-02-07,PERSON,Alex
Alex works at Amazon in Tokyo since 1976-02-07,ORG,Amazon
Alex works at Amazon in Tokyo since 1976-02-07,GPE,Tokyo
Google announced new projects starting 2006-07-07,ORG,Google
Meta announced new projects starting 2020-02-17,ORG,Meta
The meeting with Mary from Microsoft is scheduled for 1980-01-13,PERSON,Mary
The meeting with Mary from Microsoft is scheduled for 1980-01-13,ORG,Microsoft
Mary works at Amazon in London since 1992-10-18,PERSON,Mary
Mary works at Amazon in London since 1992-10-18,ORG,Amazon
Mary works at Amazon in London since 1992-10-18,GPE,London
The meeting with Sara from Microsoft is scheduled for 1979-10-05,PERSON,Sara
The meeting with Sara from Microsoft is scheduled for 1979-10-05,ORG,Microsoft
Alex attended a conference on 2011-04-02,PERSON,Alex
Alex attended a conference on 1981-04-21,PERSON,Alex
Mary attended a conference on 1992-01-17,PERSON,Mary
John attended a conference on 1973-09-23,PERSON,John
Mary works at Microsoft in London since 2019-11-28,PERSON,Mary
Mary works at Microsoft in London since 2019-11-28,ORG,Microsoft
Mary works at Microsoft in London since 2019-11-28,GPE,London
The meeting with Mary from Amazon is scheduled for 2009-06-16,PERSON,Mary
The meeting with Mary from Amazon is scheduled for 2009-06-16,ORG,Amazon
Mary attended a conference on 1991-04-10,PERSON,Mary
Sara works at Meta in Tokyo since 1971-10-06,PERSON,Sara
Sara works at Meta in Tokyo since 1971-10-06,ORG,Meta
Sara works at Meta in Tokyo since 1971-10-06,GPE,Tokyo
Amazon announced new projects starting 1978-08-02,ORG,Amazon
Sara works at Microsoft in Tokyo since 1998-04-02,PERSON,Sara
Sara works at Microsoft in Tokyo since 1998-04-02,ORG,Microsoft
Sara works at Microsoft in Tokyo since 1998-04-02,GPE,Tokyo
John works at Amazon in Tokyo since 2007-01-04,PERSON,John
John works at Amazon in Tokyo since 2007-01-04,ORG,Amazon
John works at Amazon in Tokyo since 2007-01-04,GPE,Tokyo
Sara attended a conference on 2001-04-05,PERSON,Sara
Paris will host the event in 1987-03-16,GPE,Paris
Google announced new projects starting 1986-08-02,ORG,Google
The meeting with Mary from Meta is scheduled for 1997-03-28,PERSON,Mary
The meeting with Mary from Meta is scheduled for 1997-03-28,ORG,Meta
Amazon announced new projects starting 2019-08-16,ORG,Amazon
The meeting with Alex from Amazon is scheduled for 2009-12-08,PERSON,Alex
The meeting with Alex from Amazon is scheduled for 2009-12-08,ORG,Amazon
Alex works at Meta in Tokyo since 1970-07-15,PERSON,Alex
Alex works at Meta in Tokyo since 1970-07-15,ORG,Meta
Alex works at Meta in Tokyo since 1970-07-15,GPE,Tokyo
The meeting with Alex from Amazon is scheduled for 1979-06-11,PERSON,Alex
The meeting with Alex from Amazon is scheduled for 1979-06-11,ORG,Amazon
Google announced new projects starting 2005-05-26,ORG,Google
Sara works at Amazon in London since 1995-01-11,PERSON,Sara
Sara works at Amazon in London since 1995-01-11,ORG,Amazon
Sara works at Amazon in London since 1995-01-11,GPE,London
Alex attended a conference on 2023-08-20,PERSON,Alex
Tokyo will host the event in 2002-07-09,GPE,Tokyo
Mary works at Amazon in New York since 1980-07-15,PERSON,Mary
Mary works at Amazon in New York since 1980-07-15,ORG,Amazon
Tokyo will host the event in 2001-01-08,GPE,Tokyo
Google announced new projects starting 1985-02-14,ORG,Google
Sara works at Amazon in New York since 1982-07-12,PERSON,Sara
Sara works at Amazon in New York since 1982-07-12,ORG,Amazon
Mary attended a conference on 2021-01-02,PERSON,Mary
Mary attended a conference on 2003-04-02,PERSON,Mary
Mary works at Amazon in Tokyo since 1993-06-19,PERSON,Mary
Mary works at Amazon in Tokyo since 1993-06-19,ORG,Amazon
Mary works at Amazon in Tokyo since 1993-06-19,GPE,Tokyo
Meta announced new projects starting 2004-03-02,ORG,Meta
Tokyo will host the event in 1977-01-13,GPE,Tokyo
The meeting with Sara from Meta is scheduled for 2006-03-23,PERSON,Sara
The meeting with Sara from Meta is scheduled for 2006-03-23,ORG,Meta
Mary works at Google in Tokyo since 2017-02-24,PERSON,Mary
Mary works at Google in Tokyo since 2017-02-24,ORG,Google
Mary works at Google in Tokyo since 2017-02-24,GPE,Tokyo
Amazon announced new projects starting 1991-05-20,ORG,Amazon
Meta announced new projects starting 2018-10-15,ORG,Meta
Alex works at Google in London since 1999-06-17,PERSON,Alex
Alex works at Google in London since 1999-06-17,ORG,Google
Alex works at Google in London since 1999-06-17,GPE,London
The meeting with Alex from Amazon is scheduled for 2016-11-22,PERSON,Alex
The meeting with Alex from Amazon is scheduled for 2016-11-22,ORG,Amazon
John attended a conference on 1983-02-03,PERSON,John
Amazon announced new projects starting 1970-02-09,ORG,Amazon
Mary works at Amazon in Paris since 2013-11-04,PERSON,Mary
Mary works at Amazon in Paris since 2013-11-04,ORG,Amazon
Mary works at Amazon in Paris since 2013-11-04,GPE,Paris
London will host the event in 2011-01-13,GPE,London
Google announced new projects starting 2021-05-19,ORG,Google
Sara attended a conference on 2017-05-15,PERSON,Sara
Alex attended a conference on 2017-06-16,PERSON,Alex
Mary works at Meta in Paris since 2009-08-02,PERSON,Mary
Mary works at Meta in Paris since 2009-08-02,ORG,Meta
Mary works at Meta in Paris since 2009-08-02,GPE,Paris
The meeting with Mary from Meta is scheduled for 1971-10-14,PERSON,Mary
The meeting with Mary from Meta is scheduled for 1971-10-14,ORG,Meta
The meeting with Sara from Google is scheduled for 2020-09-02,PERSON,Sara
The meeting with Sara from Google is scheduled for 2020-09-02,ORG,Google
Microsoft announced new projects starting 1985-06-03,ORG,Microsoft
Sara works at Microsoft in New York since 1972-06-06,PERSON,Sara
Sara works at Microsoft in New York since 1972-06-06,ORG,Microsoft
London will host the event in 2005-05-24,GPE,London
Mary attended a conference on 1977-05-03,PERSON,Mary
Tokyo will host the event in 2000-11-07,GPE,Tokyo
The meeting with Alex from Microsoft is scheduled for 2024-12-12,PERSON,Alex
The meeting with Alex from Microsoft is scheduled for 2024-12-12,ORG,Microsoft
The meeting with Alex from Amazon is scheduled for 2018-04-30,PERSON,Alex
The meeting with Alex from Amazon is scheduled for 2018-04-30,ORG,Amazon
Meta announced new projects starting 1985-05-24,ORG,Meta
The meeting with Mary from Google is scheduled for 1990-09-30,PERSON,Mary
The meeting with Mary from Google is scheduled for 1990-09-30,ORG,Google
The meeting with Sara from Google is scheduled for 1973-08-22,PERSON,Sara
The meeting with Sara from Google is scheduled for 1973-08-22,ORG,Google
Sara attended a conference on 1990-11-12,PERSON,Sara
The meeting with Sara from Microsoft is scheduled for 1996-09-08,PERSON,Sara
The meeting with Sara from Microsoft is scheduled for 1996-09-08,ORG,Microsoft
Amazon announced new projects starting 1982-10-06,ORG,Amazon
John works at Amazon in Paris since 1995-09-04,PERSON,John
John works at Amazon in Paris since 1995-09-04,ORG,Amazon
John works at Amazon in Paris since 1995-09-04,GPE,Paris
Mary works at Amazon in Paris since 1972-08-06,PERSON,Mary
Mary works at Amazon in Paris since 1972-08-06,ORG,Amazon
Mary works at Amazon in Paris since 1972-08-06,GPE,Paris
The meeting with Sara from Amazon is scheduled for 2003-04-02,PERSON,Sara
The meeting with Sara from Amazon is scheduled for 2003-04-02,ORG,Amazon
The meeting with Sara from Meta is scheduled for 2005-10-06,PERSON,Sara
The meeting with Sara from Meta is scheduled for 2005-10-06,ORG,Meta
Tokyo will host the event in 2018-07-12,GPE,Tokyo
Mary works at Google in New York since 2007-07-23,PERSON,Mary
Mary works at Google in New York since 2007-07-23,ORG,Google
Sara works at Amazon in New York since 1990-12-08,PERSON,Sara
Sara works at Amazon in New York since 1990-12-08,ORG,Amazon
Mary attended a conference on 2007-08-24,PERSON,Mary
Alex attended a conference on 2008-01-28,PERSON,Alex
Tokyo will host the event in 1992-08-09,GPE,Tokyo
Alex attended a conference on 1991-04-02,PERSON,Alex
Alex works at Google in New York since 1996-01-07,PERSON,Alex
Alex works at Google in New York since 1996-01-07,ORG,Google
John works at Google in Paris since 2011-05-29,PERSON,John
John works at Google in Paris since 2011-05-29,ORG,Google
John works at Google in Paris since 2011-05-29,GPE,Paris
The meeting with Mary from Microsoft is scheduled for 2009-07-16,PERSON,Mary
The meeting with Mary from Microsoft is scheduled for 2009-07-16,ORG,Microsoft
Alex works at Google in New York since 2024-03-16,PERSON,Alex
Alex works at Google in New York since 2024-03-16,ORG,Google
Alex attended a conference on 1972-04-16,PERSON,Alex
Tokyo will host the event in 1975-08-22,GPE,Tokyo
The meeting with Sara from Amazon is scheduled for 2020-05-14,PERSON,Sara
The meeting with Sara from Amazon is scheduled for 2020-05-14,ORG,Amazon
Mary attended a conference on 2004-09-27,PERSON,Mary
Alex works at Meta in London since 1982-09-19,PERSON,Alex
Alex works at Meta in London since 1982-09-19,ORG,Meta
Alex works at Meta in London since 1982-09-19,GPE,London
John attended a conference on 2008-10-31,PERSON,John
Mary attended a conference on 2023-08-15,PERSON,Mary
Amazon announced new projects starting 1997-04-11,ORG,Amazon
Google announced new projects starting 2022-03-07,ORG,Google
Alex attended a conference on 2018-04-10,PERSON,Alex
Tokyo will host the event in 1982-01-14,GPE,Tokyo
The meeting with John from Amazon is scheduled for 1978-02-27,PERSON,John
The meeting with John from Amazon is scheduled for 1978-02-27,ORG,Amazon
The meeting with Alex from Google is scheduled for 1985-01-24,PERSON,Alex
The meeting with Alex from Google is scheduled for 1985-01-24,ORG,Google
Microsoft announced new projects starting 1993-07-14,ORG,Microsoft
Microsoft announced new projects starting 1997-10-01,ORG,Microsoft
The meeting with Mary from Amazon is scheduled for 1985-09-22,PERSON,Mary
The meeting with Mary from Amazon is scheduled for 1985-09-22,ORG,Amazon
Sara works at Amazon in Paris since 2005-01-23,PERSON,Sara
Sara works at Amazon in Paris since 2005-01-23,ORG,Amazon
Sara works at Amazon in Paris since 2005-01-23,GPE,Paris
Amazon announced new projects starting 1997-01-04,ORG,Amazon
Alex attended a conference on 1982-08-22,PERSON,Alex
Meta announced new projects starting 1978-07-11,ORG,Meta
Tokyo will host the event in 2023-12-21,GPE,Tokyo
John attended a conference on 1980-09-01,PERSON,John
Meta announced new projects starting 1997-09-17,ORG,Meta
The meeting with Mary from Amazon is scheduled for 1989-08-21,PERSON,Mary
The meeting with Mary from Amazon is scheduled for 1989-08-21,ORG,Amazon
Tokyo will host the event in 2014-06-04,GPE,Tokyo
Alex works at Microsoft in London since 1972-03-01,PERSON,Alex
Alex works at Microsoft in London since 1972-03-01,ORG,Microsoft
Alex works at Microsoft in London since 1972-03-01,GPE,London
Amazon announced new projects starting 2008-04-15,ORG,Amazon
Tokyo will host the event in 2019-03-13,GPE,Tokyo
Paris will host the event in 1993-03-31,GPE,Paris
Tokyo will host the event in 2010-10-16,GPE,Tokyo
Paris will host the event in 2004-01-10,GPE,Paris
Amazon announced new projects starting 2007-04-14,ORG,Amazon
John works at Amazon in Paris since 1981-10-07,PERSON,John
John works at Amazon in Paris since 1981-10-07,ORG,Amazon
John works at Amazon in Paris since 1981-10-07,GPE,Paris
Sara attended a conference on 2002-12-06,PERSON,Sara
Sara attended a conference on 1976-03-01,PERSON,Sara
The meeting with Sara from Meta is scheduled for 1999-10-28,PERSON,Sara
The meeting with Sara from Meta is scheduled for 1999-10-28,ORG,Meta
The meeting with Alex from Meta is scheduled for 2022-03-08,PERSON,Alex
The meeting with Alex from Meta is scheduled for 2022-03-08,ORG,Meta
Google announced new projects starting 2020-05-03,ORG,Google
Mary attended a conference on 2000-02-05,PERSON,Mary
Sara attended a conference on 1970-02-01,PERSON,Sara
The meeting with Sara from Amazon is scheduled for 2015-07-03,PERSON,Sara
The meeting with Sara from Amazon is scheduled for 2015-07-03,ORG,Amazon
Alex attended a conference on 2006-08-02,PERSON,Alex
Paris will host the event in 2004-05-13,GPE,Paris
London will host the event in 2024-02-07,GPE,London
John attended a conference on 2022-12-21,PERSON,John
Tokyo will host the event in 2014-09-17,GPE,Tokyo
Mary works at Google in London since 1995-12-14,PERSON,Mary
Mary works at Google in London since 1995-12-14,ORG,Google
Mary works at Google in London since 1995-12-14,GPE,London
Mary works at Meta in New York since 1993-04-03,PERSON,Mary
Mary works at Meta in New York since 1993-04-03,ORG,Meta
Mary works at Meta in London since 1974-03-27,PERSON,Mary
Mary works at Meta in London since 1974-03-27,ORG,Meta
Mary works at Meta in London since 1974-03-27,GPE,London
Amazon announced new projects starting 2017-03-03,ORG,Amazon
Alex works at Google in New York since 1992-07-11,PERSON,Alex
Alex works at Google in New York since 1992-07-11,ORG,Google
Sara attended a conference on 2008-02-14,PERSON,Sara
Paris will host the event in 1994-12-26,GPE,Paris
Mary attended a conference on 2011-06-15,PERSON,Mary
London will host the event in 1978-07-29,GPE,London
Sara attended a conference on 2009-07-04,PERSON,Sara
The meeting with Alex from Google is scheduled for 1970-04-29,PERSON,Alex
The meeting with Alex from Google is scheduled for 1970-04-29,ORG,Google
Alex attended a conference on 2005-03-27,PERSON,Alex
Alex works at Meta in Paris since 2016-10-02,PERSON,Alex
Alex works at Meta in Paris since 2016-10-02,ORG,Meta
Alex works at Meta in Paris since 2016-10-02,GPE,Paris
The meeting with Sara from Microsoft is scheduled for 1973-04-04,PERSON,Sara
The meeting with Sara from Microsoft is scheduled for 1973-04-04,ORG,Microsoft
Google announced new projects starting 2005-09-29,ORG,Google
Google announced new projects starting 2021-02-12,ORG,Google
John attended a conference on 2016-12-10,PERSON,John
John attended a conference on 1998-06-08,PERSON,John
Amazon announced new projects starting 1980-07-20,ORG,Amazon
Google announced new projects starting 2023-02-20,ORG,Google
Alex works at Microsoft in New York since 1987-06-15,PERSON,Alex
Alex works at Microsoft in New York since 1987-06-15,ORG,Microsoft
The meeting with John from Microsoft is scheduled for 2024-02-06,PERSON,John
The meeting with John from Microsoft is scheduled for 2024-02-06,ORG,Microsoft
Mary attended a conference on 1998-09-28,PERSON,Mary
Sara works at Meta in London since 2003-07-27,PERSON,Sara
Sara works at Meta in London since 2003-07-27,ORG,Meta
Sara works at Meta in London since 2003-07-27,GPE,London
Meta announced new projects starting 1998-04-12,ORG,Meta
Tokyo will host the event in 1976-05-20,GPE,Tokyo
Alex works at Google in Tokyo since 2002-02-18,PERSON,Alex
Alex works at Google in Tokyo since 2002-02-18,ORG,Google
Alex works at Google in Tokyo since 2002-02-18,GPE,Tokyo
Meta announced new projects starting 2022-11-20,ORG,Meta
John works at Google in New York since 1981-10-27,PERSON,John
John works at Google in New York since 1981-10-27,ORG,Google
London will host the event in 2004-06-07,GPE,London
Paris will host the event in 2003-05-31,GPE,Paris
The meeting with Alex from Amazon is scheduled for 2019-02-22,PERSON,Alex
The meeting with Alex from Amazon is scheduled for 2019-02-22,ORG,Amazon
Alex works at Meta in London since 2004-07-25,PERSON,Alex
Alex works at Meta in London since 2004-07-25,ORG,Meta
Alex works at Meta in London since 2004-07-25,GPE,London
Alex works at Google in Tokyo since 2017-06-07,PERSON,Alex
Alex works at Google in Tokyo since 2017-06-07,ORG,Google
Alex works at Google in Tokyo since 2017-06-07,GPE,Tokyo
Microsoft announced new projects starting 2007-11-22,ORG,Microsoft
John works at Microsoft in Tokyo since 1984-08-23,PERSON,John
John works at Microsoft in Tokyo since 1984-08-23,ORG,Microsoft
John works at Microsoft in Tokyo since 1984-08-23,GPE,Tokyo
Sara works at Amazon in London since 2010-12-10,PERSON,Sara
Sara works at Amazon in London since 2010-12-10,ORG,Amazon
Sara works at Amazon in London since 2010-12-10,GPE,London
London will host the event in 1977-02-22,GPE,London
Meta announced new projects starting 1992-06-28,ORG,Meta
John attended a conference on 2023-05-26,PERSON,John
The meeting with Alex from Google is scheduled for 1985-07-21,PERSON,Alex
The meeting with Alex from Google is scheduled for 1985-07-21,ORG,Google
Sara attended a conference on 2013-09-17,PERSON,Sara
Alex works at Meta in New York since 1976-01-28,PERSON,Alex
Alex works at Meta in New York since 1976-01-28,ORG,Meta
The meeting with John from Amazon is scheduled for 2018-05-16,PERSON,John
The meeting with John from Amazon is scheduled for 2018-05-16,ORG,Amazon
Mary works at Meta in Paris since 2002-08-01,PERSON,Mary
Mary works at Meta in Paris since 2002-08-01,ORG,Meta
Mary works at Meta in Paris since 2002-08-01,GPE,Paris
The meeting with Mary from Amazon is scheduled for 2004-07-18,PERSON,Mary
The meeting with Mary from Amazon is scheduled for 2004-07-18,ORG,Amazon
Sara attended a conference on 1982-10-05,PERSON,Sara
Tokyo will host the event in 1992-11-23,GPE,Tokyo
The meeting with John from Microsoft is scheduled for 1990-05-15,PERSON,John
The meeting with John from Microsoft is scheduled for 1990-05-15,ORG,Microsoft
Sara works at Meta in London since 2013-05-02,PERSON,Sara
Sara works at Meta in London since 2013-05-02,ORG,Meta
Sara works at Meta in London since 2013-05-02,GPE,London
Paris will host the event in 1988-09-24,GPE,Paris
Sara works at Microsoft in London since 1991-07-31,PERSON,Sara
Sara works at Microsoft in London since 1991-07-31,ORG,Microsoft
Sara works at Microsoft in London since 1991-07-31,GPE,London
Sara attended a conference on 1983-04-24,PERSON,Sara
Amazon announced new projects starting 1973-08-05,ORG,Amazon
Microsoft announced new projects starting 2008-12-13,ORG,Microsoft
Microsoft announced new projects starting 2007-02-25,ORG,Microsoft
Mary works at Amazon in New York since 2015-02-13,PERSON,Mary
Mary works at Amazon in New York since 2015-02-13,ORG,Amazon
Alex works at Meta in New York since 2017-08-10,PERSON,Alex
Alex works at Meta in New York since 2017-08-10,ORG,Meta
Meta announced new projects starting 2010-06-04,ORG,Meta
Microsoft announced new projects starting 1989-07-10,ORG,Microsoft
Mary attended a conference on 2022-10-07,PERSON,Mary
Google announced new projects starting 1990-03-27,ORG,Google
The meeting with Mary from Amazon is scheduled for 2017-03-10,PERSON,Mary
The meeting with Mary from Amazon is scheduled for 2017-03-10,ORG,Amazon
London will host the event in 2004-11-04,GPE,London
The meeting with John from Meta is scheduled for 1987-10-29,PERSON,John
The meeting with John from Meta is scheduled for 1987-10-29,ORG,Meta
Tokyo will host the event in 2004-11-07,GPE,Tokyo
The meeting with Alex from Google is scheduled for 1989-09-02,PERSON,Alex
The meeting with Alex from Google is scheduled for 1989-09-02,ORG,Google
London will host the event in 1983-12-17,GPE,London
The meeting with Mary from Google is scheduled for 1986-07-30,PERSON,Mary
The meeting with Mary from Google is scheduled for 1986-07-30,ORG,Google
Sara works at Google in Tokyo since 1982-01-27,PERSON,Sara
Sara works at Google in Tokyo since 1982-01-27,ORG,Google
Sara works at Google in Tokyo since 1982-01-27,GPE,Tokyo
Paris will host the event in 1994-10-04,GPE,Paris
Sara works at Meta in New York since 1997-11-17,PERSON,Sara
Sara works at Meta in New York since 1997-11-17,ORG,Meta
The meeting with John from Meta is scheduled for 2015-07-05,PERSON,John
The meeting with John from Meta is scheduled for 2015-07-05,ORG,Meta
Alex attended a conference on 2001-06-28,PERSON,Alex
Paris will host the event in 1981-11-30,GPE,Paris
Google announced new projects starting 1971-08-14,ORG,Google
The meeting with Mary from Google is scheduled for 2006-04-08,PERSON,Mary
The meeting with Mary from Google is scheduled for 2006-04-08,ORG,Google
The meeting with John from Meta is scheduled for 1986-06-16,PERSON,John
The meeting with John from Meta is scheduled for 1986-06-16,ORG,Meta
Mary attended a conference on 2024-10-28,PERSON,Mary
Google announced new projects starting 1998-09-06,ORG,Google
Meta announced new projects starting 1988-02-01,ORG,Meta
John attended a conference on 2004-06-03,PERSON,John
The meeting with Mary from Microsoft is scheduled for 1994-05-13,PERSON,Mary
The meeting with Mary from Microsoft is scheduled for 1994-05-13,ORG,Microsoft
Microsoft announced new projects starting 2020-04-30,ORG,Microsoft
Sara attended a conference on 2008-12-27,PERSON,Sara
Tokyo will host the event in 1996-01-16,GPE,Tokyo
Mary works at Meta in Tokyo since 1976-05-11,PERSON,Mary
Mary works at Meta in Tokyo since 1976-05-11,ORG,Meta
Mary works at Meta in Tokyo since 1976-05-11,GPE,Tokyo
London will host the event in 1996-08-09,GPE,London
Mary works at Meta in Paris since 1987-10-12,PERSON,Mary
Mary works at Meta in Paris since 1987-10-12,ORG,Meta
Mary works at Meta in Paris since 1987-10-12,GPE,Paris
The meeting with Mary from Microsoft is scheduled for 2012-04-15,PERSON,Mary
The meeting with Mary from Microsoft is scheduled for 2012-04-15,ORG,Microsoft
Sara works at Meta in Tokyo since 1995-08-01,PERSON,Sara
Sara works at Meta in Tokyo since 1995-08-01,ORG,Meta
Sara works at Meta in Tokyo since 1995-08-01,GPE,Tokyo
Paris will host the event in 2022-12-16,GPE,Paris
Microsoft announced new projects starting 1972-09-25,ORG,Microsoft
John works at Microsoft in New York since 2003-10-07,PERSON,John
John works at Microsoft in New York since 2003-10-07,ORG,Microsoft
Microsoft announced new projects starting 1975-03-01,ORG,Microsoft
Tokyo will host the event in 1995-03-19,GPE,Tokyo
John works at Google in New York since 1993-09-21,PERSON,John
John works at Google in New York since 1993-09-21,ORG,Google
The meeting with Alex from Amazon is scheduled for 2017-11-27,PERSON,Alex
The meeting with Alex from Amazon is scheduled for 2017-11-27,ORG,Amazon
Tokyo will host the event in 2010-04-13,GPE,Tokyo
Mary works at Microsoft in Paris since 2001-02-17,PERSON,Mary
Mary works at Microsoft in Paris since 2001-02-17,ORG,Microsoft
Mary works at Microsoft in Paris since 2001-02-17,GPE,Paris
Paris will host the event in 1978-12-24,GPE,Paris
Microsoft announced new projects starting 2004-11-01,ORG,Microsoft
Alex attended a conference on 2022-12-22,PERSON,Alex
The meeting with Alex from Google is scheduled for 2001-08-23,PERSON,Alex
The meeting with Alex from Google is scheduled for 2001-08-23,ORG,Google
Alex works at Meta in Paris since 1976-02-25,PERSON,Alex
Alex works at Meta in Paris since 1976-02-25,ORG,Meta
Alex works at Meta in Paris since 1976-02-25,GPE,Paris
John works at Amazon in Paris since 1978-04-29,PERSON,John
John works at Amazon in Paris since 1978-04-29,ORG,Amazon
John works at Amazon in Paris since 1978-04-29,GPE,Paris
Meta announced new projects starting 2010-12-22,ORG,Meta
The meeting with Alex from Meta is scheduled for 1985-04-25,PERSON,Alex
The meeting with Alex from Meta is scheduled for 1985-04-25,ORG,Meta
The meeting with Alex from Google is scheduled for 1972-03-19,PERSON,Alex
The meeting with Alex from Google is scheduled for 1972-03-19,ORG,Google
Meta announced new projects starting 2006-12-02,ORG,Meta
Sara works at Google in Paris since 1985-03-11,PERSON,Sara
Sara works at Google in Paris since 1985-03-11,ORG,Google
Sara works at Google in Paris since 1985-03-11,GPE,Paris
Alex attended a conference on 1979-02-16,PERSON,Alex
Sara attended a conference on 2001-09-16,PERSON,Sara
London will host the event in 2007-03-09,GPE,London
Sara works at Meta in Paris since 1995-06-17,PERSON,Sara
Sara works at Meta in Paris since 1995-06-17,ORG,Meta
Sara works at Meta in Paris since 1995-06-17,GPE,Paris
John works at Amazon in Paris since 2024-08-08,PERSON,John
John works at Amazon in Paris since 2024-08-08,ORG,Amazon
John works at Amazon in Paris since 2024-08-08,GPE,Paris
London will host the event in 1986-12-29,GPE,London
Tokyo will host the event in 2004-06-20,GPE,Tokyo
Paris will host the event in 1991-11-08,GPE,Paris
The meeting with John from Amazon is scheduled for 1978-06-07,PERSON,John
The meeting with John from Amazon is scheduled for 1978-06-07,ORG,Amazon
John attended a conference on 1988-01-31,PERSON,John
The meeting with Sara from Google is scheduled for 2013-11-03,PERSON,Sara
The meeting with Sara from Google is scheduled for 2013-11-03,ORG,Google
Tokyo will host the event in 2023-09-15,GPE,Tokyo
London will host the event in 1978-11-15,GPE,London
Sara attended a conference on 1979-04-09,PERSON,Sara
Alex works at Meta in London since 1989-07-05,PERSON,Alex
Alex works at Meta in London since 1989-07-05,ORG,Meta
Alex works at Meta in London since 1989-07-05,GPE,London
Meta announced new projects starting 2009-05-25,ORG,Meta
Mary attended a conference on 1991-01-12,PERSON,Mary
Mary attended a conference on 1975-01-15,PERSON,Mary
Meta announced new projects starting 1991-08-15,ORG,Meta
Mary attended a conference on 2008-01-21,PERSON,Mary
Sara attended a conference on 2024-02-29,PERSON,Sara
Mary works at Google in London since 1973-06-07,PERSON,Mary
Mary works at Google in London since 1973-06-07,ORG,Google
Mary works at Google in London since 1973-06-07,GPE,London
Microsoft announced new projects starting 2023-12-23,ORG,Microsoft
Meta announced new projects starting 1999-09-09,ORG,Meta
The meeting with Alex from Amazon is scheduled for 1991-02-20,PERSON,Alex
The meeting with Alex from Amazon is scheduled for 1991-02-20,ORG,Amazon
Meta announced new projects starting 1973-09-08,ORG,Meta
London will host the event in 2009-12-04,GPE,London
Paris will host the event in 1989-05-17,GPE,Paris
Mary attended a conference on 1975-01-20,PERSON,Mary
The meeting with Mary from Google is scheduled for 1974-03-17,PERSON,Mary
The meeting with Mary from Google is scheduled for 1974-03-17,ORG,Google
Paris will host the event in 2009-11-28,GPE,Paris
The meeting with Mary from Amazon is scheduled for 2007-03-02,PERSON,Mary
The meeting with Mary from Amazon is scheduled for 2007-03-02,ORG,Amazon
Mary attended a conference on 2023-04-02,PERSON,Mary
Mary attended a conference on 2004-04-25,PERSON,Mary
Amazon announced new projects starting 2016-11-26,ORG,Amazon
Sara works at Microsoft in Tokyo since 2022-03-16,PERSON,Sara
Sara works at Microsoft in Tokyo since 2022-03-16,ORG,Microsoft
Sara works at Microsoft in Tokyo since 2022-03-16,GPE,Tokyo
Paris will host the event in 2016-04-07,GPE,Paris
Paris will host the event in 2020-01-12,GPE,Paris
John works at Google in London since 1990-08-18,PERSON,John
John works at Google in London since 1990-08-18,ORG,Google
John works at Google in London since 1990-08-18,GPE,London
John attended a conference on 1987-06-04,PERSON,John
Alex attended a conference on 1972-08-20,PERSON,Alex
Sara attended a conference on 2006-10-20,PERSON,Sara
The meeting with Mary from Meta is scheduled for 1982-08-01,PERSON,Mary
The meeting with Mary from Meta is scheduled for 1982-08-01,ORG,Meta
Mary works at Meta in Paris since 1988-09-17,PERSON,Mary
Mary works at Meta in Paris since 1988-09-17,ORG,Meta
Mary works at Meta in Paris since 1988-09-17,GPE,Paris
Microsoft announced new projects starting 1983-07-25,ORG,Microsoft
Microsoft announced new projects starting 1997-03-30,ORG,Microsoft
Google announced new projects starting 2008-03-10,ORG,Google
Mary works at Microsoft in New York since 1988-09-01,PERSON,Mary
Mary works at Microsoft in New York since 1988-09-01,ORG,Microsoft
Mary attended a conference on 1980-06-23,PERSON,Mary
Mary works at Meta in Paris since 1977-04-19,PERSON,Mary
Mary works at Meta in Paris since 1977-04-19,ORG,Meta
Mary works at Meta in Paris since 1977-04-19,GPE,Paris
John attended a conference on 2020-07-24,PERSON,John
John works at Microsoft in Tokyo since 1970-03-18,PERSON,John
John works at Microsoft in Tokyo since 1970-03-18,ORG,Microsoft
John works at Microsoft in Tokyo since 1970-03-18,GPE,Tokyo
The meeting with Alex from Amazon is scheduled for 1978-05-15,PERSON,Alex
The meeting with Alex from Amazon is scheduled for 1978-05-15,ORG,Amazon
Meta announced new projects starting 1988-06-06,ORG,Meta
Meta announced new projects starting 2016-08-29,ORG,Meta
The meeting with John from Microsoft is scheduled for 1985-08-31,PERSON,John
The meeting with John from Microsoft is scheduled for 1985-08-31,ORG,Microsoft
Microsoft announced new projects starting 2007-04-30,ORG,Microsoft
The meeting with Alex from Microsoft is scheduled for 1980-11-14,PERSON,Alex
The meeting with Alex from Microsoft is scheduled for 1980-11-14,ORG,Microsoft
Sara works at Amazon in London since 2006-04-12,PERSON,Sara
Sara works at Amazon in London since 2006-04-12,ORG,Amazon
Sara works at Amazon in London since 2006-04-12,GPE,London
Paris will host the event in 1977-05-18,GPE,Paris
Paris will host the event in 1973-10-16,GPE,Paris
The meeting with Mary from Google is scheduled for 2013-04-03,PERSON,Mary
The meeting with Mary from Google is scheduled for 2013-04-03,ORG,Google
Sara works at Google in New York since 2004-11-26,PERSON,Sara
Sara works at Google in New York since 2004-11-26,ORG,Google
The meeting with Sara from Amazon is scheduled for 1993-11-09,PERSON,Sara
The meeting with Sara from Amazon is scheduled for 1993-11-09,ORG,Amazon
Alex attended a conference on 1975-08-12,PERSON,Alex
The meeting with Alex from Meta is scheduled for 1982-09-26,PERSON,Alex
The meeting with Alex from Meta is scheduled for 1982-09-26,ORG,Meta
Sara attended a conference on 2014-06-03,PERSON,Sara
Google announced new projects starting 1984-08-15,ORG,Google
John works at Meta in Tokyo since 2023-04-14,PERSON,John
John works at Meta in Tokyo since 2023-04-14,ORG,Meta
John works at Meta in Tokyo since 2023-04-14,GPE,Tokyo
The meeting with Alex from Google is scheduled for 2014-12-03,PERSON,Alex
The meeting with Alex from Google is scheduled for 2014-12-03,ORG,Google
John works at Amazon in London since 1981-01-18,PERSON,John
John works at Amazon in London since 1981-01-18,ORG,Amazon
John works at Amazon in London since 1981-01-18,GPE,London
John attended a conference on 1988-01-11,PERSON,John
John attended a conference on 2002-11-01,PERSON,John
The meeting with Mary from Amazon is scheduled for 1995-05-28,PERSON,Mary
The meeting with Mary from Amazon is scheduled for 1995-05-28,ORG,Amazon
Mary attended a conference on 1979-12-07,PERSON,Mary
Paris will host the event in 2002-05-04,GPE,Paris
Mary attended a conference on 1994-10-03,PERSON,Mary
Sara attended a conference on 1991-05-09,PERSON,Sara
Sara works at Microsoft in Paris since 1996-01-30,PERSON,Sara
Sara works at Microsoft in Paris since 1996-01-30,ORG,Microsoft
Sara works at Microsoft in Paris since 1996-01-30,GPE,Paris
John attended a conference on 1971-06-21,PERSON,John
Amazon announced new projects starting 2000-06-05,ORG,Amazon
Sara works at Microsoft in Tokyo since 1978-04-20,PERSON,Sara
Sara works at Microsoft in Tokyo since 1978-04-20,ORG,Microsoft
Sara works at Microsoft in Tokyo since 1978-04-20,GPE,Tokyo
Alex works at Microsoft in London since 2001-08-13,PERSON,Alex
Alex works at Microsoft in London since 2001-08-13,ORG,Microsoft
Alex works at Microsoft in London since 2001-08-13,GPE,London
Alex attended a conference on 2010-05-08,PERSON,Alex
Sara attended a conference on 2008-03-24,PERSON,Sara
Alex works at Google in Tokyo since 2016-02-27,PERSON,Alex
Alex works at Google in Tokyo since 2016-02-27,ORG,Google
Alex works at Google in Tokyo since 2016-02-27,GPE,Tokyo
London will host the event in 2019-12-10,GPE,London
The meeting with Sara from Google is scheduled for 2023-06-22,PERSON,Sara
The meeting with Sara from Google is scheduled for 2023-06-22,ORG,Google
Google announced new projects starting 1993-07-08,ORG,Google
Amazon announced new projects starting 2017-07-15,ORG,Amazon
Tokyo will host the event in 1990-07-28,GPE,Tokyo
London will host the event in 2011-07-15,GPE,London
Google announced new projects starting 1998-09-23,ORG,Google
Mary attended a conference on 2013-05-09,PERSON,Mary
Google announced new projects starting 2016-03-12,ORG,Google
Amazon announced new projects starting 2020-03-31,ORG,Amazon
Alex works at Meta in Tokyo since 2014-12-20,PERSON,Alex
Alex works at Meta in Tokyo since 2014-12-20,ORG,Meta
Alex works at Meta in Tokyo since 2014-12-20,GPE,Tokyo
The meeting with Sara from Amazon is scheduled for 1978-10-30,PERSON,Sara
The meeting with Sara from Amazon is scheduled for 1978-10-30,ORG,Amazon
Sara works at Google in Paris since 1990-10-05,PERSON,Sara
Sara works at Google in Paris since 1990-10-05,ORG,Google
Sara works at Google in Paris since 1990-10-05,GPE,Paris
Mary attended a conference on 2013-03-20,PERSON,Mary
John works at Google in London since 1973-05-13,PERSON,John
John works at Google in London since 1973-05-13,ORG,Google
John works at Google in London since 1973-05-13,GPE,London
The meeting with Sara from Meta is scheduled for 2005-12-29,PERSON,Sara
The meeting with Sara from Meta is scheduled for 2005-12-29,ORG,Meta
Amazon announced new projects starting 1983-10-27,ORG,Amazon
Mary works at Google in New York since 1983-01-22,PERSON,Mary
Mary works at Google in New York since 1983-01-22,ORG,Google
Google announced new projects starting 1976-03-07,ORG,Google
Mary attended a conference on 2019-06-22,PERSON,Mary
Tokyo will host the event in 1998-10-12,GPE,Tokyo
John works at Amazon in Paris since 1997-01-10,PERSON,John
John works at Amazon in Paris since 1997-01-10,ORG,Amazon
John works at Amazon in Paris since 1997-01-10,GPE,Paris
Paris will host the event in 2007-09-03,GPE,Paris
Amazon announced new projects starting 2003-02-14,ORG,Amazon
Meta announced new projects starting 1991-05-11,ORG,Meta
Alex works at Microsoft in London since 2006-11-11,PERSON,Alex
Alex works at Microsoft in London since 2006-11-11,ORG,Microsoft
Alex works at Microsoft in London since 2006-11-11,GPE,London
Microsoft announced new projects starting 2007-07-09,ORG,Microsoft
John works at Amazon in London since 1999-04-05,PERSON,John
John works at Amazon in London since 1999-04-05,ORG,Amazon
John works at Amazon in London since 1999-04-05,GPE,London
Microsoft announced new projects starting 1979-12-09,ORG,Microsoft
John works at Microsoft in London since 2003-01-29,PERSON,John
John works at Microsoft in London since 2003-01-29,ORG,Microsoft
John works at Microsoft in London since 2003-01-29,GPE,London
Mary attended a conference on 1984-10-10,PERSON,Mary
Microsoft announced new projects starting 2010-06-15,ORG,Microsoft
John works at Microsoft in London since 1999-06-04,PERSON,John
John works at Microsoft in London since 1999-06-04,ORG,Microsoft
John works at Microsoft in London since 1999-06-04,GPE,London
The meeting with John from Microsoft is scheduled for 2013-09-29,PERSON,John
The meeting with John from Microsoft is scheduled for 2013-09-29,ORG,Microsoft
The meeting with Alex from Microsoft is scheduled for 1997-05-13,PERSON,Alex
The meeting with Alex from Microsoft is scheduled for 1997-05-13,ORG,Microsoft
London will host the event in 1980-06-27,GPE,London
Sara attended a conference on 2017-02-08,PERSON,Sara
Microsoft announced new projects starting 1994-10-05,ORG,Microsoft
Mary works at Google in Tokyo since 2017-01-17,PERSON,Mary
Mary works at Google in Tokyo since 2017-01-17,ORG,Google
Mary works at Google in Tokyo since 2017-01-17,GPE,Tokyo
The meeting with Sara from Meta is scheduled for 1972-11-14,PERSON,Sara
The meeting with Sara from Meta is scheduled for 1972-11-14,ORG,Meta
Paris will host the event in 2007-12-30,GPE,Paris
Google announced new projects starting 1981-01-06,ORG,Google
Paris will host the event in 1976-08-19,GPE,Paris
Sara attended a conference on 2007-09-11,PERSON,Sara
Alex attended a conference on 1989-05-26,PERSON,Alex
London will host the event in 2024-10-20,GPE,London
Paris will host the event in 1983-09-19,GPE,Paris
Tokyo will host the event in 2023-04-17,GPE,Tokyo
Amazon announced new projects starting 1996-03-19,ORG,Amazon
Sara works at Google in Paris since 2012-04-15,PERSON,Sara
Sara works at Google in Paris since 2012-04-15,ORG,Google
Sara works at Google in Paris since 2012-04-15,GPE,Paris
The meeting with John from Google is scheduled for 2002-11-09,PERSON,John
The meeting with John from Google is scheduled for 2002-11-09,ORG,Google
Microsoft announced new projects starting 1994-02-22,ORG,Microsoft
London will host the event in 2009-07-22,GPE,London
Paris will host the event in 2004-08-03,GPE,Paris
Alex works at Google in New York since 1982-08-02,PERSON,Alex
Alex works at Google in New York since 1982-08-02,ORG,Google
Tokyo will host the event in 2000-12-29,GPE,Tokyo
Google announced new projects starting 2000-07-03,ORG,Google
Alex attended a conference on 2011-07-02,PERSON,Alex
Meta announced new projects starting 1971-07-01,ORG,Meta
The meeting with John from Microsoft is scheduled for 1977-03-27,PERSON,John
The meeting with John from Microsoft is scheduled for 1977-03-27,ORG,Microsoft
Mary attended a conference on 2019-04-17,PERSON,Mary
The meeting with Alex from Microsoft is scheduled for 1983-08-19,PERSON,Alex
The meeting with Alex from Microsoft is scheduled for 1983-08-19,ORG,Microsoft
The meeting with Mary from Amazon is scheduled for 2008-01-15,PERSON,Mary
The meeting with Mary from Amazon is scheduled for 2008-01-15,ORG,Amazon
Sara attended a conference on 2011-03-09,PERSON,Sara
John attended a conference on 1980-05-04,PERSON,John
Alex attended a conference on 2004-11-08,PERSON,Alex
Sara attended a conference on 1999-01-31,PERSON,Sara
Meta announced new projects starting 2018-10-13,ORG,Meta
Sara attended a conference on 1972-04-14,PERSON,Sara
Microsoft announced new projects starting 1990-02-04,ORG,Microsoft
Alex attended a conference on 2013-12-19,PERSON,Alex
Meta announced new projects starting 1986-08-02,ORG,Meta
Amazon announced new projects starting 1976-03-15,ORG,Amazon
The meeting with Sara from Meta is scheduled for 1973-10-31,PERSON,Sara
The meeting with Sara from Meta is scheduled for 1973-10-31,ORG,Meta
Meta announced new projects starting 2020-12-09,ORG,Meta
Amazon announced new projects starting 2007-03-18,ORG,Amazon
The meeting with Sara from Microsoft is scheduled for 2009-06-21,PERSON,Sara
The meeting with Sara from Microsoft is scheduled for 2009-06-21,ORG,Microsoft
Sara works at Meta in London since 2008-03-12,PERSON,Sara
Sara works at Meta in London since 2008-03-12,ORG,Meta
Sara works at Meta in London since 2008-03-12,GPE,London
John works at Google in Tokyo since 2005-12-27,PERSON,John
John works at Google in Tokyo since 2005-12-27,ORG,Google
John works at Google in Tokyo since 2005-12-27,GPE,Tokyo
London will host the event in 2022-10-10,GPE,London
Mary works at Microsoft in Paris since 1986-12-13,PERSON,Mary
Mary works at Microsoft in Paris since 1986-12-13,ORG,Microsoft
Mary works at Microsoft in Paris since 1986-12-13,GPE,Paris
Sara attended a conference on 1974-01-10,PERSON,Sara
Alex attended a conference on 1978-02-18,PERSON,Alex
The meeting with Sara from Amazon is scheduled for 2005-09-06,PERSON,Sara
The meeting with Sara from Amazon is scheduled for 2005-09-06,ORG,Amazon
John attended a conference on 2017-04-14,PERSON,John
Alex attended a conference on 2004-04-09,PERSON,Alex
Alex works at Amazon in New York since 2020-07-23,PERSON,Alex
Alex works at Amazon in New York since 2020-07-23,ORG,Amazon
Sara works at Amazon in Tokyo since 2011-11-07,PERSON,Sara
Sara works at Amazon in Tokyo since 2011-11-07,ORG,Amazon
Sara works at Amazon in Tokyo since 2011-11-07,GPE,Tokyo
The meeting with John from Meta is scheduled for 2017-02-14,PERSON,John
The meeting with John from Meta is scheduled for 2017-02-14,ORG,Meta
Mary works at Amazon in Paris since 1975-12-13,PERSON,Mary
Mary works at Amazon in Paris since 1975-12-13,ORG,Amazon
Mary works at Amazon in Paris since 1975-12-13,GPE,Paris
Alex attended a conference on 1983-07-06,PERSON,Alex
The meeting with Alex from Google is scheduled for 2013-02-19,PERSON,Alex
The meeting with Alex from Google is scheduled for 2013-02-19,ORG,Google
John attended a conference on 2011-12-03,PERSON,John
Meta announced new projects starting 2010-11-11,ORG,Meta
Amazon announced new projects starting 1987-02-22,ORG,Amazon
Mary works at Meta in London since 2006-08-20,PERSON,Mary
Mary works at Meta in London since 2006-08-20,ORG,Meta
Mary works at Meta in London since 2006-08-20,GPE,London
Sara works at Google in Tokyo since 1975-12-11,PERSON,Sara
Sara works at Google in Tokyo since 1975-12-11,ORG,Google
Sara works at Google in Tokyo since 1975-12-11,GPE,Tokyo
John attended a conference on 1997-12-21,PERSON,John
Tokyo will host the event in 2014-02-19,GPE,Tokyo
Tokyo will host the event in 2018-01-29,GPE,Tokyo
The meeting with Mary from Amazon is scheduled for 2010-11-22,PERSON,Mary
The meeting with Mary from Amazon is scheduled for 2010-11-22,ORG,Amazon
Paris will host the event in 2002-02-19,GPE,Paris
John works at Microsoft in Tokyo since 1981-09-16,PERSON,John
John works at Microsoft in Tokyo since 1981-09-16,ORG,Microsoft
John works at Microsoft in Tokyo since 1981-09-16,GPE,Tokyo
Meta announced new projects starting 1988-09-09,ORG,Meta
Microsoft announced new projects starting 2020-07-24,ORG,Microsoft
Mary works at Google in Tokyo since 2018-11-15,PERSON,Mary
Mary works at Google in Tokyo since 2018-11-15,ORG,Google
Mary works at Google in Tokyo since 2018-11-15,GPE,Tokyo
Mary attended a conference on 1979-09-23,PERSON,Mary
John works at Microsoft in Paris since 1986-04-01,PERSON,John
John works at Microsoft in Paris since 1986-04-01,ORG,Microsoft
John works at Microsoft in Paris since 1986-04-01,GPE,Paris
Alex works at Google in London since 2024-01-21,PERSON,Alex
Alex works at Google in London since 2024-01-21,ORG,Google
Alex works at Google in London since 2024-01-21,GPE,London
Paris will host the event in 2000-12-29,GPE,Paris
The meeting with John from Microsoft is scheduled for 1992-03-04,PERSON,John
The meeting with John from Microsoft is scheduled for 1992-03-04,ORG,Microsoft
Tokyo will host the event in 2019-02-25,GPE,Tokyo
Alex works at Microsoft in New York since 1991-05-09,PERSON,Alex
Alex works at Microsoft in New York since 1991-05-09,ORG,Microsoft
Alex works at Amazon in Paris since 2013-11-18,PERSON,Alex
Alex works at Amazon in Paris since 2013-11-18,ORG,Amazon
Alex works at Amazon in Paris since 2013-11-18,GPE,Paris
The meeting with Alex from Amazon is scheduled for 1974-02-18,PERSON,Alex
The meeting with Alex from Amazon is scheduled for 1974-02-18,ORG,Amazon
The meeting with John from Amazon is scheduled for 2016-05-13,PERSON,John
The meeting with John from Amazon is scheduled for 2016-05-13,ORG,Amazon
Alex attended a conference on 2009-03-28,PERSON,Alex
Alex works at Microsoft in London since 2018-04-17,PERSON,Alex
Alex works at Microsoft in London since 2018-04-17,ORG,Microsoft
Alex works at Microsoft in London since 2018-04-17,GPE,London
Sara attended a conference on 1974-05-24,PERSON,Sara
Meta announced new projects starting 1973-12-04,ORG,Meta
Tokyo will host the event in 2006-11-07,GPE,Tokyo
Meta announced new projects starting 2003-03-26,ORG,Meta
London will host the event in 2004-05-27,GPE,London
Meta announced new projects starting 2014-06-27,ORG,Meta
Meta announced new projects starting 2006-03-21,ORG,Meta
John attended a conference on 2024-05-30,PERSON,John
Paris will host the event in 1971-04-01,GPE,Paris
Tokyo will host the event in 1991-10-10,GPE,Tokyo
The meeting with Mary from Microsoft is scheduled for 2019-04-08,PERSON,Mary
The meeting with Mary from Microsoft is scheduled for 2019-04-08,ORG,Microsoft
Alex works at Meta in Tokyo since 2022-11-27,PERSON,Alex
Alex works at Meta in Tokyo since 2022-11-27,ORG,Meta
Alex works at Meta in Tokyo since 2022-11-27,GPE,Tokyo
The meeting with Alex from Microsoft is scheduled for 1976-06-14,PERSON,Alex
The meeting with Alex from Microsoft is scheduled for 1976-06-14,ORG,Microsoft
Alex attended a conference on 2019-12-17,PERSON,Alex
Alex works at Meta in Paris since 1973-04-27,PERSON,Alex
Alex works at Meta in Paris since 1973-04-27,ORG,Meta
Alex works at Meta in Paris since 1973-04-27,GPE,Paris
Microsoft announced new projects starting 1981-07-23,ORG,Microsoft
Alex attended a conference on 2000-02-20,PERSON,Alex
John works at Amazon in London since 2016-12-04,PERSON,John
John works at Amazon in London since 2016-12-04,ORG,Amazon
John works at Amazon in London since 2016-12-04,GPE,London
The meeting with John from Amazon is scheduled for 1996-12-31,PERSON,John
The meeting with John from Amazon is scheduled for 1996-12-31,ORG,Amazon
Sara works at Google in London since 2023-02-22,PERSON,Sara
Sara works at Google in London since 2023-02-22,ORG,Google
Sara works at Google in London since 2023-02-22,GPE,London
John attended a conference on 1976-10-25,PERSON,John
Alex attended a conference on 1981-09-23,PERSON,Alex
The meeting with Alex from Google is scheduled for 1988-11-15,PERSON,Alex
The meeting with Alex from Google is scheduled for 1988-11-15,ORG,Google
John works at Amazon in Tokyo since 2015-01-22,PERSON,John
John works at Amazon in Tokyo since 2015-01-22,ORG,Amazon
John works at Amazon in Tokyo since 2015-01-22,GPE,Tokyo
Mary attended a conference on 1970-12-28,PERSON,Mary
The meeting with Alex from Amazon is scheduled for 1986-01-14,PERSON,Alex
The meeting with Alex from Amazon is scheduled for 1986-01-14,ORG,Amazon
John works at Meta in London since 1978-01-17,PERSON,John
John works at Meta in London since 1978-01-17,ORG,Meta
John works at Meta in London since 1978-01-17,GPE,London
The meeting with Alex from Microsoft is scheduled for 2003-03-13,PERSON,Alex
The meeting with Alex from Microsoft is scheduled for 2003-03-13,ORG,Microsoft
Meta announced new projects starting 1980-02-22,ORG,Meta
John works at Google in Paris since 1996-11-28,PERSON,John
John works at Google in Paris since 1996-11-28,ORG,Google
John works at Google in Paris since 1996-11-28,GPE,Paris
Alex works at Meta in New York since 1990-10-04,PERSON,Alex
Alex works at Meta in New York since 1990-10-04,ORG,Meta
Alex works at Meta in New York since 1980-05-01,PERSON,Alex
Alex works at Meta in New York since 1980-05-01,ORG,Meta
Alex attended a conference on 1973-07-03,PERSON,Alex
The meeting with Sara from Meta is scheduled for 2021-01-09,PERSON,Sara
The meeting with Sara from Meta is scheduled for 2021-01-09,ORG,Meta
John attended a conference on 1973-12-07,PERSON,John
Meta announced new projects starting 2019-11-18,ORG,Meta
John attended a conference on 2000-04-02,PERSON,John
The meeting with John from Microsoft is scheduled for 1995-11-07,PERSON,John
The meeting with John from Microsoft is scheduled for 1995-11-07,ORG,Microsoft
Sara works at Amazon in Paris since 1982-06-02,PERSON,Sara
Sara works at Amazon in Paris since 1982-06-02,ORG,Amazon
Sara works at Amazon in Paris since 1982-06-02,GPE,Paris
Mary attended a conference on 1973-08-28,PERSON,Mary
The meeting with Alex from Google is scheduled for 2005-04-05,PERSON,Alex
The meeting with Alex from Google is scheduled for 2005-04-05,ORG,Google
Alex attended a conference on 1991-09-05,PERSON,Alex
Paris will host the event in 1980-12-06,GPE,Paris
Meta announced new projects starting 1972-03-29,ORG,Meta
The meeting with Alex from Microsoft is scheduled for 1998-10-29,PERSON,Alex
The meeting with Alex from Microsoft is scheduled for 1998-10-29,ORG,Microsoft
Alex works at Microsoft in New York since 1976-10-29,PERSON,Alex
Alex works at Microsoft in New York since 1976-10-29,ORG,Microsoft
Tokyo will host the event in 1980-12-21,GPE,Tokyo
Alex attended a conference on 1979-05-23,PERSON,Alex
Mary attended a conference on 2009-05-17,PERSON,Mary
John works at Microsoft in New York since 1973-09-02,PERSON,John
John works at Microsoft in New York since 1973-09-02,ORG,Microsoft
Alex works at Microsoft in Tokyo since 1986-08-31,PERSON,Alex
Alex works at Microsoft in Tokyo since 1986-08-31,ORG,Microsoft
Alex works at Microsoft in Tokyo since 1986-08-31,GPE,Tokyo
Microsoft announced new projects starting 2004-12-27,ORG,Microsoft
Sara works at Amazon in Paris since 2006-11-29,PERSON,Sara
Sara works at Amazon in Paris since 2006-11-29,ORG,Amazon
Sara works at Amazon in Paris since 2006-11-29,GPE,Paris
Amazon announced new projects starting 1982-03-22,ORG,Amazon
Sara works at Google in London since 1996-10-01,PERSON,Sara
Sara works at Google in London since 1996-10-01,ORG,Google
Sara works at Google in London since 1996-10-01,GPE,London
The meeting with Sara from Meta is scheduled for 1994-04-16,PERSON,Sara
The meeting with Sara from Meta is scheduled for 1994-04-16,ORG,Meta
Google announced new projects starting 1996-12-11,ORG,Google
Sara attended a conference on 2016-09-18,PERSON,Sara
London will host the event in 1997-07-18,GPE,London
Paris will host the event in 2000-12-09,GPE,Paris
Paris will host the event in 2024-02-09,GPE,Paris
Alex works at Microsoft in New York since 2023-12-13,PERSON,Alex
Alex works at Microsoft in New York since 2023-12-13,ORG,Microsoft
Mary attended a conference on 1976-05-14,PERSON,Mary
Mary works at Google in New York since 2012-06-01,PERSON,Mary
Mary works at Google in New York since 2012-06-01,ORG,Google
Sara works at Amazon in New York since 1981-02-05,PERSON,Sara
Sara works at Amazon in New York since 1981-02-05,ORG,Amazon
Sara works at Microsoft in London since 1979-11-07,PERSON,Sara
Sara works at Microsoft in London since 1979-11-07,ORG,Microsoft
Sara works at Microsoft in London since 1979-11-07,GPE,London
The meeting with Alex from Meta is scheduled for 2013-03-26,PERSON,Alex
The meeting with Alex from Meta is scheduled for 2013-03-26,ORG,Meta
Meta announced new projects starting 1978-04-27,ORG,Meta
Microsoft announced new projects starting 2022-06-17,ORG,Microsoft
John works at Amazon in London since 1985-03-24,PERSON,John
John works at Amazon in London since 1985-03-24,ORG,Amazon
John works at Amazon in London since 1985-03-24,GPE,London
Alex attended a conference on 2011-01-09,PERSON,Alex
London will host the event in 1993-01-16,GPE,London
Sara attended a conference on 1985-07-02,PERSON,Sara
Microsoft announced new projects starting 2019-12-16,ORG,Microsoft
The meeting with Alex from Google is scheduled for 2001-11-17,PERSON,Alex
The meeting with Alex from Google is scheduled for 2001-11-17,ORG,Google
Microsoft announced new projects starting 2015-12-20,ORG,Microsoft
Sara attended a conference on 1978-04-06,PERSON,Sara
Alex attended a conference on 1997-04-06,PERSON,Alex
Sara attended a conference on 2004-06-22,PERSON,Sara
Sara works at Microsoft in Paris since 2005-01-18,PERSON,Sara
Sara works at Microsoft in Paris since 2005-01-18,ORG,Microsoft
Sara works at Microsoft in Paris since 2005-01-18,GPE,Paris
Tokyo will host the event in 2022-04-27,GPE,Tokyo
Meta announced new projects starting 2003-03-20,ORG,Meta
Meta announced new projects starting 1970-01-29,ORG,Meta
Meta announced new projects starting 1985-04-28,ORG,Meta
Paris will host the event in 1983-05-22,GPE,Paris
The meeting with Mary from Microsoft is scheduled for 1976-10-10,PERSON,Mary
The meeting with Mary from Microsoft is scheduled for 1976-10-10,ORG,Microsoft
Tokyo will host the event in 1983-04-20,GPE,Tokyo
The meeting with Alex from Google is scheduled for 1980-12-31,PERSON,Alex
The meeting with Alex from Google is scheduled for 1980-12-31,ORG,Google
Alex attended a conference on 1982-09-07,PERSON,Alex
Paris will host the event in 2001-02-02,GPE,Paris
John works at Meta in New York since 1982-11-12,PERSON,John
John works at Meta in New York since 1982-11-12,ORG,Meta
Tokyo will host the event in 2002-01-16,GPE,Tokyo
The meeting with Sara from Meta is scheduled for 1991-07-25,PERSON,Sara
The meeting with Sara from Meta is scheduled for 1991-07-25,ORG,Meta
Meta announced new projects starting 1991-04-10,ORG,Meta
Paris will host the event in 1989-12-19,GPE,Paris
Amazon announced new projects starting 1988-07-20,ORG,Amazon
Meta announced new projects starting 2014-10-24,ORG,Meta
The meeting with Alex from Amazon is scheduled for 2023-05-14,PERSON,Alex
The meeting with Alex from Amazon is scheduled for 2023-05-14,ORG,Amazon
The meeting with Mary from Google is scheduled for 1989-10-14,PERSON,Mary
The meeting with Mary from Google is scheduled for 1989-10-14,ORG,Google
Google announced new projects starting 1986-10-15,ORG,Google
The meeting with Sara from Amazon is scheduled for 2000-09-24,PERSON,Sara
The meeting with Sara from Amazon is scheduled for 2000-09-24,ORG,Amazon
The meeting with Alex from Microsoft is scheduled for 1971-09-29,PERSON,Alex
The meeting with Alex from Microsoft is scheduled for 1971-09-29,ORG,Microsoft
Sara works at Amazon in London since 2014-05-06,PERSON,Sara
Sara works at Amazon in London since 2014-05-06,ORG,Amazon
Sara works at Amazon in London since 2014-05-06,GPE,London
Google announced new projects starting 1991-07-02,ORG,Google
Sara works at Google in Paris since 1988-09-29,PERSON,Sara
Sara works at Google in Paris since 1988-09-29,ORG,Google
Sara works at Google in Paris since 1988-09-29,GPE,Paris
Paris will host the event in 2005-12-22,GPE,Paris
The meeting with Sara from Amazon is scheduled for 2002-04-06,PERSON,Sara
The meeting with Sara from Amazon is scheduled for 2002-04-06,ORG,Amazon
Mary attended a conference on 1978-06-10,PERSON,Mary
Alex attended a conference on 2023-03-04,PERSON,Alex
Mary attended a conference on 1973-05-21,PERSON,Mary
Mary attended a conference on 2008-08-28,PERSON,Mary
The meeting with Sara from Microsoft is scheduled for 1997-01-09,PERSON,Sara
The meeting with Sara from Microsoft is scheduled for 1997-01-09,ORG,Microsoft
Sara attended a conference on 1974-12-09,PERSON,Sara
The meeting with Mary from Google is scheduled for 2003-07-16,PERSON,Mary
The meeting with Mary from Google is scheduled for 2003-07-16,ORG,Google
Tokyo will host the event in 1981-12-25,GPE,Tokyo
Sara works at Google in New York since 2016-11-02,PERSON,Sara
Sara works at Google in New York since 2016-11-02,ORG,Google
The meeting with Sara from Amazon is scheduled for 2013-06-06,PERSON,Sara
The meeting with Sara from Amazon is scheduled for 2013-06-06,ORG,Amazon
London will host the event in 2022-12-10,GPE,London
Alex works at Google in London since 1999-09-04,PERSON,Alex
Alex works at Google in London since 1999-09-04,ORG,Google
Alex works at Google in London since 1999-09-04,GPE,London
Microsoft announced new projects starting 1974-02-25,ORG,Microsoft
Tokyo will host the event in 1985-10-13,GPE,Tokyo
John works at Microsoft in Paris since 1997-06-28,PERSON,John
John works at Microsoft in Paris since 1997-06-28,ORG,Microsoft
John works at Microsoft in Paris since 1997-06-28,GPE,Paris
Sara attended a conference on 2010-08-08,PERSON,Sara
Amazon announced new projects starting 1988-01-08,ORG,Amazon
The meeting with Mary from Google is scheduled for 2024-02-16,PERSON,Mary
The meeting with Mary from Google is scheduled for 2024-02-16,ORG,Google
The meeting with Mary from Amazon is scheduled for 1975-06-13,PERSON,Mary
The meeting with Mary from Amazon is scheduled for 1975-06-13,ORG,Amazon
John works at Microsoft in London since 1993-09-22,PERSON,John
John works at Microsoft in London since 1993-09-22,ORG,Microsoft
John works at Microsoft in London since 1993-09-22,GPE,London
The meeting with John from Meta is scheduled for 1982-08-08,PERSON,John
The meeting with John from Meta is scheduled for 1982-08-08,ORG,Meta
Meta announced new projects starting 1993-07-27,ORG,Meta
John works at Microsoft in Tokyo since 1989-07-17,PERSON,John
John works at Microsoft in Tokyo since 1989-07-17,ORG,Microsoft
John works at Microsoft in Tokyo since 1989-07-17,GPE,Tokyo
John works at Amazon in Paris since 2022-07-22,PERSON,John
John works at Amazon in Paris since 2022-07-22,ORG,Amazon
John works at Amazon in Paris since 2022-07-22,GPE,Paris
Amazon announced new projects starting 1993-03-25,ORG,Amazon
John attended a conference on 2009-08-07,PERSON,John
Alex attended a conference on 2014-08-24,PERSON,Alex
Amazon announced new projects starting 2014-12-05,ORG,Amazon
Alex attended a conference on 2009-12-26,PERSON,Alex
Amazon announced new projects starting 2009-06-27,ORG,Amazon
Alex works at Google in London since 1972-12-06,PERSON,Alex
Alex works at Google in London since 1972-12-06,ORG,Google
Alex works at Google in London since 1972-12-06,GPE,London
John attended a conference on 1988-10-18,PERSON,John
Mary attended a conference on 2021-02-23,PERSON,Mary
Tokyo will host the event in 2005-11-30,GPE,Tokyo
Mary works at Google in New York since 1988-09-25,PERSON,Mary
Mary works at Google in New York since 1988-09-25,ORG,Google
Microsoft announced new projects starting 2006-08-29,ORG,Microsoft
Paris will host the event in 2007-03-29,GPE,Paris
London will host the event in 1993-04-23,GPE,London
The meeting with John from Microsoft is scheduled for 2021-10-21,PERSON,John
The meeting with John from Microsoft is scheduled for 2021-10-21,ORG,Microsoft
Paris will host the event in 2020-01-30,GPE,Paris
The meeting with Alex from Meta is scheduled for 2016-02-20,PERSON,Alex
The meeting with Alex from Meta is scheduled for 2016-02-20,ORG,Meta
The meeting with John from Meta is scheduled for 2003-12-12,PERSON,John
The meeting with John from Meta is scheduled for 2003-12-12,ORG,Meta
The meeting with Sara from Google is scheduled for 2010-03-20,PERSON,Sara
The meeting with Sara from Google is scheduled for 2010-03-20,ORG,Google
Mary works at Amazon in Tokyo since 1980-08-13,PERSON,Mary
Mary works at Amazon in Tokyo since 1980-08-13,ORG,Amazon
Mary works at Amazon in Tokyo since 1980-08-13,GPE,Tokyo
Google announced new projects starting 1993-04-09,ORG,Google
Tokyo will host the event in 2019-07-07,GPE,Tokyo
Sara works at Meta in London since 1986-12-10,PERSON,Sara
Sara works at Meta in London since 1986-12-10,ORG,Meta
Sara works at Meta in London since 1986-12-10,GPE,London
Microsoft announced new projects starting 2016-03-09,ORG,Microsoft
Paris will host the event in 1982-01-06,GPE,Paris
Tokyo will host the event in 1994-02-02,GPE,Tokyo
Alex works at Microsoft in Paris since 2018-10-11,PERSON,Alex
Alex works at Microsoft in Paris since 2018-10-11,ORG,Microsoft
Alex works at Microsoft in Paris since 2018-10-11,GPE,Paris
Google announced new projects starting 2014-11-03,ORG,Google
Meta announced new projects starting 1990-09-03,ORG,Meta
Tokyo will host the event in 1991-07-30,GPE,Tokyo
Mary attended a conference on 1994-08-18,PERSON,Mary
London will host the event in 1983-10-23,GPE,London
Sara attended a conference on 1995-02-27,PERSON,Sara
Tokyo will host the event in 1973-12-03,GPE,Tokyo
Microsoft announced new projects starting 1980-02-04,ORG,Microsoft
The meeting with Sara from Microsoft is scheduled for 1976-02-26,PERSON,Sara
The meeting with Sara from Microsoft is scheduled for 1976-02-26,ORG,Microsoft
John works at Meta in Paris since 2017-09-19,PERSON,John
John works at Meta in Paris since 2017-09-19,ORG,Meta
John works at Meta in Paris since 2017-09-19,GPE,Paris
Meta announced new projects starting 1993-06-25,ORG,Meta
Amazon announced new projects starting 1976-02-16,ORG,Amazon
Sara works at Amazon in New York since 2005-11-16,PERSON,Sara
Sara works at Amazon in New York since 2005-11-16,ORG,Amazon
Sara works at Microsoft in Tokyo since 2008-06-05,PERSON,Sara
Sara works at Microsoft in Tokyo since 2008-06-05,ORG,Microsoft
Sara works at Microsoft in Tokyo since 2008-06-05,GPE,Tokyo
The meeting with Mary from Amazon is scheduled for 1996-06-07,PERSON,Mary
The meeting with Mary from Amazon is scheduled for 1996-06-07,ORG,Amazon
Alex attended a conference on 1999-07-10,PERSON,Alex
Meta announced new projects starting 2012-05-25,ORG,Meta
Meta announced new projects starting 1979-06-25,ORG,Meta
Alex works at Google in London since 1997-05-15,PERSON,Alex
Alex works at Google in London since 1997-05-15,ORG,Google
Alex works at Google in London since 1997-05-15,GPE,London
Paris will host the event in 2013-09-03,GPE,Paris
Mary attended a conference on 2001-10-23,PERSON,Mary
John attended a conference on 1993-06-21,PERSON,John
London will host the event in 1999-04-30,GPE,London
The meeting with John from Microsoft is scheduled for 2015-03-01,PERSON,John
The meeting with John from Microsoft is scheduled for 2015-03-01,ORG,Microsoft
John works at Meta in Paris since 1975-09-15,PERSON,John
John works at Meta in Paris since 1975-09-15,ORG,Meta
John works at Meta in Paris since 1975-09-15,GPE,Paris
The meeting with Sara from Google is scheduled for 2018-09-07,PERSON,Sara
The meeting with Sara from Google is scheduled for 2018-09-07,ORG,Google
London will host the event in 2017-07-13,GPE,London
John attended a conference on 1985-09-10,PERSON,John
The meeting with Sara from Google is scheduled for 2019-06-09,PERSON,Sara
The meeting with Sara from Google is scheduled for 2019-06-09,ORG,Google
The meeting with John from Google is scheduled for 2002-11-09,PERSON,John
The meeting with John from Google is scheduled for 2002-11-09,ORG,Google
Google announced new projects starting 2011-03-09,ORG,Google
London will host the event in 1995-11-22,GPE,London
The meeting with Mary from Google is scheduled for 2015-10-22,PERSON,Mary
The meeting with Mary from Google is scheduled for 2015-10-22,ORG,Google
Amazon announced new projects starting 1986-06-28,ORG,Amazon
Microsoft announced new projects starting 1995-11-24,ORG,Microsoft
Alex attended a conference on 2018-04-03,PERSON,Alex
The meeting with John from Microsoft is scheduled for 2008-11-19,PERSON,John
The meeting with John from Microsoft is scheduled for 2008-11-19,ORG,Microsoft
The meeting with Alex from Microsoft is scheduled for 1990-08-02,PERSON,Alex
The meeting with Alex from Microsoft is scheduled for 1990-08-02,ORG,Microsoft
Paris will host the event in 1994-09-02,GPE,Paris
Sara works at Google in London since 1979-01-24,PERSON,Sara
Sara works at Google in London since 1979-01-24,ORG,Google
Sara works at Google in London since 1979-01-24,GPE,London
The meeting with Alex from Meta is scheduled for 2020-03-13,PERSON,Alex
The meeting with Alex from Meta is scheduled for 2020-03-13,ORG,Meta
Meta announced new projects starting 1992-05-15,ORG,Meta
Mary attended a conference on 2010-11-17,PERSON,Mary
Amazon announced new projects starting 1987-07-25,ORG,Amazon
The meeting with Sara from Amazon is scheduled for 2022-05-31,PERSON,Sara
The meeting with Sara from Amazon is scheduled for 2022-05-31,ORG,Amazon
Amazon announced new projects starting 1984-11-23,ORG,Amazon
Paris will host the event in 1992-04-29,GPE,Paris
Microsoft announced new projects starting 2020-05-02,ORG,Microsoft
John attended a conference on 2003-08-26,PERSON,John
Amazon announced new projects starting 1986-03-13,ORG,Amazon
Sara works at Google in Paris since 2012-01-06,PERSON,Sara
Sara works at Google in Paris since 2012-01-06,ORG,Google
Sara works at Google in Paris since 2012-01-06,GPE,Paris
Mary works at Meta in Tokyo since 1985-03-26,PERSON,Mary
Mary works at Meta in Tokyo since 1985-03-26,ORG,Meta
Mary works at Meta in Tokyo since 1985-03-26,GPE,Tokyo
Sara attended a conference on 1973-09-28,PERSON,Sara
Microsoft announced new projects starting 1970-03-08,ORG,Microsoft
Alex attended a conference on 1972-03-16,PERSON,Alex
The meeting with Mary from Amazon is scheduled for 2005-10-09,PERSON,Mary
The meeting with Mary from Amazon is scheduled for 2005-10-09,ORG,Amazon
Alex attended a conference on 2005-04-02,PERSON,Alex
Microsoft announced new projects starting 2004-02-03,ORG,Microsoft
The meeting with Sara from Meta is scheduled for 1993-02-01,PERSON,Sara
The meeting with Sara from Meta is scheduled for 1993-02-01,ORG,Meta
Meta announced new projects starting 2012-12-31,ORG,Meta
Amazon announced new projects starting 2014-12-14,ORG,Amazon
Meta announced new projects starting 2003-06-13,ORG,Meta
The meeting with Mary from Meta is scheduled for 2023-03-11,PERSON,Mary
The meeting with Mary from Meta is scheduled for 2023-03-11,ORG,Meta
Alex attended a conference on 2016-11-27,PERSON,Alex
Tokyo will host the event in 2003-10-05,GPE,Tokyo
Amazon announced new projects starting 2024-04-08,ORG,Amazon
Mary attended a conference on 2020-06-11,PERSON,Mary
Alex works at Microsoft in Tokyo since 2008-02-12,PERSON,Alex
Alex works at Microsoft in Tokyo since 2008-02-12,ORG,Microsoft
Alex works at Microsoft in Tokyo since 2008-02-12,GPE,Tokyo
Amazon announced new projects starting 1983-07-30,ORG,Amazon
The meeting with Sara from Google is scheduled for 1999-02-12,PERSON,Sara
The meeting with Sara from Google is scheduled for 1999-02-12,ORG,Google
The meeting with Alex from Microsoft is scheduled for 1988-01-09,PERSON,Alex
The meeting with Alex from Microsoft is scheduled for 1988-01-09,ORG,Microsoft
The meeting with Mary from Amazon is scheduled for 1997-10-11,PERSON,Mary
The meeting with Mary from Amazon is scheduled for 1997-10-11,ORG,Amazon
Paris will host the event in 1978-03-07,GPE,Paris
Alex attended a conference on 2000-03-02,PERSON,Alex
John attended a conference on 2019-04-23,PERSON,John
Sara works at Meta in London since 2000-11-09,PERSON,Sara
Sara works at Meta in London since 2000-11-09,ORG,Meta
Sara works at Meta in London since 2000-11-09,GPE,London
Mary attended a conference on 1976-12-28,PERSON,Mary
The meeting with Sara from Google is scheduled for 2015-02-12,PERSON,Sara
The meeting with Sara from Google is scheduled for 2015-02-12,ORG,Google
Alex attended a conference on 1978-09-03,PERSON,Alex
Mary attended a conference on 1975-03-16,PERSON,Mary
The meeting with Mary from Google is scheduled for 1984-11-25,PERSON,Mary
The meeting with Mary from Google is scheduled for 1984-11-25,ORG,Google
Alex attended a conference on 2012-04-27,PERSON,Alex
Sara attended a conference on 2019-10-06,PERSON,Sara
Mary works at Amazon in Tokyo since 1978-04-17,PERSON,Mary
Mary works at Amazon in Tokyo since 1978-04-17,ORG,Amazon
Mary works at Amazon in Tokyo since 1978-04-17,GPE,Tokyo
The meeting with Sara from Google is scheduled for 1990-10-16,PERSON,Sara
The meeting with Sara from Google is scheduled for 1990-10-16,ORG,Google
Microsoft announced new projects starting 1990-10-14,ORG,Microsoft
Paris will host the event in 2000-07-10,GPE,Paris
Microsoft announced new projects starting 2001-11-09,ORG,Microsoft
John works at Amazon in New York since 2008-09-06,PERSON,John
John works at Amazon in New York since 2008-09-06,ORG,Amazon
Mary works at Meta in Tokyo since 1980-10-01,PERSON,Mary
Mary works at Meta in Tokyo since 1980-10-01,ORG,Meta
Mary works at Meta in Tokyo since 1980-10-01,GPE,Tokyo
Amazon announced new projects starting 2021-03-22,ORG,Amazon
John works at Meta in Tokyo since 1990-08-24,PERSON,John
John works at Meta in Tokyo since 1990-08-24,ORG,Meta
John works at Meta in Tokyo since 1990-08-24,GPE,Tokyo
Google announced new projects starting 2022-02-16,ORG,Google
Mary works at Microsoft in London since 1982-07-20,PERSON,Mary
Mary works at Microsoft in London since 1982-07-20,ORG,Microsoft
Mary works at Microsoft in London since 1982-07-20,GPE,London
Google announced new projects starting 1970-12-27,ORG,Google
The meeting with Alex from Amazon is scheduled for 2002-09-03,PERSON,Alex
The meeting with Alex from Amazon is scheduled for 2002-09-03,ORG,Amazon
Mary works at Google in Tokyo since 1984-10-22,PERSON,Mary
Mary works at Google in Tokyo since 1984-10-22,ORG,Google
Mary works at Google in Tokyo since 1984-10-22,GPE,Tokyo
Amazon announced new projects starting 1992-06-16,ORG,Amazon
The meeting with Alex from Amazon is scheduled for 1971-02-25,PERSON,Alex
The meeting with Alex from Amazon is scheduled for 1971-02-25,ORG,Amazon
Amazon announced new projects starting 2002-05-11,ORG,Amazon
John works at Google in Tokyo since 2015-11-14,PERSON,John
John works at Google in Tokyo since 2015-11-14,ORG,Google
John works at Google in Tokyo since 2015-11-14,GPE,Tokyo
Sara attended a conference on 1992-06-29,PERSON,Sara
Mary attended a conference on 1979-04-01,PERSON,Mary
Mary attended a conference on 1971-02-06,PERSON,Mary
Alex attended a conference on 2009-07-23,PERSON,Alex
The meeting with Sara from Meta is scheduled for 1976-04-24,PERSON,Sara
The meeting with Sara from Meta is scheduled for 1976-04-24,ORG,Meta
Sara attended a conference on 1996-12-04,PERSON,Sara
Microsoft announced new projects starting 2007-01-04,ORG,Microsoft
Mary attended a conference on 1995-02-04,PERSON,Mary
Sara works at Amazon in Paris since 1994-06-14,PERSON,Sara
Sara works at Amazon in Paris since 1994-06-14,ORG,Amazon
Sara works at Amazon in Paris since 1994-06-14,GPE,Paris
The meeting with Alex from Microsoft is scheduled for 1978-01-04,PERSON,Alex
The meeting with Alex from Microsoft is scheduled for 1978-01-04,ORG,Microsoft
Sara attended a conference on 2010-11-18,PERSON,Sara
Amazon announced new projects starting 1970-09-06,ORG,Amazon
Alex works at Microsoft in Paris since 2007-07-10,PERSON,Alex
Alex works at Microsoft in Paris since 2007-07-10,ORG,Microsoft
Alex works at Microsoft in Paris since 2007-07-10,GPE,Paris
The meeting with Mary from Microsoft is scheduled for 1980-10-12,PERSON,Mary
The meeting with Mary from Microsoft is scheduled for 1980-10-12,ORG,Microsoft
Amazon announced new projects starting 2004-04-17,ORG,Amazon
Google announced new projects starting 2002-11-15,ORG,Google
Amazon announced new projects starting 1991-02-11,ORG,Amazon
The meeting with John from Meta is scheduled for 1989-03-05,PERSON,John
The meeting with John from Meta is scheduled for 1989-03-05,ORG,Meta
Meta announced new projects starting 2024-09-30,ORG,Meta
Mary attended a conference on 1979-09-04,PERSON,Mary
Mary works at Meta in London since 2014-12-19,PERSON,Mary
Mary works at Meta in London since 2014-12-19,ORG,Meta
Mary works at Meta in London since 2014-12-19,GPE,London
Sara attended a conference on 2010-12-20,PERSON,Sara
Google announced new projects starting 2010-01-11,ORG,Google
Sara attended a conference on 2021-06-13,PERSON,Sara
The meeting with John from Microsoft is scheduled for 1997-04-18,PERSON,John
The meeting with John from Microsoft is scheduled for 1997-04-18,ORG,Microsoft
Alex attended a conference on 1972-02-16,PERSON,Alex
Meta announced new projects starting 1993-02-10,ORG,Meta
John attended a conference on 1980-12-23,PERSON,John
Microsoft announced new projects starting 2008-11-06,ORG,Microsoft
Microsoft announced new projects starting 1973-01-31,ORG,Microsoft
Paris will host the event in 1990-09-28,GPE,Paris
Meta announced new projects starting 1979-01-14,ORG,Meta
John attended a conference on 2005-03-30,PERSON,John
Alex works at Microsoft in Paris since 1971-12-13,PERSON,Alex
Alex works at Microsoft in Paris since 1971-12-13,ORG,Microsoft
Alex works at Microsoft in Paris since 1971-12-13,GPE,Paris
Google announced new projects starting 1982-12-31,ORG,Google
Paris will host the event in 1977-12-12,GPE,Paris
Alex works at Microsoft in Tokyo since 2006-10-26,PERSON,Alex
Alex works at Microsoft in Tokyo since 2006-10-26,ORG,Microsoft
Alex works at Microsoft in Tokyo since 2006-10-26,GPE,Tokyo
Google announced new projects starting 1978-06-14,ORG,Google
John attended a conference on 1995-09-17,PERSON,John
Sara attended a conference on 2005-06-08,PERSON,Sara
Amazon announced new projects starting 2021-05-18,ORG,Amazon
Microsoft announced new projects starting 1993-09-01,ORG,Microsoft
Meta announced new projects starting 2012-10-02,ORG,Meta
London will host the event in 1998-09-27,GPE,London
Alex works at Meta in Tokyo since 2001-08-15,PERSON,Alex
Alex works at Meta in Tokyo since 2001-08-15,ORG,Meta
Alex works at Meta in Tokyo since 2001-08-15,GPE,Tokyo
Mary works at Google in London since 2006-04-25,PERSON,Mary
Mary works at Google in London since 2006-04-25,ORG,Google
Mary works at Google in London since 2006-04-25,GPE,London
Alex works at Microsoft in Paris since 2020-12-07,PERSON,Alex
Alex works at Microsoft in Paris since 2020-12-07,ORG,Microsoft
Alex works at Microsoft in Paris since 2020-12-07,GPE,Paris
John works at Google in Tokyo since 1974-08-13,PERSON,John
John works at Google in Tokyo since 1974-08-13,ORG,Google
John works at Google in Tokyo since 1974-08-13,GPE,Tokyo
Microsoft announced new projects starting 2002-05-07,ORG,Microsoft
Meta announced new projects starting 2007-03-29,ORG,Meta
The meeting with Sara from Google is scheduled for 1980-06-03,PERSON,Sara
The meeting with Sara from Google is scheduled for 1980-06-03,ORG,Google
Google announced new projects starting 2009-07-20,ORG,Google
The meeting with Sara from Microsoft is scheduled for 1971-12-05,PERSON,Sara
The meeting with Sara from Microsoft is scheduled for 1971-12-05,ORG,Microsoft
Meta announced new projects starting 2012-07-01,ORG,Meta
The meeting with Mary from Amazon is scheduled for 2002-03-17,PERSON,Mary
The meeting with Mary from Amazon is scheduled for 2002-03-17,ORG,Amazon
Sara attended a conference on 2008-10-14,PERSON,Sara
Mary attended a conference on 2005-10-28,PERSON,Mary
Paris will host the event in 2016-06-13,GPE,Paris
London will host the event in 1992-12-22,GPE,London
John attended a conference on 1993-12-18,PERSON,John
John attended a conference on 1987-02-03,PERSON,John
Alex attended a conference on 1994-08-18,PERSON,Alex
The meeting with Sara from Amazon is scheduled for 1987-02-01,PERSON,Sara
The meeting with Sara from Amazon is scheduled for 1987-02-01,ORG,Amazon
Mary works at Microsoft in Tokyo since 2025-01-19,PERSON,Mary
Mary works at Microsoft in Tokyo since 2025-01-19,ORG,Microsoft
Mary works at Microsoft in Tokyo since 2025-01-19,GPE,Tokyo
Mary attended a conference on 2021-04-24,PERSON,Mary
London will host the event in 2012-06-10,GPE,London
Meta announced new projects starting 1982-03-24,ORG,Meta
London will host the event in 1988-12-04,GPE,London
Amazon announced new projects starting 2020-06-16,ORG,Amazon
Mary works at Microsoft in London since 1989-04-25,PERSON,Mary
Mary works at Microsoft in London since 1989-04-25,ORG,Microsoft
Mary works at Microsoft in London since 1989-04-25,GPE,London
Alex works at Meta in Paris since 1999-07-29,PERSON,Alex
Alex works at Meta in Paris since 1999-07-29,ORG,Meta
Alex works at Meta in Paris since 1999-07-29,GPE,Paris
Google announced new projects starting 2006-04-10,ORG,Google
Alex works at Google in Tokyo since 2018-08-27,PERSON,Alex
Alex works at Google in Tokyo since 2018-08-27,ORG,Google
Alex works at Google in Tokyo since 2018-08-27,GPE,Tokyo
Alex works at Google in London since 1995-09-26,PERSON,Alex
Alex works at Google in London since 1995-09-26,ORG,Google
Alex works at Google in London since 1995-09-26,GPE,London
Microsoft announced new projects starting 1971-01-22,ORG,Microsoft
The meeting with Alex from Google is scheduled for 2017-05-18,PERSON,Alex
The meeting with Alex from Google is scheduled for 2017-05-18,ORG,Google
John attended a conference on 2014-06-13,PERSON,John
Microsoft announced new projects starting 2005-03-18,ORG,Microsoft
London will host the event in 1971-09-23,GPE,London
Mary attended a conference on 2007-12-08,PERSON,Mary
John attended a conference on 1982-10-29,PERSON,John
Meta announced new projects starting 2021-04-15,ORG,Meta
Alex works at Microsoft in London since 1994-06-17,PERSON,Alex
Alex works at Microsoft in London since 1994-06-17,ORG,Microsoft
Alex works at Microsoft in London since 1994-06-17,GPE,London
Mary works at Microsoft in New York since 2022-04-20,PERSON,Mary
Mary works at Microsoft in New York since 2022-04-20,ORG,Microsoft
The meeting with Mary from Microsoft is scheduled for 1970-01-29,PERSON,Mary
The meeting with Mary from Microsoft is scheduled for 1970-01-29,ORG,Microsoft
Amazon announced new projects starting 1996-06-18,ORG,Amazon
Google announced new projects starting 2009-05-09,ORG,Google
Alex works at Meta in New York since 1992-12-23,PERSON,Alex
Alex works at Meta in New York since 1992-12-23,ORG,Meta
Alex attended a conference on 1996-05-20,PERSON,Alex
Tokyo will host the event in 2020-09-21,GPE,Tokyo
The meeting with Mary from Amazon is scheduled for 1982-10-30,PERSON,Mary
The meeting with Mary from Amazon is scheduled for 1982-10-30,ORG,Amazon
Paris will host the event in 2009-09-01,GPE,Paris
The meeting with Mary from Meta is scheduled for 1975-08-14,PERSON,Mary
The meeting with Mary from Meta is scheduled for 1975-08-14,ORG,Meta
Alex works at Amazon in Paris since 2010-09-24,PERSON,Alex
Alex works at Amazon in Paris since 2010-09-24,ORG,Amazon
Alex works at Amazon in Paris since 2010-09-24,GPE,Paris
Google announced new projects starting 1991-04-21,ORG,Google
Google announced new projects starting 1970-11-11,ORG,Google
Microsoft announced new projects starting 2017-06-30,ORG,Microsoft
The meeting with Sara from Microsoft is scheduled for 1982-12-06,PERSON,Sara
The meeting with Sara from Microsoft is scheduled for 1982-12-06,ORG,Microsoft
Alex attended a conference on 1999-07-13,PERSON,Alex
Mary works at Meta in London since 1990-10-18,PERSON,Mary
Mary works at Meta in London since 1990-10-18,ORG,Meta
Mary works at Meta in London since 1990-10-18,GPE,London
The meeting with Alex from Google is scheduled for 1970-05-30,PERSON,Alex
The meeting with Alex from Google is scheduled for 1970-05-30,ORG,Google
The meeting with Alex from Meta is scheduled for 2000-06-06,PERSON,Alex
The meeting with Alex from Meta is scheduled for 2000-06-06,ORG,Meta
Mary works at Amazon in Paris since 2011-08-03,PERSON,Mary
Mary works at Amazon in Paris since 2011-08-03,ORG,Amazon
Mary works at Amazon in Paris since 2011-08-03,GPE,Paris
John works at Google in New York since 2016-08-28,PERSON,John
John works at Google in New York since 2016-08-28,ORG,Google
Mary works at Microsoft in London since 1984-04-04,PERSON,Mary
Mary works at Microsoft in London since 1984-04-04,ORG,Microsoft
Mary works at Microsoft in London since 1984-04-04,GPE,London
The meeting with Sara from Meta is scheduled for 1980-06-01,PERSON,Sara
The meeting with Sara from Meta is scheduled for 1980-06-01,ORG,Meta
Tokyo will host the event in 1975-05-04,GPE,Tokyo
London will host the event in 1978-05-15,GPE,London
John attended a conference on 2011-10-16,PERSON,John
Paris will host the event in 2019-04-13,GPE,Paris
John attended a conference on 2010-10-25,PERSON,John
Alex attended a conference on 2018-01-30,PERSON,Alex
Amazon announced new projects starting 2006-01-27,ORG,Amazon
Paris will host the event in 1987-09-11,GPE,Paris
Tokyo will host the event in 1983-01-02,GPE,Tokyo
The meeting with Sara from Google is scheduled for 1990-10-05,PERSON,Sara
The meeting with Sara from Google is scheduled for 1990-10-05,ORG,Google
Alex works at Microsoft in London since 1987-06-06,PERSON,Alex
Alex works at Microsoft in London since 1987-06-06,ORG,Microsoft
Alex works at Microsoft in London since 1987-06-06,GPE,London
Alex attended a conference on 1985-07-04,PERSON,Alex
John attended a conference on 1992-11-11,PERSON,John
The meeting with John from Microsoft is scheduled for 2007-09-22,PERSON,John
The meeting with John from Microsoft is scheduled for 2007-09-22,ORG,Microsoft
Sara works at Microsoft in Tokyo since 1991-12-22,PERSON,Sara
Sara works at Microsoft in Tokyo since 1991-12-22,ORG,Microsoft
Sara works at Microsoft in Tokyo since 1991-12-22,GPE,Tokyo
Microsoft announced new projects starting 2025-01-07,ORG,Microsoft
Tokyo will host the event in 1991-11-10,GPE,Tokyo
John works at Amazon in New York since 1998-08-30,PERSON,John
John works at Amazon in New York since 1998-08-30,ORG,Amazon
The meeting with Mary from Microsoft is scheduled for 1972-07-29,PERSON,Mary
The meeting with Mary from Microsoft is scheduled for 1972-07-29,ORG,Microsoft
John works at Google in New York since 1973-12-02,PERSON,John
John works at Google in New York since 1973-12-02,ORG,Google
Paris will host the event in 2006-05-23,GPE,Paris
The meeting with John from Microsoft is scheduled for 1985-09-10,PERSON,John
The meeting with John from Microsoft is scheduled for 1985-09-10,ORG,Microsoft
Microsoft announced new projects starting 2012-08-15,ORG,Microsoft
John works at Microsoft in Paris since 1995-08-24,PERSON,John
John works at Microsoft in Paris since 1995-08-24,ORG,Microsoft
John works at Microsoft in Paris since 1995-08-24,GPE,Paris
Meta announced new projects starting 1995-02-04,ORG,Meta
The meeting with Sara from Meta is scheduled for 1978-07-09,PERSON,Sara
The meeting with Sara from Meta is scheduled for 1978-07-09,ORG,Meta
Tokyo will host the event in 1998-08-26,GPE,Tokyo
Tokyo will host the event in 1984-09-06,GPE,Tokyo
Mary attended a conference on 1989-06-16,PERSON,Mary
The meeting with John from Meta is scheduled for 1996-09-28,PERSON,John
The meeting with John from Meta is scheduled for 1996-09-28,ORG,Meta
The meeting with Sara from Microsoft is scheduled for 2007-11-22,PERSON,Sara
The meeting with Sara from Microsoft is scheduled for 2007-11-22,ORG,Microsoft
Tokyo will host the event in 1988-08-06,GPE,Tokyo
Microsoft announced new projects starting 1999-11-02,ORG,Microsoft
The meeting with John from Meta is scheduled for 1997-12-06,PERSON,John
The meeting with John from Meta is scheduled for 1997-12-06,ORG,Meta
Sara attended a conference on 2008-06-08,PERSON,Sara
John works at Microsoft in London since 2014-10-30,PERSON,John
John works at Microsoft in London since 2014-10-30,ORG,Microsoft
John works at Microsoft in London since 2014-10-30,GPE,London
Amazon announced new projects starting 1991-01-14,ORG,Amazon
Sara works at Amazon in Tokyo since 1978-05-28,PERSON,Sara
Sara works at Amazon in Tokyo since 1978-05-28,ORG,Amazon
Sara works at Amazon in Tokyo since 1978-05-28,GPE,Tokyo
Sara works at Amazon in London since 2007-03-23,PERSON,Sara
Sara works at Amazon in London since 2007-03-23,ORG,Amazon
Sara works at Amazon in London since 2007-03-23,GPE,London
The meeting with John from Meta is scheduled for 2006-03-23,PERSON,John
The meeting with John from Meta is scheduled for 2006-03-23,ORG,Meta
Amazon announced new projects starting 1990-04-24,ORG,Amazon
The meeting with Alex from Microsoft is scheduled for 2023-04-22,PERSON,Alex
The meeting with Alex from Microsoft is scheduled for 2023-04-22,ORG,Microsoft
Alex works at Microsoft in Tokyo since 1984-09-16,PERSON,Alex
Alex works at Microsoft in Tokyo since 1984-09-16,ORG,Microsoft
Alex works at Microsoft in Tokyo since 1984-09-16,GPE,Tokyo
The meeting with Mary from Amazon is scheduled for 1973-01-22,PERSON,Mary
The meeting with Mary from Amazon is scheduled for 1973-01-22,ORG,Amazon
Mary works at Meta in Tokyo since 2002-04-19,PERSON,Mary
Mary works at Meta in Tokyo since 2002-04-19,ORG,Meta
Mary works at Meta in Tokyo since 2002-04-19,GPE,Tokyo
Amazon announced new projects starting 1997-02-23,ORG,Amazon
Tokyo will host the event in 1991-01-05,GPE,Tokyo
Sara works at Amazon in Paris since 1984-08-23,PERSON,Sara
Sara works at Amazon in Paris since 1984-08-23,ORG,Amazon
Sara works at Amazon in Paris since 1984-08-23,GPE,Paris
Paris will host the event in 2004-07-08,GPE,Paris
The meeting with Sara from Microsoft is scheduled for 2014-06-24,PERSON,Sara
The meeting with Sara from Microsoft is scheduled for 2014-06-24,ORG,Microsoft
The meeting with John from Amazon is scheduled for 1989-05-24,PERSON,John
The meeting with John from Amazon is scheduled for 1989-05-24,ORG,Amazon
Meta announced new projects starting 2015-05-12,ORG,Meta
Microsoft announced new projects starting 1986-03-03,ORG,Microsoft
Meta announced new projects starting 2022-05-03,ORG,Meta
Mary attended a conference on 1976-05-21,PERSON,Mary
Microsoft announced new projects starting 1978-09-03,ORG,Microsoft
Paris will host the event in 2022-09-18,GPE,Paris
The meeting with Alex from Meta is scheduled for 2018-03-13,PERSON,Alex
The meeting with Alex from Meta is scheduled for 2018-03-13,ORG,Meta
Tokyo will host the event in 1992-12-19,GPE,Tokyo
Alex attended a conference on 2011-12-22,PERSON,Alex
Sara works at Google in Paris since 1980-04-19,PERSON,Sara
Sara works at Google in Paris since 1980-04-19,ORG,Google
Sara works at Google in Paris since 1980-04-19,GPE,Paris
Alex works at Amazon in New York since 1992-01-15,PERSON,Alex
Alex works at Amazon in New York since 1992-01-15,ORG,Amazon
Amazon announced new projects starting 1970-12-07,ORG,Amazon
Amazon announced new projects starting 1995-07-08,ORG,Amazon
The meeting with Mary from Meta is scheduled for 2020-09-24,PERSON,Mary
The meeting with Mary from Meta is scheduled for 2020-09-24,ORG,Meta
Alex attended a conference on 1971-05-12,PERSON,Alex
The meeting with Alex from Microsoft is scheduled for 1971-11-23,PERSON,Alex
The meeting with Alex from Microsoft is scheduled for 1971-11-23,ORG,Microsoft
Tokyo will host the event in 1981-12-18,GPE,Tokyo
London will host the event in 1978-05-12,GPE,London
The meeting with Sara from Amazon is scheduled for 1994-05-30,PERSON,Sara
The meeting with Sara from Amazon is scheduled for 1994-05-30,ORG,Amazon
London will host the event in 1995-06-13,GPE,London
Alex attended a conference on 2014-01-27,PERSON,Alex
The meeting with Mary from Meta is scheduled for 2006-01-01,PERSON,Mary
The meeting with Mary from Meta is scheduled for 2006-01-01,ORG,Meta
Mary attended a conference on 1988-06-13,PERSON,Mary
Sara works at Amazon in Tokyo since 1980-05-05,PERSON,Sara
Sara works at Amazon in Tokyo since 1980-05-05,ORG,Amazon
Sara works at Amazon in Tokyo since 1980-05-05,GPE,Tokyo
The meeting with Sara from Google is scheduled for 1998-02-26,PERSON,Sara
The meeting with Sara from Google is scheduled for 1998-02-26,ORG,Google
Alex works at Microsoft in Paris since 2014-06-04,PERSON,Alex
Alex works at Microsoft in Paris since 2014-06-04,ORG,Microsoft
Alex works at Microsoft in Paris since 2014-06-04,GPE,Paris
The meeting with Mary from Amazon is scheduled for 1974-06-01,PERSON,Mary
The meeting with Mary from Amazon is scheduled for 1974-06-01,ORG,Amazon
Sara works at Amazon in Paris since 1995-09-01,PERSON,Sara
Sara works at Amazon in Paris since 1995-09-01,ORG,Amazon
Sara works at Amazon in Paris since 1995-09-01,GPE,Paris
The meeting with Sara from Google is scheduled for 1998-11-05,PERSON,Sara
The meeting with Sara from Google is scheduled for 1998-11-05,ORG,Google
Microsoft announced new projects starting 1974-09-30,ORG,Microsoft
Microsoft announced new projects starting 2013-09-12,ORG,Microsoft
Paris will host the event in 2001-07-15,GPE,Paris
Sara attended a conference on 2022-12-10,PERSON,Sara
Amazon announced new projects starting 2009-02-23,ORG,Amazon
Alex attended a conference on 1986-09-19,PERSON,Alex
The meeting with Alex from Amazon is scheduled for 2001-04-15,PERSON,Alex
The meeting with Alex from Amazon is scheduled for 2001-04-15,ORG,Amazon
Paris will host the event in 1983-04-23,GPE,Paris
John works at Microsoft in London since 2014-08-26,PERSON,John
John works at Microsoft in London since 2014-08-26,ORG,Microsoft
John works at Microsoft in London since 2014-08-26,GPE,London
Alex works at Microsoft in New York since 1983-04-16,PERSON,Alex
Alex works at Microsoft in New York since 1983-04-16,ORG,Microsoft
London will host the event in 1971-02-21,GPE,London
Mary attended a conference on 2000-03-15,PERSON,Mary
Microsoft announced new projects starting 2011-01-18,ORG,Microsoft
John attended a conference on 1977-07-25,PERSON,John
John attended a conference on 1999-08-19,PERSON,John
Tokyo will host the event in 2001-09-27,GPE,Tokyo
Alex works at Microsoft in Paris since 1979-08-21,PERSON,Alex
Alex works at Microsoft in Paris since 1979-08-21,ORG,Microsoft
Alex works at Microsoft in Paris since 1979-08-21,GPE,Paris
Amazon announced new projects starting 1985-01-25,ORG,Amazon
Mary works at Google in Tokyo since 2012-10-08,PERSON,Mary
Mary works at Google in Tokyo since 2012-10-08,ORG,Google
Mary works at Google in Tokyo since 2012-10-08,GPE,Tokyo
Mary attended a conference on 1996-06-30,PERSON,Mary
Tokyo will host the event in 2016-12-23,GPE,Tokyo
Mary works at Meta in New York since 1998-11-25,PERSON,Mary
Mary works at Meta in New York since 1998-11-25,ORG,Meta
London will host the event in 1979-09-11,GPE,London
Sara works at Google in Paris since 2013-09-25,PERSON,Sara
Sara works at Google in Paris since 2013-09-25,ORG,Google
Sara works at Google in Paris since 2013-09-25,GPE,Paris
The meeting with John from Amazon is scheduled for 2003-07-23,PERSON,John
The meeting with John from Amazon is scheduled for 2003-07-23,ORG,Amazon
Paris will host the event in 2003-07-19,GPE,Paris
Alex attended a conference on 2003-12-01,PERSON,Alex
The meeting with Mary from Amazon is scheduled for 2009-02-13,PERSON,Mary
The meeting with Mary from Amazon is scheduled for 2009-02-13,ORG,Amazon
Microsoft announced new projects starting 2006-08-31,ORG,Microsoft
Sara attended a conference on 1993-09-16,PERSON,Sara
John works at Meta in London since 1987-01-27,PERSON,John
John works at Meta in London since 1987-01-27,ORG,Meta
John works at Meta in London since 1987-01-27,GPE,London
Tokyo will host the event in 2005-06-15,GPE,Tokyo
Mary attended a conference on 1987-04-11,PERSON,Mary
Meta announced new projects starting 1997-12-12,ORG,Meta
Meta announced new projects starting 2007-12-05,ORG,Meta
Alex works at Amazon in Tokyo since 2005-07-13,PERSON,Alex
Alex works at Amazon in Tokyo since 2005-07-13,ORG,Amazon
Alex works at Amazon in Tokyo since 2005-07-13,GPE,Tokyo
Microsoft announced new projects starting 1992-08-15,ORG,Microsoft
Mary attended a conference on 1995-02-24,PERSON,Mary
Alex attended a conference on 2008-11-17,PERSON,Alex
Paris will host the event in 2014-07-22,GPE,Paris
The meeting with Alex from Amazon is scheduled for 2010-08-07,PERSON,Alex
The meeting with Alex from Amazon is scheduled for 2010-08-07,ORG,Amazon
Microsoft announced new projects starting 1995-03-27,ORG,Microsoft
Alex works at Meta in New York since 1982-10-04,PERSON,Alex
Alex works at Meta in New York since 1982-10-04,ORG,Meta
Tokyo will host the event in 1995-10-28,GPE,Tokyo
Alex works at Amazon in Paris since 1971-05-30,PERSON,Alex
Alex works at Amazon in Paris since 1971-05-30,ORG,Amazon
Alex works at Amazon in Paris since 1971-05-30,GPE,Paris
Alex attended a conference on 1981-04-17,PERSON,Alex
London will host the event in 1974-09-14,GPE,London
The meeting with Mary from Meta is scheduled for 1982-12-23,PERSON,Mary
The meeting with Mary from Meta is scheduled for 1982-12-23,ORG,Meta
Google announced new projects starting 2014-12-25,ORG,Google
Mary attended a conference on 1990-12-18,PERSON,Mary
The meeting with Mary from Meta is scheduled for 2017-12-12,PERSON,Mary
The meeting with Mary from Meta is scheduled for 2017-12-12,ORG,Meta
The meeting with Sara from Google is scheduled for 1974-09-10,PERSON,Sara
The meeting with Sara from Google is scheduled for 1974-09-10,ORG,Google
The meeting with Mary from Microsoft is scheduled for 2007-02-19,PERSON,Mary
The meeting with Mary from Microsoft is scheduled for 2007-02-19,ORG,Microsoft
Alex attended a conference on 2020-07-26,PERSON,Alex
Sara works at Amazon in London since 1984-10-17,PERSON,Sara
Sara works at Amazon in London since 1984-10-17,ORG,Amazon
Sara works at Amazon in London since 1984-10-17,GPE,London
Meta announced new projects starting 1971-02-28,ORG,Meta
The meeting with John from Meta is scheduled for 1980-02-10,PERSON,John
The meeting with John from Meta is scheduled for 1980-02-10,ORG,Meta
London will host the event in 1994-04-30,GPE,London
Sara attended a conference on 2004-11-30,PERSON,Sara
The meeting with Sara from Microsoft is scheduled for 1974-04-13,PERSON,Sara
The meeting with Sara from Microsoft is scheduled for 1974-04-13,ORG,Microsoft
Alex works at Microsoft in London since 1984-12-05,PERSON,Alex
Alex works at Microsoft in London since 1984-12-05,ORG,Microsoft
Alex works at Microsoft in London since 1984-12-05,GPE,London
Microsoft announced new projects starting 1998-01-15,ORG,Microsoft
The meeting with John from Amazon is scheduled for 2017-09-04,PERSON,John
The meeting with John from Amazon is scheduled for 2017-09-04,ORG,Amazon
Alex works at Google in Paris since 2008-03-29,PERSON,Alex
Alex works at Google in Paris since 2008-03-29,ORG,Google
Alex works at Google in Paris since 2008-03-29,GPE,Paris
Sara works at Google in New York since 2019-12-19,PERSON,Sara
Sara works at Google in New York since 2019-12-19,ORG,Google
The meeting with Sara from Google is scheduled for 1993-04-27,PERSON,Sara
The meeting with Sara from Google is scheduled for 1993-04-27,ORG,Google
Paris will host the event in 1981-02-10,GPE,Paris
Tokyo will host the event in 2024-07-01,GPE,Tokyo
Meta announced new projects starting 2013-04-27,ORG,Meta
Paris will host the event in 2008-05-11,GPE,Paris
Mary works at Microsoft in Paris since 1985-03-23,PERSON,Mary
Mary works at Microsoft in Paris since 1985-03-23,ORG,Microsoft
Mary works at Microsoft in Paris since 1985-03-23,GPE,Paris
The meeting with John from Meta is scheduled for 2003-12-12,PERSON,John
The meeting with John from Meta is scheduled for 2003-12-12,ORG,Meta
Alex works at Amazon in London since 2006-04-23,PERSON,Alex
Alex works at Amazon in London since 2006-04-23,ORG,Amazon
Alex works at Amazon in London since 2006-04-23,GPE,London
Alex works at Meta in London since 2023-08-21,PERSON,Alex
Alex works at Meta in London since 2023-08-21,ORG,Meta
Alex works at Meta in London since 2023-08-21,GPE,London
The meeting with Alex from Amazon is scheduled for 2020-08-19,PERSON,Alex
The meeting with Alex from Amazon is scheduled for 2020-08-19,ORG,Amazon
The meeting with Sara from Meta is scheduled for 2009-01-20,PERSON,Sara
The meeting with Sara from Meta is scheduled for 2009-01-20,ORG,Meta
Sara works at Meta in New York since 2020-02-18,PERSON,Sara
Sara works at Meta in New York since 2020-02-18,ORG,Meta
Alex works at Microsoft in London since 1998-09-17,PERSON,Alex
Alex works at Microsoft in London since 1998-09-17,ORG,Microsoft
Alex works at Microsoft in London since 1998-09-17,GPE,London
Alex attended a conference on 2017-05-09,PERSON,Alex
Paris will host the event in 2000-10-05,GPE,Paris
Sara attended a conference on 1984-06-10,PERSON,Sara
Google announced new projects starting 1984-02-05,ORG,Google
John attended a conference on 2006-07-02,PERSON,John
Sara works at Microsoft in Tokyo since 2000-05-17,PERSON,Sara
Sara works at Microsoft in Tokyo since 2000-05-17,ORG,Microsoft
Sara works at Microsoft in Tokyo since 2000-05-17,GPE,Tokyo
Amazon announced new projects starting 2018-03-23,ORG,Amazon
Alex works at Google in London since 1986-05-30,PERSON,Alex
Alex works at Google in London since 1986-05-30,ORG,Google
Alex works at Google in London since 1986-05-30,GPE,London
Amazon announced new projects starting 1999-05-12,ORG,Amazon
London will host the event in 1999-09-17,GPE,London
Meta announced new projects starting 1992-11-20,ORG,Meta
Sara attended a conference on 2020-10-01,PERSON,Sara
John attended a conference on 2023-12-19,PERSON,John
Mary attended a conference on 1974-01-16,PERSON,Mary
Microsoft announced new projects starting 2014-10-08,ORG,Microsoft
Alex attended a conference on 1999-04-30,PERSON,Alex
Tokyo will host the event in 1984-03-09,GPE,Tokyo
The meeting with Mary from Google is scheduled for 2004-04-28,PERSON,Mary
The meeting with Mary from Google is scheduled for 2004-04-28,ORG,Google
Paris will host the event in 2022-01-20,GPE,Paris
Mary works at Microsoft in Paris since 2018-05-11,PERSON,Mary
Mary works at Microsoft in Paris since 2018-05-11,ORG,Microsoft
Mary works at Microsoft in Paris since 2018-05-11,GPE,Paris
Sara attended a conference on 1981-11-24,PERSON,Sara
The meeting with Sara from Google is scheduled for 2008-07-01,PERSON,Sara
The meeting with Sara from Google is scheduled for 2008-07-01,ORG,Google
Mary works at Amazon in Paris since 2009-11-25,PERSON,Mary
Mary works at Amazon in Paris since 2009-11-25,ORG,Amazon
Mary works at Amazon in Paris since 2009-11-25,GPE,Paris
Meta announced new projects starting 1978-06-15,ORG,Meta
Amazon announced new projects starting 2009-10-16,ORG,Amazon
Alex works at Google in London since 1987-03-10,PERSON,Alex
Alex works at Google in London since 1987-03-10,ORG,Google
Alex works at Google in London since 1987-03-10,GPE,London
John attended a conference on 1998-02-01,PERSON,John
The meeting with John from Microsoft is scheduled for 1993-10-07,PERSON,John
The meeting with John from Microsoft is scheduled for 1993-10-07,ORG,Microsoft
John works at Meta in Paris since 2016-01-12,PERSON,John
John works at Meta in Paris since 2016-01-12,ORG,Meta
John works at Meta in Paris since 2016-01-12,GPE,Paris
Mary works at Meta in Paris since 2012-03-09,PERSON,Mary
Mary works at Meta in Paris since 2012-03-09,ORG,Meta
Mary works at Meta in Paris since 2012-03-09,GPE,Paris
Tokyo will host the event in 1995-12-05,GPE,Tokyo
Sara attended a conference on 1977-08-13,PERSON,Sara
Mary attended a conference on 2019-01-25,PERSON,Mary
Meta announced new projects starting 2021-11-26,ORG,Meta
Tokyo will host the event in 2010-11-10,GPE,Tokyo
Amazon announced new projects starting 2020-08-03,ORG,Amazon
Mary works at Microsoft in Paris since 2015-11-02,PERSON,Mary
Mary works at Microsoft in Paris since 2015-11-02,ORG,Microsoft
Mary works at Microsoft in Paris since 2015-11-02,GPE,Paris
The meeting with Alex from Microsoft is scheduled for 2005-05-04,PERSON,Alex
The meeting with Alex from Microsoft is scheduled for 2005-05-04,ORG,Microsoft
The meeting with Sara from Microsoft is scheduled for 1971-04-30,PERSON,Sara
The meeting with Sara from Microsoft is scheduled for 1971-04-30,ORG,Microsoft
Mary attended a conference on 1973-06-21,PERSON,Mary
John attended a conference on 1970-04-19,PERSON,John
Alex works at Google in Paris since 1990-06-01,PERSON,Alex
Alex works at Google in Paris since 1990-06-01,ORG,Google
Alex works at Google in Paris since 1990-06-01,GPE,Paris
Mary works at Google in Paris since 2011-09-18,PERSON,Mary
Mary works at Google in Paris since 2011-09-18,ORG,Google
Mary works at Google in Paris since 2011-09-18,GPE,Paris
Meta announced new projects starting 2014-11-17,ORG,Meta
Tokyo will host the event in 2009-08-22,GPE,Tokyo
Meta announced new projects starting 1996-05-09,ORG,Meta
Alex attended a conference on 2020-03-24,PERSON,Alex
Microsoft announced new projects starting 2014-06-27,ORG,Microsoft
Sara attended a conference on 2020-08-01,PERSON,Sara
Sara attended a conference on 1977-04-18,PERSON,Sara
Microsoft announced new projects starting 1986-08-17,ORG,Microsoft
London will host the event in 1987-07-04,GPE,London
Microsoft announced new projects starting 1981-04-10,ORG,Microsoft
Sara works at Meta in Tokyo since 2019-09-15,PERSON,Sara
Sara works at Meta in Tokyo since 2019-09-15,ORG,Meta
Sara works at Meta in Tokyo since 2019-09-15,GPE,Tokyo
Mary attended a conference on 1988-07-04,PERSON,Mary
Meta announced new projects starting 1984-09-24,ORG,Meta
John attended a conference on 2009-01-16,PERSON,John
The meeting with Mary from Google is scheduled for 2006-01-13,PERSON,Mary
The meeting with Mary from Google is scheduled for 2006-01-13,ORG,Google
Amazon announced new projects starting 1995-11-06,ORG,Amazon
Paris will host the event in 1981-06-27,GPE,Paris
Tokyo will host the event in 1982-01-08,GPE,Tokyo
Meta announced new projects starting 2024-08-21,ORG,Meta
Google announced new projects starting 2016-06-13,ORG,Google
Sara works at Amazon in New York since 1976-12-04,PERSON,Sara
Sara works at Amazon in New York since 1976-12-04,ORG,Amazon
Alex attended a conference on 2020-01-22,PERSON,Alex
John attended a conference on 1970-04-02,PERSON,John
Mary attended a conference on 2013-05-24,PERSON,Mary
Paris will host the event in 2015-08-16,GPE,Paris
Mary attended a conference on 2009-11-15,PERSON,Mary
Paris will host the event in 1998-03-29,GPE,Paris
Tokyo will host the event in 2020-10-07,GPE,Tokyo
Paris will host the event in 1975-06-06,GPE,Paris
The meeting with Sara from Google is scheduled for 1994-09-25,PERSON,Sara
The meeting with Sara from Google is scheduled for 1994-09-25,ORG,Google
Amazon announced new projects starting 1982-10-12,ORG,Amazon
Paris will host the event in 2023-04-06,GPE,Paris
Sara works at Amazon in London since 1982-12-22,PERSON,Sara
Sara works at Amazon in London since 1982-12-22,ORG,Amazon
Sara works at Amazon in London since 1982-12-22,GPE,London
The meeting with Alex from Meta is scheduled for 2020-01-25,PERSON,Alex
The meeting with Alex from Meta is scheduled for 2020-01-25,ORG,Meta
Alex works at Google in Tokyo since 2012-04-21,PERSON,Alex
Alex works at Google in Tokyo since 2012-04-21,ORG,Google
Alex works at Google in Tokyo since 2012-04-21,GPE,Tokyo
Mary works at Microsoft in London since 1985-12-20,PERSON,Mary
Mary works at Microsoft in London since 1985-12-20,ORG,Microsoft
Mary works at Microsoft in London since 1985-12-20,GPE,London
The meeting with Mary from Microsoft is scheduled for 1977-10-01,PERSON,Mary
The meeting with Mary from Microsoft is scheduled for 1977-10-01,ORG,Microsoft
The meeting with Alex from Amazon is scheduled for 1988-12-01,PERSON,Alex
The meeting with Alex from Amazon is scheduled for 1988-12-01,ORG,Amazon
Sara works at Meta in Paris since 1992-11-23,PERSON,Sara
Sara works at Meta in Paris since 1992-11-23,ORG,Meta
Sara works at Meta in Paris since 1992-11-23,GPE,Paris
Sara attended a conference on 1994-10-01,PERSON,Sara
John works at Google in London since 1976-03-07,PERSON,John
John works at Google in London since 1976-03-07,ORG,Google
John works at Google in London since 1976-03-07,GPE,London
John works at Amazon in New York since 2005-03-13,PERSON,John
John works at Amazon in New York since 2005-03-13,ORG,Amazon
The meeting with John from Meta is scheduled for 2007-02-03,PERSON,John
The meeting with John from Meta is scheduled for 2007-02-03,ORG,Meta
Paris will host the event in 2021-12-13,GPE,Paris
Sara attended a conference on 1975-12-13,PERSON,Sara
Google announced new projects starting 1993-01-25,ORG,Google
Mary works at Amazon in Tokyo since 2002-10-31,PERSON,Mary
Mary works at Amazon in Tokyo since 2002-10-31,ORG,Amazon
Mary works at Amazon in Tokyo since 2002-10-31,GPE,Tokyo
London will host the event in 2020-12-23,GPE,London
The meeting with John from Meta is scheduled for 1977-06-18,PERSON,John
The meeting with John from Meta is scheduled for 1977-06-18,ORG,Meta
Amazon announced new projects starting 1974-06-10,ORG,Amazon
Mary attended a conference on 1996-09-01,PERSON,Mary
Alex works at Amazon in Tokyo since 1993-08-19,PERSON,Alex
Alex works at Amazon in Tokyo since 1993-08-19,ORG,Amazon
Alex works at Amazon in Tokyo since 1993-08-19,GPE,Tokyo
Microsoft announced new projects starting 1980-07-22,ORG,Microsoft
Mary attended a conference on 2007-04-02,PERSON,Mary
Paris will host the event in 1989-11-08,GPE,Paris
Alex works at Amazon in Tokyo since 1979-09-04,PERSON,Alex
Alex works at Amazon in Tokyo since 1979-09-04,ORG,Amazon
Alex works at Amazon in Tokyo since 1979-09-04,GPE,Tokyo
Tokyo will host the event in 2003-08-21,GPE,Tokyo
Tokyo will host the event in 2024-08-01,GPE,Tokyo
Google announced new projects starting 2011-02-07,ORG,Google
Meta announced new projects starting 1987-02-08,ORG,Meta
The meeting with Alex from Google is scheduled for 1993-12-30,PERSON,Alex
The meeting with Alex from Google is scheduled for 1993-12-30,ORG,Google
Google announced new projects starting 2003-07-31,ORG,Google
Meta announced new projects starting 1978-09-16,ORG,Meta
Paris will host the event in 2023-09-19,GPE,Paris
The meeting with Alex from Meta is scheduled for 2024-12-06,PERSON,Alex
The meeting with Alex from Meta is scheduled for 2024-12-06,ORG,Meta
Sara attended a conference on 2006-07-20,PERSON,Sara
Alex works at Microsoft in New York since 2014-10-04,PERSON,Alex
Alex works at Microsoft in New York since 2014-10-04,ORG,Microsoft
Sara attended a conference on 2011-10-16,PERSON,Sara
Alex attended a conference on 2025-02-02,PERSON,Alex
Meta announced new projects starting 1971-01-27,ORG,Meta
The meeting with Sara from Amazon is scheduled for 2024-02-07,PERSON,Sara
The meeting with Sara from Amazon is scheduled for 2024-02-07,ORG,Amazon
Paris will host the event in 1983-05-06,GPE,Paris
Mary attended a conference on 1981-08-23,PERSON,Mary
London will host the event in 1973-09-29,GPE,London
Meta announced new projects starting 1995-01-18,ORG,Meta
Amazon announced new projects starting 1988-02-01,ORG,Amazon
London will host the event in 2017-02-18,GPE,London
The meeting with Sara from Amazon is scheduled for 1976-11-12,PERSON,Sara
The meeting with Sara from Amazon is scheduled for 1976-11-12,ORG,Amazon
Paris will host the event in 2003-10-13,GPE,Paris
Meta announced new projects starting 1982-05-24,ORG,Meta
Tokyo will host the event in 1980-10-12,GPE,Tokyo
Google announced new projects starting 1990-06-02,ORG,Google
The meeting with John from Google is scheduled for 1976-12-16,PERSON,John
The meeting with John from Google is scheduled for 1976-12-16,ORG,Google
Sara works at Microsoft in London since 1991-04-29,PERSON,Sara
Sara works at Microsoft in London since 1991-04-29,ORG,Microsoft
Sara works at Microsoft in London since 1991-04-29,GPE,London
John works at Amazon in Tokyo since 1992-04-29,PERSON,John
John works at Amazon in Tokyo since 1992-04-29,ORG,Amazon
John works at Amazon in Tokyo since 1992-04-29,GPE,Tokyo
Mary works at Meta in New York since 2021-02-01,PERSON,Mary
Mary works at Meta in New York since 2021-02-01,ORG,Meta
Alex works at Google in Paris since 1970-01-13,PERSON,Alex
Alex works at Google in Paris since 1970-01-13,ORG,Google
Alex works at Google in Paris since 1970-01-13,GPE,Paris
The meeting with Sara from Google is scheduled for 1997-09-16,PERSON,Sara
The meeting with Sara from Google is scheduled for 1997-09-16,ORG,Google
The meeting with Mary from Amazon is scheduled for 2014-09-10,PERSON,Mary
The meeting with Mary from Amazon is scheduled for 2014-09-10,ORG,Amazon
The meeting with Sara from Meta is scheduled for 2016-07-13,PERSON,Sara
The meeting with Sara from Meta is scheduled for 2016-07-13,ORG,Meta
Alex attended a conference on 1999-03-02,PERSON,Alex
John attended a conference on 1982-10-24,PERSON,John
Sara works at Meta in New York since 2012-11-07,PERSON,Sara
Sara works at Meta in New York since 2012-11-07,ORG,Meta
Meta announced new projects starting 1974-02-08,ORG,Meta
Mary attended a conference on 1990-02-23,PERSON,Mary
Amazon announced new projects starting 1976-01-12,ORG,Amazon
Sara attended a conference on 2016-03-26,PERSON,Sara
The meeting with Mary from Amazon is scheduled for 1992-11-01,PERSON,Mary
The meeting with Mary from Amazon is scheduled for 1992-11-01,ORG,Amazon
Paris will host the event in 2022-12-21,GPE,Paris
John attended a conference on 1986-02-18,PERSON,John
Sara works at Amazon in Paris since 2013-04-25,PERSON,Sara
Sara works at Amazon in Paris since 2013-04-25,ORG,Amazon
Sara works at Amazon in Paris since 2013-04-25,GPE,Paris
Mary works at Google in Tokyo since 1990-01-13,PERSON,Mary
Mary works at Google in Tokyo since 1990-01-13,ORG,Google
Mary works at Google in Tokyo since 1990-01-13,GPE,Tokyo
Google announced new projects starting 2005-07-21,ORG,Google
Mary attended a conference on 2019-06-18,PERSON,Mary
Alex works at Microsoft in London since 2016-08-03,PERSON,Alex
Alex works at Microsoft in London since 2016-08-03,ORG,Microsoft
Alex works at Microsoft in London since 2016-08-03,GPE,London
Amazon announced new projects starting 1995-09-06,ORG,Amazon
The meeting with Mary from Google is scheduled for 1982-07-11,PERSON,Mary
The meeting with Mary from Google is scheduled for 1982-07-11,ORG,Google
The meeting with Sara from Microsoft is scheduled for 2003-09-22,PERSON,Sara
The meeting with Sara from Microsoft is scheduled for 2003-09-22,ORG,Microsoft
The meeting with John from Google is scheduled for 2024-09-26,PERSON,John
The meeting with John from Google is scheduled for 2024-09-26,ORG,Google
The meeting with Alex from Microsoft is scheduled for 2010-04-12,PERSON,Alex
The meeting with Alex from Microsoft is scheduled for 2010-04-12,ORG,Microsoft
Sara works at Amazon in Tokyo since 1978-12-28,PERSON,Sara
Sara works at Amazon in Tokyo since 1978-12-28,ORG,Amazon
Sara works at Amazon in Tokyo since 1978-12-28,GPE,Tokyo
The meeting with John from Google is scheduled for 1977-04-29,PERSON,John
The meeting with John from Google is scheduled for 1977-04-29,ORG,Google
Alex works at Microsoft in London since 2019-03-15,PERSON,Alex
Alex works at Microsoft in London since 2019-03-15,ORG,Microsoft
Alex works at Microsoft in London since 2019-03-15,GPE,London
Alex attended a conference on 2017-05-31,PERSON,Alex
Microsoft announced new projects starting 2000-04-12,ORG,Microsoft
The meeting with Alex from Amazon is scheduled for 1996-07-08,PERSON,Alex
The meeting with Alex from Amazon is scheduled for 1996-07-08,ORG,Amazon
The meeting with John from Amazon is scheduled for 1999-11-29,PERSON,John
The meeting with John from Amazon is scheduled for 1999-11-29,ORG,Amazon
Google announced new projects starting 1997-03-10,ORG,Google
The meeting with Mary from Amazon is scheduled for 1987-04-21,PERSON,Mary
The meeting with Mary from Amazon is scheduled for 1987-04-21,ORG,Amazon
The meeting with Alex from Microsoft is scheduled for 1990-11-11,PERSON,Alex
The meeting with Alex from Microsoft is scheduled for 1990-11-11,ORG,Microsoft
Sara attended a conference on 1971-03-27,PERSON,Sara
Microsoft announced new projects starting 1972-01-31,ORG,Microsoft
Paris will host the event in 1994-01-31,GPE,Paris
Sara attended a conference on 2019-01-26,PERSON,Sara
The meeting with Mary from Amazon is scheduled for 1992-11-15,PERSON,Mary
The meeting with Mary from Amazon is scheduled for 1992-11-15,ORG,Amazon
Paris will host the event in 2007-11-16,GPE,Paris
Alex works at Google in Tokyo since 1975-01-16,PERSON,Alex
Alex works at Google in Tokyo since 1975-01-16,ORG,Google
Alex works at Google in Tokyo since 1975-01-16,GPE,Tokyo
Alex works at Google in Tokyo since 1990-01-13,PERSON,Alex
Alex works at Google in Tokyo since 1990-01-13,ORG,Google
Alex works at Google in Tokyo since 1990-01-13,GPE,Tokyo
Meta announced new projects starting 2010-06-05,ORG,Meta
John attended a conference on 1983-03-21,PERSON,John
Mary attended a conference on 1988-01-11,PERSON,Mary
Mary attended a conference on 1989-09-28,PERSON,Mary
Tokyo will host the event in 1983-04-19,GPE,Tokyo
Mary works at Meta in Paris since 2020-10-15,PERSON,Mary
Mary works at Meta in Paris since 2020-10-15,ORG,Meta
Mary works at Meta in Paris since 2020-10-15,GPE,Paris
Alex works at Meta in Paris since 1978-10-27,PERSON,Alex
Alex works at Meta in Paris since 1978-10-27,ORG,Meta
Alex works at Meta in Paris since 1978-10-27,GPE,Paris
The meeting with Mary from Google is scheduled for 1985-12-29,PERSON,Mary
The meeting with Mary from Google is scheduled for 1985-12-29,ORG,Google
Meta announced new projects starting 1987-01-18,ORG,Meta
Mary works at Amazon in Tokyo since 2004-01-08,PERSON,Mary
Mary works at Amazon in Tokyo since 2004-01-08,ORG,Amazon
Mary works at Amazon in Tokyo since 2004-01-08,GPE,Tokyo
Amazon announced new projects starting 1995-09-13,ORG,Amazon
John attended a conference on 2016-01-26,PERSON,John
The meeting with Mary from Meta is scheduled for 1995-06-21,PERSON,Mary
The meeting with Mary from Meta is scheduled for 1995-06-21,ORG,Meta
The meeting with Alex from Amazon is scheduled for 1997-02-16,PERSON,Alex
The meeting with Alex from Amazon is scheduled for 1997-02-16,ORG,Amazon
Sara works at Google in Paris since 1981-01-15,PERSON,Sara
Sara works at Google in Paris since 1981-01-15,ORG,Google
Sara works at Google in Paris since 1981-01-15,GPE,Paris
Tokyo will host the event in 2004-10-06,GPE,Tokyo
Mary works at Amazon in London since 2024-10-24,PERSON,Mary
Mary works at Amazon in London since 2024-10-24,ORG,Amazon
Mary works at Amazon in London since 2024-10-24,GPE,London
John attended a conference on 1997-08-18,PERSON,John
John works at Amazon in New York since 2011-07-11,PERSON,John
John works at Amazon in New York since 2011-07-11,ORG,Amazon
Meta announced new projects starting 2000-02-03,ORG,Meta
Paris will host the event in 1996-05-18,GPE,Paris
Amazon announced new projects starting 1975-12-06,ORG,Amazon
Sara attended a conference on 2023-06-30,PERSON,Sara
Alex works at Meta in London since 2022-11-12,PERSON,Alex
Alex works at Meta in London since 2022-11-12,ORG,Meta
Alex works at Meta in London since 2022-11-12,GPE,London
Paris will host the event in 1993-03-07,GPE,Paris
John attended a conference on 2006-01-14,PERSON,John
Mary attended a conference on 1992-03-12,PERSON,Mary
Microsoft announced new projects starting 2021-05-05,ORG,Microsoft
The meeting with Alex from Amazon is scheduled for 2021-11-15,PERSON,Alex
The meeting with Alex from Amazon is scheduled for 2021-11-15,ORG,Amazon
Amazon announced new projects starting 2012-08-18,ORG,Amazon
Google announced new projects starting 2019-09-11,ORG,Google
Sara attended a conference on 2020-06-24,PERSON,Sara
Mary attended a conference on 1977-10-10,PERSON,Mary
The meeting with John from Meta is scheduled for 2011-03-18,PERSON,John
The meeting with John from Meta is scheduled for 2011-03-18,ORG,Meta
Sara works at Google in New York since 1979-03-28,PERSON,Sara
Sara works at Google in New York since 1979-03-28,ORG,Google
Microsoft announced new projects starting 1990-04-12,ORG,Microsoft
Mary works at Amazon in Tokyo since 1978-08-03,PERSON,Mary
Mary works at Amazon in Tokyo since 1978-08-03,ORG,Amazon
Mary works at Amazon in Tokyo since 1978-08-03,GPE,Tokyo
London will host the event in 1986-09-28,GPE,London
The meeting with Sara from Meta is scheduled for 1974-06-30,PERSON,Sara
The meeting with Sara from Meta is scheduled for 1974-06-30,ORG,Meta
Mary attended a conference on 1996-05-19,PERSON,Mary
Sara attended a conference on 2024-08-13,PERSON,Sara
Meta announced new projects starting 1995-09-26,ORG,Meta
Microsoft announced new projects starting 1999-08-18,ORG,Microsoft
Amazon announced new projects starting 2017-02-05,ORG,Amazon
Alex attended a conference on 1979-06-30,PERSON,Alex
Sara works at Amazon in London since 2002-03-26,PERSON,Sara
Sara works at Amazon in London since 2002-03-26,ORG,Amazon
Sara works at Amazon in London since 2002-03-26,GPE,London
London will host the event in 1975-03-17,GPE,London
The meeting with Alex from Amazon is scheduled for 1972-05-02,PERSON,Alex
The meeting with Alex from Amazon is scheduled for 1972-05-02,ORG,Amazon
London will host the event in 1976-04-01,GPE,London
The meeting with Sara from Microsoft is scheduled for 2013-12-09,PERSON,Sara
The meeting with Sara from Microsoft is scheduled for 2013-12-09,ORG,Microsoft
Amazon announced new projects starting 2017-01-03,ORG,Amazon
The meeting with Mary from Amazon is scheduled for 1979-02-25,PERSON,Mary
The meeting with Mary from Amazon is scheduled for 1979-02-25,ORG,Amazon
Google announced new projects starting 1976-09-23,ORG,Google
The meeting with John from Amazon is scheduled for 2014-03-31,PERSON,John
The meeting with John from Amazon is scheduled for 2014-03-31,ORG,Amazon
London will host the event in 2015-07-20,GPE,London
Tokyo will host the event in 2019-10-27,GPE,Tokyo
The meeting with John from Microsoft is scheduled for 2014-11-09,PERSON,John
The meeting with John from Microsoft is scheduled for 2014-11-09,ORG,Microsoft
John works at Amazon in Paris since 2003-11-12,PERSON,John
John works at Amazon in Paris since 2003-11-12,ORG,Amazon
John works at Amazon in Paris since 2003-11-12,GPE,Paris
Sara works at Microsoft in Paris since 2019-07-05,PERSON,Sara
Sara works at Microsoft in Paris since 2019-07-05,ORG,Microsoft
Sara works at Microsoft in Paris since 2019-07-05,GPE,Paris
Sara works at Amazon in Paris since 2002-08-24,PERSON,Sara
Sara works at Amazon in Paris since 2002-08-24,ORG,Amazon
Sara works at Amazon in Paris since 2002-08-24,GPE,Paris
Meta announced new projects starting 2005-01-23,ORG,Meta
The meeting with Mary from Meta is scheduled for 1974-04-13,PERSON,Mary
The meeting with Mary from Meta is scheduled for 1974-04-13,ORG,Meta
Google announced new projects starting 2005-12-27,ORG,Google
Alex works at Google in Paris since 1981-04-18,PERSON,Alex
Alex works at Google in Paris since 1981-04-18,ORG,Google
Alex works at Google in Paris since 1981-04-18,GPE,Paris
The meeting with Sara from Google is scheduled for 1993-01-17,PERSON,Sara
The meeting with Sara from Google is scheduled for 1993-01-17,ORG,Google
Paris will host the event in 1995-09-15,GPE,Paris
Alex attended a conference on 2014-02-10,PERSON,Alex
Meta announced new projects starting 1975-01-09,ORG,Meta
The meeting with Alex from Meta is scheduled for 2002-06-14,PERSON,Alex
The meeting with Alex from Meta is scheduled for 2002-06-14,ORG,Meta
The meeting with John from Amazon is scheduled for 2019-06-22,PERSON,John
The meeting with John from Amazon is scheduled for 2019-06-22,ORG,Amazon
The meeting with John from Meta is scheduled for 1981-08-26,PERSON,John
The meeting with John from Meta is scheduled for 1981-08-26,ORG,Meta
Microsoft announced new projects starting 1975-09-15,ORG,Microsoft
London will host the event in 1980-06-27,GPE,London
The meeting with Mary from Google is scheduled for 1975-11-21,PERSON,Mary
The meeting with Mary from Google is scheduled for 1975-11-21,ORG,Google
Mary works at Meta in Paris since 2009-08-16,PERSON,Mary
Mary works at Meta in Paris since 2009-08-16,ORG,Meta
Mary works at Meta in Paris since 2009-08-16,GPE,Paris
John attended a conference on 2017-02-08,PERSON,John
Paris will host the event in 1993-02-21,GPE,Paris
Tokyo will host the event in 1992-12-18,GPE,Tokyo
The meeting with Sara from Amazon is scheduled for 1984-10-26,PERSON,Sara
The meeting with Sara from Amazon is scheduled for 1984-10-26,ORG,Amazon
Alex attended a conference on 2013-04-29,PERSON,Alex
John attended a conference on 1999-07-05,PERSON,John
John attended a conference on 2008-11-17,PERSON,John
The meeting with Mary from Microsoft is scheduled for 2019-01-26,PERSON,Mary
The meeting with Mary from Microsoft is scheduled for 2019-01-26,ORG,Microsoft
The meeting with John from Microsoft is scheduled for 2022-04-29,PERSON,John
The meeting with John from Microsoft is scheduled for 2022-04-29,ORG,Microsoft
The meeting with John from Microsoft is scheduled for 2007-10-25,PERSON,John
The meeting with John from Microsoft is scheduled for 2007-10-25,ORG,Microsoft
Sara works at Microsoft in New York since 2002-01-13,PERSON,Sara
Sara works at Microsoft in New York since 2002-01-13,ORG,Microsoft
Alex works at Amazon in New York since 1979-07-21,PERSON,Alex
Alex works at Amazon in New York since 1979-07-21,ORG,Amazon
Sara attended a conference on 1973-11-05,PERSON,Sara
The meeting with Alex from Amazon is scheduled for 2018-10-05,PERSON,Alex
The meeting with Alex from Amazon is scheduled for 2018-10-05,ORG,Amazon
The meeting with Sara from Microsoft is scheduled for 1985-08-01,PERSON,Sara
The meeting with Sara from Microsoft is scheduled for 1985-08-01,ORG,Microsoft
Mary works at Meta in New York since 2000-02-29,PERSON,Mary
Mary works at Meta in New York since 2000-02-29,ORG,Meta
The meeting with John from Amazon is scheduled for 1980-08-15,PERSON,John
The meeting with John from Amazon is scheduled for 1980-08-15,ORG,Amazon
Sara works at Meta in Tokyo since 1980-12-20,PERSON,Sara
Sara works at Meta in Tokyo since 1980-12-20,ORG,Meta
Sara works at Meta in Tokyo since 1980-12-20,GPE,Tokyo
Meta announced new projects starting 1970-02-08,ORG,Meta
Sara attended a conference on 2006-07-20,PERSON,Sara
Mary works at Microsoft in New York since 2009-09-30,PERSON,Mary
Mary works at Microsoft in New York since 2009-09-30,ORG,Microsoft
Mary attended a conference on 1984-05-10,PERSON,Mary
The meeting with Mary from Microsoft is scheduled for 2023-04-24,PERSON,Mary
The meeting with Mary from Microsoft is scheduled for 2023-04-24,ORG,Microsoft
Alex works at Google in London since 1994-06-06,PERSON,Alex
Alex works at Google in London since 1994-06-06,ORG,Google
Alex works at Google in London since 1994-06-06,GPE,London
Mary attended a conference on 2014-09-11,PERSON,Mary
Mary works at Meta in Paris since 2017-12-02,PERSON,Mary
Mary works at Meta in Paris since 2017-12-02,ORG,Meta
Mary works at Meta in Paris since 2017-12-02,GPE,Paris
Paris will host the event in 1977-10-26,GPE,Paris
The meeting with Sara from Google is scheduled for 1997-10-01,PERSON,Sara
The meeting with Sara from Google is scheduled for 1997-10-01,ORG,Google
Microsoft announced new projects starting 2016-06-21,ORG,Microsoft
Tokyo will host the event in 1979-03-09,GPE,Tokyo
Sara attended a conference on 1979-03-18,PERSON,Sara
Sara attended a conference on 1982-01-05,PERSON,Sara
Microsoft announced new projects starting 1975-07-24,ORG,Microsoft
Amazon announced new projects starting 2024-10-06,ORG,Amazon
John attended a conference on 1975-02-26,PERSON,John
Sara works at Meta in New York since 1971-01-11,PERSON,Sara
Sara works at Meta in New York since 1971-01-11,ORG,Meta
Alex works at Amazon in London since 1977-02-10,PERSON,Alex
Alex works at Amazon in London since 1977-02-10,ORG,Amazon
Alex works at Amazon in London since 1977-02-10,GPE,London
Amazon announced new projects starting 1994-02-08,ORG,Amazon
Google announced new projects starting 2022-03-25,ORG,Google
London will host the event in 2009-04-27,GPE,London
Alex works at Meta in Paris since 2023-07-08,PERSON,Alex
Alex works at Meta in Paris since 2023-07-08,ORG,Meta
Alex works at Meta in Paris since 2023-07-08,GPE,Paris
John attended a conference on 1974-05-21,PERSON,John
Mary works at Microsoft in Tokyo since 1991-02-10,PERSON,Mary
Mary works at Microsoft in Tokyo since 1991-02-10,ORG,Microsoft
Mary works at Microsoft in Tokyo since 1991-02-10,GPE,Tokyo
Paris will host the event in 1972-04-22,GPE,Paris
John attended a conference on 1996-08-13,PERSON,John
Sara attended a conference on 1974-06-07,PERSON,Sara
Sara works at Google in London since 2018-06-05,PERSON,Sara
Sara works at Google in London since 2018-06-05,ORG,Google
Sara works at Google in London since 2018-06-05,GPE,London
The meeting with Alex from Amazon is scheduled for 1984-12-10,PERSON,Alex
The meeting with Alex from Amazon is scheduled for 1984-12-10,ORG,Amazon
Tokyo will host the event in 2017-09-21,GPE,Tokyo
Paris will host the event in 2010-08-03,GPE,Paris
London will host the event in 1999-11-03,GPE,London
John works at Microsoft in New York since 2008-11-07,PERSON,John
John works at Microsoft in New York since 2008-11-07,ORG,Microsoft
Alex attended a conference on 1972-02-06,PERSON,Alex
Alex works at Google in Tokyo since 1978-05-25,PERSON,Alex
Alex works at Google in Tokyo since 1978-05-25,ORG,Google
Alex works at Google in Tokyo since 1978-05-25,GPE,Tokyo
Sara works at Google in Tokyo since 2005-12-22,PERSON,Sara
Sara works at Google in Tokyo since 2005-12-22,ORG,Google
Sara works at Google in Tokyo since 2005-12-22,GPE,Tokyo
Sara attended a conference on 1999-02-16,PERSON,Sara
Paris will host the event in 1973-01-29,GPE,Paris
Tokyo will host the event in 1977-04-02,GPE,Tokyo
Alex attended a conference on 2005-11-01,PERSON,Alex
The meeting with Sara from Meta is scheduled for 2014-06-01,PERSON,Sara
The meeting with Sara from Meta is scheduled for 2014-06-01,ORG,Meta
Sara works at Google in London since 1999-06-10,PERSON,Sara
Sara works at Google in London since 1999-06-10,ORG,Google
Sara works at Google in London since 1999-06-10,GPE,London
The meeting with John from Microsoft is scheduled for 2007-03-06,PERSON,John
The meeting with John from Microsoft is scheduled for 2007-03-06,ORG,Microsoft
Tokyo will host the event in 1983-10-09,GPE,Tokyo
Meta announced new projects starting 2021-02-19,ORG,Meta
Paris will host the event in 2000-01-21,GPE,Paris
Microsoft announced new projects starting 1990-01-01,ORG,Microsoft
London will host the event in 2007-02-20,GPE,London
Tokyo will host the event in 2005-02-24,GPE,Tokyo
Paris will host the event in 1986-03-13,GPE,Paris
Sara attended a conference on 1976-12-02,PERSON,Sara
Amazon announced new projects starting 1983-10-18,ORG,Amazon
Sara works at Microsoft in Paris since 2015-12-06,PERSON,Sara
Sara works at Microsoft in Paris since 2015-12-06,ORG,Microsoft
Sara works at Microsoft in Paris since 2015-12-06,GPE,Paris
Paris will host the event in 1972-07-31,GPE,Paris
John works at Microsoft in New York since 1993-07-09,PERSON,John
John works at Microsoft in New York since 1993-07-09,ORG,Microsoft
Paris will host the event in 2015-05-11,GPE,Paris
Sara attended a conference on 1973-05-18,PERSON,Sara
The meeting with Mary from Meta is scheduled for 1985-11-01,PERSON,Mary
The meeting with Mary from Meta is scheduled for 1985-11-01,ORG,Meta
Sara works at Amazon in New York since 2001-07-07,PERSON,Sara
Sara works at Amazon in New York since 2001-07-07,ORG,Amazon
Google announced new projects starting 2003-09-04,ORG,Google
John attended a conference on 2006-03-26,PERSON,John
Mary works at Meta in Tokyo since 1973-03-29,PERSON,Mary
Mary works at Meta in Tokyo since 1973-03-29,ORG,Meta
Mary works at Meta in Tokyo since 1973-03-29,GPE,Tokyo
Paris will host the event in 1981-05-10,GPE,Paris
Alex attended a conference on 2022-01-17,PERSON,Alex
Mary works at Meta in London since 1970-05-04,PERSON,Mary
Mary works at Meta in London since 1970-05-04,ORG,Meta
Mary works at Meta in London since 1970-05-04,GPE,London
Microsoft announced new projects starting 1970-07-14,ORG,Microsoft
Tokyo will host the event in 2018-03-08,GPE,Tokyo
Tokyo will host the event in 1981-03-05,GPE,Tokyo
The meeting with Alex from Google is scheduled for 1973-12-14,PERSON,Alex
The meeting with Alex from Google is scheduled for 1973-12-14,ORG,Google
The meeting with John from Microsoft is scheduled for 2009-07-22,PERSON,John
The meeting with John from Microsoft is scheduled for 2009-07-22,ORG,Microsoft
Sara attended a conference on 2016-08-05,PERSON,Sara
Alex works at Microsoft in Paris since 1978-09-01,PERSON,Alex
Alex works at Microsoft in Paris since 1978-09-01,ORG,Microsoft
Alex works at Microsoft in Paris since 1978-09-01,GPE,Paris
John works at Amazon in London since 2004-09-02,PERSON,John
John works at Amazon in London since 2004-09-02,ORG,Amazon
John works at Amazon in London since 2004-09-02,GPE,London
Alex attended a conference on 1980-01-16,PERSON,Alex
John works at Meta in London since 1992-02-23,PERSON,John
John works at Meta in London since 1992-02-23,ORG,Meta
John works at Meta in London since 1992-02-23,GPE,London
Meta announced new projects starting 2019-01-30,ORG,Meta
Paris will host the event in 2024-03-31,GPE,Paris
The meeting with Mary from Amazon is scheduled for 1986-03-08,PERSON,Mary
The meeting with Mary from Amazon is scheduled for 1986-03-08,ORG,Amazon
London will host the event in 1983-03-19,GPE,London
Tokyo will host the event in 2010-04-11,GPE,Tokyo
The meeting with John from Meta is scheduled for 2016-04-29,PERSON,John
The meeting with John from Meta is scheduled for 2016-04-29,ORG,Meta
Paris will host the event in 1973-04-18,GPE,Paris
Sara attended a conference on 2006-06-10,PERSON,Sara
Google announced new projects starting 2003-05-22,ORG,Google
Alex works at Meta in London since 1977-07-28,PERSON,Alex
Alex works at Meta in London since 1977-07-28,ORG,Meta
Alex works at Meta in London since 1977-07-28,GPE,London
Amazon announced new projects starting 1993-02-18,ORG,Amazon
John attended a conference on 1981-09-21,PERSON,John
The meeting with Alex from Microsoft is scheduled for 2018-05-22,PERSON,Alex
The meeting with Alex from Microsoft is scheduled for 2018-05-22,ORG,Microsoft
John attended a conference on 2007-04-04,PERSON,John
Meta announced new projects starting 2016-05-30,ORG,Meta
John attended a conference on 2013-08-03,PERSON,John
Microsoft announced new projects starting 1992-05-03,ORG,Microsoft
Alex works at Microsoft in New York since 1991-02-12,PERSON,Alex
Alex works at Microsoft in New York since 1991-02-12,ORG,Microsoft
Sara attended a conference on 1993-06-20,PERSON,Sara
Meta announced new projects starting 2019-04-20,ORG,Meta
Google announced new projects starting 1985-08-20,ORG,Google
The meeting with Mary from Google is scheduled for 2010-08-14,PERSON,Mary
The meeting with Mary from Google is scheduled for 2010-08-14,ORG,Google
Sara attended a conference on 2002-08-05,PERSON,Sara
Paris will host the event in 1999-06-22,GPE,Paris
Paris will host the event in 2005-01-11,GPE,Paris
John attended a conference on 2002-03-27,PERSON,John
Meta announced new projects starting 1995-05-08,ORG,Meta
London will host the event in 1998-05-05,GPE,London
Mary works at Amazon in Paris since 2023-03-17,PERSON,Mary
Mary works at Amazon in Paris since 2023-03-17,ORG,Amazon
Mary works at Amazon in Paris since 2023-03-17,GPE,Paris
Paris will host the event in 2024-03-16,GPE,Paris
John attended a conference on 1997-03-09,PERSON,John
Sara attended a conference on 1992-07-17,PERSON,Sara
Sara attended a conference on 2015-02-05,PERSON,Sara
Alex attended a conference on 1970-12-06,PERSON,Alex
Microsoft announced new projects starting 1989-03-10,ORG,Microsoft
Mary works at Google in Paris since 2003-03-10,PERSON,Mary
Mary works at Google in Paris since 2003-03-10,ORG,Google
Mary works at Google in Paris since 2003-03-10,GPE,Paris
Tokyo will host the event in 2012-12-03,GPE,Tokyo
Alex attended a conference on 1970-09-15,PERSON,Alex
The meeting with Sara from Google is scheduled for 2024-01-26,PERSON,Sara
The meeting with Sara from Google is scheduled for 2024-01-26,ORG,Google
Amazon announced new projects starting 1984-08-18,ORG,Amazon
The meeting with Alex from Google is scheduled for 1993-12-30,PERSON,Alex
The meeting with Alex from Google is scheduled for 1993-12-30,ORG,Google
The meeting with Mary from Amazon is scheduled for 2006-10-29,PERSON,Mary
The meeting with Mary from Amazon is scheduled for 2006-10-29,ORG,Amazon
Mary attended a conference on 1982-01-28,PERSON,Mary
Meta announced new projects starting 1984-06-27,ORG,Meta
The meeting with Mary from Meta is scheduled for 1982-07-27,PERSON,Mary
The meeting with Mary from Meta is scheduled for 1982-07-27,ORG,Meta
John attended a conference on 2008-11-13,PERSON,John
Microsoft announced new projects starting 1986-03-19,ORG,Microsoft
Alex attended a conference on 2008-03-31,PERSON,Alex
The meeting with Sara from Google is scheduled for 2022-02-21,PERSON,Sara
The meeting with Sara from Google is scheduled for 2022-02-21,ORG,Google
Mary works at Microsoft in Paris since 1979-08-06,PERSON,Mary
Mary works at Microsoft in Paris since 1979-08-06,ORG,Microsoft
Mary works at Microsoft in Paris since 1979-08-06,GPE,Paris
Amazon announced new projects starting 2021-10-04,ORG,Amazon
Alex works at Meta in London since 2004-12-30,PERSON,Alex
Alex works at Meta in London since 2004-12-30,ORG,Meta
Alex works at Meta in London since 2004-12-30,GPE,London
Sara attended a conference on 1981-03-23,PERSON,Sara
Microsoft announced new projects starting 2005-06-19,ORG,Microsoft
Tokyo will host the event in 1999-10-16,GPE,Tokyo
Sara attended a conference on 2022-07-15,PERSON,Sara
Mary attended a conference on 2009-02-25,PERSON,Mary
The meeting with Mary from Google is scheduled for 1976-11-01,PERSON,Mary
The meeting with Mary from Google is scheduled for 1976-11-01,ORG,Google
Alex works at Google in New York since 2024-05-17,PERSON,Alex
Alex works at Google in New York since 2024-05-17,ORG,Google
John attended a conference on 1998-09-14,PERSON,John
The meeting with Alex from Microsoft is scheduled for 2016-08-30,PERSON,Alex
The meeting with Alex from Microsoft is scheduled for 2016-08-30,ORG,Microsoft
Alex attended a conference on 2012-02-07,PERSON,Alex
The meeting with Alex from Amazon is scheduled for 2024-06-22,PERSON,Alex
The meeting with Alex from Amazon is scheduled for 2024-06-22,ORG,Amazon
John works at Google in New York since 2011-02-12,PERSON,John
John works at Google in New York since 2011-02-12,ORG,Google
Meta announced new projects starting 1976-09-25,ORG,Meta
Amazon announced new projects starting 1975-05-24,ORG,Amazon
Sara works at Meta in New York since 1996-10-17,PERSON,Sara
Sara works at Meta in New York since 1996-10-17,ORG,Meta
Alex works at Google in New York since 1992-01-31,PERSON,Alex
Alex works at Google in New York since 1992-01-31,ORG,Google
Tokyo will host the event in 1995-04-12,GPE,Tokyo
The meeting with John from Amazon is scheduled for 2012-08-02,PERSON,John
The meeting with John from Amazon is scheduled for 2012-08-02,ORG,Amazon
Google announced new projects starting 2020-12-14,ORG,Google
Google announced new projects starting 1994-09-25,ORG,Google
The meeting with John from Amazon is scheduled for 2013-06-15,PERSON,John
The meeting with John from Amazon is scheduled for 2013-06-15,ORG,Amazon
Mary works at Meta in London since 1983-10-20,PERSON,Mary
Mary works at Meta in London since 1983-10-20,ORG,Meta
Mary works at Meta in London since 1983-10-20,GPE,London
The meeting with Alex from Amazon is scheduled for 1978-01-08,PERSON,Alex
The meeting with Alex from Amazon is scheduled for 1978-01-08,ORG,Amazon
Amazon announced new projects starting 1991-12-13,ORG,Amazon
Mary works at Microsoft in New York since 1972-06-16,PERSON,Mary
Mary works at Microsoft in New York since 1972-06-16,ORG,Microsoft
The meeting with Alex from Meta is scheduled for 2018-02-04,PERSON,Alex
The meeting with Alex from Meta is scheduled for 2018-02-04,ORG,Meta
Alex works at Google in New York since 2023-10-31,PERSON,Alex
Alex works at Google in New York since 2023-10-31,ORG,Google
Mary attended a conference on 2020-06-06,PERSON,Mary
Mary attended a conference on 1998-08-20,PERSON,Mary
Tokyo will host the event in 1970-02-26,GPE,Tokyo
The meeting with Alex from Amazon is scheduled for 1984-10-26,PERSON,Alex
The meeting with Alex from Amazon is scheduled for 1984-10-26,ORG,Amazon
Mary attended a conference on 1984-11-05,PERSON,Mary
London will host the event in 1980-09-07,GPE,London
Alex attended a conference on 1971-09-03,PERSON,Alex
Amazon announced new projects starting 2006-07-23,ORG,Amazon
Paris will host the event in 1975-05-11,GPE,Paris
Microsoft announced new projects starting 2009-07-07,ORG,Microsoft
Microsoft announced new projects starting 1983-01-10,ORG,Microsoft
John works at Microsoft in Paris since 2023-03-28,PERSON,John
John works at Microsoft in Paris since 2023-03-28,ORG,Microsoft
John works at Microsoft in Paris since 2023-03-28,GPE,Paris
Mary attended a conference on 1976-05-27,PERSON,Mary
Tokyo will host the event in 2022-12-04,GPE,Tokyo
Microsoft announced new projects starting 1997-12-19,ORG,Microsoft
Mary works at Google in Tokyo since 2014-05-22,PERSON,Mary
Mary works at Google in Tokyo since 2014-05-22,ORG,Google
Mary works at Google in Tokyo since 2014-05-22,GPE,Tokyo
Sara attended a conference on 2016-11-09,PERSON,Sara
The meeting with Sara from Amazon is scheduled for 2024-05-05,PERSON,Sara
The meeting with Sara from Amazon is scheduled for 2024-05-05,ORG,Amazon
Alex works at Microsoft in New York since 2000-03-27,PERSON,Alex
Alex works at Microsoft in New York since 2000-03-27,ORG,Microsoft
John attended a conference on 1990-12-25,PERSON,John
John works at Meta in Paris since 1981-10-05,PERSON,John
John works at Meta in Paris since 1981-10-05,ORG,Meta
John works at Meta in Paris since 1981-10-05,GPE,Paris
Sara attended a conference on 2013-05-10,PERSON,Sara
Alex works at Meta in New York since 2022-02-20,PERSON,Alex
Alex works at Meta in New York since 2022-02-20,ORG,Meta
Mary attended a conference on 1986-11-09,PERSON,Mary
John attended a conference on 1987-11-06,PERSON,John
John attended a conference on 1980-04-07,PERSON,John
The meeting with Sara from Amazon is scheduled for 2012-10-16,PERSON,Sara
The meeting with Sara from Amazon is scheduled for 2012-10-16,ORG,Amazon
London will host the event in 1975-09-29,GPE,London
Microsoft announced new projects starting 1982-12-06,ORG,Microsoft
Mary attended a conference on 1987-05-08,PERSON,Mary
Alex works at Microsoft in Tokyo since 2023-01-05,PERSON,Alex
Alex works at Microsoft in Tokyo since 2023-01-05,ORG,Microsoft
Alex works at Microsoft in Tokyo since 2023-01-05,GPE,Tokyo
The meeting with Mary from Amazon is scheduled for 1989-11-21,PERSON,Mary
The meeting with Mary from Amazon is scheduled for 1989-11-21,ORG,Amazon
Tokyo will host the event in 1985-11-27,GPE,Tokyo
Mary works at Google in London since 2020-10-17,PERSON,Mary
Mary works at Google in London since 2020-10-17,ORG,Google
Mary works at Google in London since 2020-10-17,GPE,London
Microsoft announced new projects starting 1979-09-21,ORG,Microsoft
Sara works at Amazon in Tokyo since 2024-05-27,PERSON,Sara
Sara works at Amazon in Tokyo since 2024-05-27,ORG,Amazon
Sara works at Amazon in Tokyo since 2024-05-27,GPE,Tokyo
The meeting with Mary from Microsoft is scheduled for 2016-04-08,PERSON,Mary
The meeting with Mary from Microsoft is scheduled for 2016-04-08,ORG,Microsoft
Microsoft announced new projects starting 2016-05-17,ORG,Microsoft
Mary attended a conference on 1972-10-19,PERSON,Mary
The meeting with John from Meta is scheduled for 1998-03-27,PERSON,John
The meeting with John from Meta is scheduled for 1998-03-27,ORG,Meta
Alex works at Meta in New York since 1976-01-20,PERSON,Alex
Alex works at Meta in New York since 1976-01-20,ORG,Meta
Mary attended a conference on 1991-10-18,PERSON,Mary
Sara attended a conference on 2019-12-01,PERSON,Sara
Mary attended a conference on 2011-11-26,PERSON,Mary
Meta announced new projects starting 1988-10-04,ORG,Meta
London will host the event in 1988-08-31,GPE,London
Paris will host the event in 1976-12-14,GPE,Paris
The meeting with Mary from Microsoft is scheduled for 1974-11-18,PERSON,Mary
The meeting with Mary from Microsoft is scheduled for 1974-11-18,ORG,Microsoft
London will host the event in 1980-10-30,GPE,London
Microsoft announced new projects starting 1978-09-16,ORG,Microsoft
Alex attended a conference on 1976-05-26,PERSON,Alex
Google announced new projects starting 2018-04-04,ORG,Google
Paris will host the event in 1982-04-14,GPE,Paris
Mary works at Microsoft in Paris since 2007-06-06,PERSON,Mary
Mary works at Microsoft in Paris since 2007-06-06,ORG,Microsoft
Mary works at Microsoft in Paris since 2007-06-06,GPE,Paris
Alex attended a conference on 2022-06-24,PERSON,Alex
Google announced new projects starting 2010-10-21,ORG,Google
London will host the event in 2003-06-21,GPE,London
London will host the event in 1988-03-17,GPE,London
Amazon announced new projects starting 1985-01-03,ORG,Amazon
Mary attended a conference on 1994-02-25,PERSON,Mary
Mary attended a conference on 2004-08-26,PERSON,Mary
Alex attended a conference on 1994-08-28,PERSON,Alex
John attended a conference on 2009-09-05,PERSON,John
The meeting with Alex from Google is scheduled for 1975-01-03,PERSON,Alex
The meeting with Alex from Google is scheduled for 1975-01-03,ORG,Google
John attended a conference on 1985-07-21,PERSON,John
John attended a conference on 2001-04-05,PERSON,John
The meeting with Alex from Amazon is scheduled for 2011-09-13,PERSON,Alex
The meeting with Alex from Amazon is scheduled for 2011-09-13,ORG,Amazon
John works at Microsoft in Tokyo since 2018-12-27,PERSON,John
John works at Microsoft in Tokyo since 2018-12-27,ORG,Microsoft
John works at Microsoft in Tokyo since 2018-12-27,GPE,Tokyo
John attended a conference on 2022-11-25,PERSON,John
John works at Amazon in Paris since 1977-10-08,PERSON,John
John works at Amazon in Paris since 1977-10-08,ORG,Amazon
John works at Amazon in Paris since 1977-10-08,GPE,Paris
Sara attended a conference on 1997-03-17,PERSON,Sara
The meeting with John from Google is scheduled for 2021-06-21,PERSON,John
The meeting with John from Google is scheduled for 2021-06-21,ORG,Google
Alex works at Microsoft in London since 2009-08-29,PERSON,Alex
Alex works at Microsoft in London since 2009-08-29,ORG,Microsoft
Alex works at Microsoft in London since 2009-08-29,GPE,London
Microsoft announced new projects starting 2006-06-19,ORG,Microsoft
Tokyo will host the event in 2024-11-07,GPE,Tokyo
The meeting with Sara from Google is scheduled for 1976-07-24,PERSON,Sara
The meeting with Sara from Google is scheduled for 1976-07-24,ORG,Google
Tokyo will host the event in 1977-03-25,GPE,Tokyo
Amazon announced new projects starting 2001-04-26,ORG,Amazon
The meeting with Alex from Google is scheduled for 2024-07-14,PERSON,Alex
The meeting with Alex from Google is scheduled for 2024-07-14,ORG,Google
Sara attended a conference on 1992-01-20,PERSON,Sara
The meeting with Sara from Amazon is scheduled for 1990-10-24,PERSON,Sara
The meeting with Sara from Amazon is scheduled for 1990-10-24,ORG,Amazon
Tokyo will host the event in 1984-04-13,GPE,Tokyo
Meta announced new projects starting 1991-08-09,ORG,Meta
The meeting with John from Google is scheduled for 2012-07-19,PERSON,John
The meeting with John from Google is scheduled for 2012-07-19,ORG,Google
The meeting with Mary from Meta is scheduled for 2019-12-05,PERSON,Mary
The meeting with Mary from Meta is scheduled for 2019-12-05,ORG,Meta
Microsoft announced new projects starting 2009-08-10,ORG,Microsoft
Mary attended a conference on 1996-04-08,PERSON,Mary
Alex works at Amazon in Tokyo since 2008-04-20,PERSON,Alex
Alex works at Amazon in Tokyo since 2008-04-20,ORG,Amazon
Alex works at Amazon in Tokyo since 2008-04-20,GPE,Tokyo
Mary works at Meta in Paris since 2007-06-11,PERSON,Mary
Mary works at Meta in Paris since 2007-06-11,ORG,Meta
Mary works at Meta in Paris since 2007-06-11,GPE,Paris
Mary attended a conference on 1987-08-13,PERSON,Mary
The meeting with Sara from Microsoft is scheduled for 1989-06-03,PERSON,Sara
The meeting with Sara from Microsoft is scheduled for 1989-06-03,ORG,Microsoft
Alex attended a conference on 2020-05-26,PERSON,Alex
The meeting with Mary from Google is scheduled for 2005-10-17,PERSON,Mary
The meeting with Mary from Google is scheduled for 2005-10-17,ORG,Google
Microsoft announced new projects starting 1987-09-03,ORG,Microsoft
Mary works at Amazon in Tokyo since 2003-05-20,PERSON,Mary
Mary works at Amazon in Tokyo since 2003-05-20,ORG,Amazon
Mary works at Amazon in Tokyo since 2003-05-20,GPE,Tokyo
Tokyo will host the event in 2016-11-11,GPE,Tokyo
John works at Microsoft in Tokyo since 2007-08-11,PERSON,John
John works at Microsoft in Tokyo since 2007-08-11,ORG,Microsoft
John works at Microsoft in Tokyo since 2007-08-11,GPE,Tokyo
Sara works at Amazon in Tokyo since 2006-05-05,PERSON,Sara
Sara works at Amazon in Tokyo since 2006-05-05,ORG,Amazon
Sara works at Amazon in Tokyo since 2006-05-05,GPE,Tokyo
The meeting with Alex from Microsoft is scheduled for 1988-04-15,PERSON,Alex
The meeting with Alex from Microsoft is scheduled for 1988-04-15,ORG,Microsoft
Amazon announced new projects starting 1998-12-18,ORG,Amazon
London will host the event in 1999-09-11,GPE,London
Amazon announced new projects starting 2000-07-04,ORG,Amazon
Paris will host the event in 2010-05-19,GPE,Paris
Google announced new projects starting 1970-03-05,ORG,Google
Sara works at Microsoft in Paris since 1979-04-06,PERSON,Sara
Sara works at Microsoft in Paris since 1979-04-06,ORG,Microsoft
Sara works at Microsoft in Paris since 1979-04-06,GPE,Paris
London will host the event in 1982-05-02,GPE,London
The meeting with Sara from Microsoft is scheduled for 1987-04-26,PERSON,Sara
The meeting with Sara from Microsoft is scheduled for 1987-04-26,ORG,Microsoft
Paris will host the event in 1983-08-20,GPE,Paris
Sara works at Microsoft in Tokyo since 1975-01-05,PERSON,Sara
Sara works at Microsoft in Tokyo since 1975-01-05,ORG,Microsoft
Sara works at Microsoft in Tokyo since 1975-01-05,GPE,Tokyo
Alex works at Google in London since 1998-01-20,PERSON,Alex
Alex works at Google in London since 1998-01-20,ORG,Google
Alex works at Google in London since 1998-01-20,GPE,London
Mary attended a conference on 2009-06-06,PERSON,Mary
Microsoft announced new projects starting 2007-01-19,ORG,Microsoft
Mary works at Amazon in London since 1970-09-02,PERSON,Mary
Mary works at Amazon in London since 1970-09-02,ORG,Amazon
Mary works at Amazon in London since 1970-09-02,GPE,London
The meeting with Mary from Amazon is scheduled for 2018-02-04,PERSON,Mary
The meeting with Mary from Amazon is scheduled for 2018-02-04,ORG,Amazon
Sara works at Meta in Paris since 1972-12-25,PERSON,Sara
Sara works at Meta in Paris since 1972-12-25,ORG,Meta
Sara works at Meta in Paris since 1972-12-25,GPE,Paris
Sara works at Google in Paris since 1975-10-18,PERSON,Sara
Sara works at Google in Paris since 1975-10-18,ORG,Google
Sara works at Google in Paris since 1975-10-18,GPE,Paris
Mary works at Google in Paris since 2002-10-18,PERSON,Mary
Mary works at Google in Paris since 2002-10-18,ORG,Google
Mary works at Google in Paris since 2002-10-18,GPE,Paris
Amazon announced new projects starting 1985-03-13,ORG,Amazon
Sara attended a conference on 1991-06-08,PERSON,Sara
The meeting with Mary from Amazon is scheduled for 2012-04-10,PERSON,Mary
The meeting with Mary from Amazon is scheduled for 2012-04-10,ORG,Amazon
The meeting with John from Google is scheduled for 2017-02-17,PERSON,John
The meeting with John from Google is scheduled for 2017-02-17,ORG,Google
London will host the event in 1996-02-10,GPE,London
Alex attended a conference on 2005-07-28,PERSON,Alex
The meeting with Mary from Amazon is scheduled for 2014-01-28,PERSON,Mary
The meeting with Mary from Amazon is scheduled for 2014-01-28,ORG,Amazon
The meeting with Sara from Microsoft is scheduled for 2012-04-19,PERSON,Sara
The meeting with Sara from Microsoft is scheduled for 2012-04-19,ORG,Microsoft
The meeting with Sara from Microsoft is scheduled for 2001-02-23,PERSON,Sara
The meeting with Sara from Microsoft is scheduled for 2001-02-23,ORG,Microsoft
Sara attended a conference on 2017-04-25,PERSON,Sara
The meeting with Alex from Microsoft is scheduled for 2014-07-10,PERSON,Alex
The meeting with Alex from Microsoft is scheduled for 2014-07-10,ORG,Microsoft
The meeting with Alex from Google is scheduled for 1975-05-11,PERSON,Alex
The meeting with Alex from Google is scheduled for 1975-05-11,ORG,Google
Alex attended a conference on 1988-12-04,PERSON,Alex
Tokyo will host the event in 2020-11-08,GPE,Tokyo
John attended a conference on 1992-04-03,PERSON,John
John attended a conference on 1995-02-05,PERSON,John
Mary works at Meta in Tokyo since 2002-06-18,PERSON,Mary
Mary works at Meta in Tokyo since 2002-06-18,ORG,Meta
Mary works at Meta in Tokyo since 2002-06-18,GPE,Tokyo
Tokyo will host the event in 2010-04-10,GPE,Tokyo
Meta announced new projects starting 2009-06-22,ORG,Meta
Google announced new projects starting 1972-12-09,ORG,Google
The meeting with Alex from Amazon is scheduled for 2005-03-03,PERSON,Alex
The meeting with Alex from Amazon is scheduled for 2005-03-03,ORG,Amazon
Google announced new projects starting 2015-02-21,ORG,Google
John works at Amazon in Tokyo since 1986-08-02,PERSON,John
John works at Amazon in Tokyo since 1986-08-02,ORG,Amazon
John works at Amazon in Tokyo since 1986-08-02,GPE,Tokyo
The meeting with Alex from Amazon is scheduled for 2001-06-08,PERSON,Alex
The meeting with Alex from Amazon is scheduled for 2001-06-08,ORG,Amazon
Mary works at Microsoft in Paris since 1995-04-15,PERSON,Mary
Mary works at Microsoft in Paris since 1995-04-15,ORG,Microsoft
Mary works at Microsoft in Paris since 1995-04-15,GPE,Paris
John works at Meta in Tokyo since 1987-03-08,PERSON,John
John works at Meta in Tokyo since 1987-03-08,ORG,Meta
John works at Meta in Tokyo since 1987-03-08,GPE,Tokyo
Sara works at Meta in Tokyo since 2010-05-18,PERSON,Sara
Sara works at Meta in Tokyo since 2010-05-18,ORG,Meta
Sara works at Meta in Tokyo since 2010-05-18,GPE,Tokyo
The meeting with Mary from Microsoft is scheduled for 1980-07-26,PERSON,Mary
The meeting with Mary from Microsoft is scheduled for 1980-07-26,ORG,Microsoft
Tokyo will host the event in 2010-08-25,GPE,Tokyo
The meeting with Sara from Meta is scheduled for 1984-07-01,PERSON,Sara
The meeting with Sara from Meta is scheduled for 1984-07-01,ORG,Meta
Alex attended a conference on 1991-11-22,PERSON,Alex
Amazon announced new projects starting 2010-09-25,ORG,Amazon
Alex attended a conference on 2011-08-29,PERSON,Alex
Amazon announced new projects starting 2013-08-17,ORG,Amazon
Alex attended a conference on 1998-04-07,PERSON,Alex
Paris will host the event in 2008-03-31,GPE,Paris
Google announced new projects starting 1995-04-25,ORG,Google
Mary works at Amazon in Paris since 2005-09-24,PERSON,Mary
Mary works at Amazon in Paris since 2005-09-24,ORG,Amazon
Mary works at Amazon in Paris since 2005-09-24,GPE,Paris
Google announced new projects starting 1974-12-12,ORG,Google
Sara works at Meta in New York since 1996-10-01,PERSON,Sara
Sara works at Meta in New York since 1996-10-01,ORG,Meta
Sara attended a conference on 1991-09-26,PERSON,Sara
The meeting with Mary from Meta is scheduled for 2018-12-24,PERSON,Mary
The meeting with Mary from Meta is scheduled for 2018-12-24,ORG,Meta
Tokyo will host the event in 1997-10-29,GPE,Tokyo
London will host the event in 2021-01-12,GPE,London
Meta announced new projects starting 2004-11-04,ORG,Meta
Tokyo will host the event in 2024-08-14,GPE,Tokyo
Mary works at Microsoft in London since 1979-03-06,PERSON,Mary
Mary works at Microsoft in London since 1979-03-06,ORG,Microsoft
Mary works at Microsoft in London since 1979-03-06,GPE,London
Alex attended a conference on 1973-02-10,PERSON,Alex
Sara attended a conference on 2006-05-09,PERSON,Sara
Sara works at Meta in Paris since 1982-06-07,PERSON,Sara
Sara works at Meta in Paris since 1982-06-07,ORG,Meta
Sara works at Meta in Paris since 1982-06-07,GPE,Paris
Sara works at Microsoft in London since 1997-11-25,PERSON,Sara
Sara works at Microsoft in London since 1997-11-25,ORG,Microsoft
Sara works at Microsoft in London since 1997-11-25,GPE,London
Paris will host the event in 2015-03-17,GPE,Paris
Sara attended a conference on 1993-07-24,PERSON,Sara
Alex works at Amazon in Tokyo since 2017-09-08,PERSON,Alex
Alex works at Amazon in Tokyo since 2017-09-08,ORG,Amazon
Alex works at Amazon in Tokyo since 2017-09-08,GPE,Tokyo
London will host the event in 1981-04-05,GPE,London
The meeting with John from Google is scheduled for 1977-04-04,PERSON,John
The meeting with John from Google is scheduled for 1977-04-04,ORG,Google
Sara attended a conference on 2016-10-14,PERSON,Sara
Mary attended a conference on 2014-11-12,PERSON,Mary
Google announced new projects starting 2014-02-05,ORG,Google
John attended a conference on 2004-07-07,PERSON,John
The meeting with Alex from Meta is scheduled for 2013-06-16,PERSON,Alex
The meeting with Alex from Meta is scheduled for 2013-06-16,ORG,Meta
Mary works at Google in Paris since 1970-07-02,PERSON,Mary
Mary works at Google in Paris since 1970-07-02,ORG,Google
Mary works at Google in Paris since 1970-07-02,GPE,Paris
Sara attended a conference on 2013-02-15,PERSON,Sara
Meta announced new projects starting 2012-06-01,ORG,Meta
Amazon announced new projects starting 1978-12-14,ORG,Amazon
The meeting with Mary from Amazon is scheduled for 2013-07-03,PERSON,Mary
The meeting with Mary from Amazon is scheduled for 2013-07-03,ORG,Amazon
The meeting with Sara from Meta is scheduled for 1997-10-28,PERSON,Sara
The meeting with Sara from Meta is scheduled for 1997-10-28,ORG,Meta
Paris will host the event in 1993-09-18,GPE,Paris
The meeting with Sara from Amazon is scheduled for 1998-02-23,PERSON,Sara
The meeting with Sara from Amazon is scheduled for 1998-02-23,ORG,Amazon
The meeting with Sara from Amazon is scheduled for 2007-01-21,PERSON,Sara
The meeting with Sara from Amazon is scheduled for 2007-01-21,ORG,Amazon
John attended a conference on 1976-02-02,PERSON,John
Alex works at Amazon in Paris since 2009-04-04,PERSON,Alex
Alex works at Amazon in Paris since 2009-04-04,ORG,Amazon
Alex works at Amazon in Paris since 2009-04-04,GPE,Paris
Google announced new projects starting 1995-03-30,ORG,Google
Meta announced new projects starting 2003-09-10,ORG,Meta
London will host the event in 1974-11-16,GPE,London
Amazon announced new projects starting 2022-09-28,ORG,Amazon
The meeting with John from Google is scheduled for 1997-08-11,PERSON,John
The meeting with John from Google is scheduled for 1997-08-11,ORG,Google
Google announced new projects starting 2008-02-02,ORG,Google
John attended a conference on 1976-07-26,PERSON,John
London will host the event in 1970-05-17,GPE,London
John works at Google in Paris since 2020-01-06,PERSON,John
John works at Google in Paris since 2020-01-06,ORG,Google
John works at Google in Paris since 2020-01-06,GPE,Paris
Meta announced new projects starting 1988-02-19,ORG,Meta
Meta announced new projects starting 2020-02-14,ORG,Meta
Alex works at Meta in Tokyo since 1978-08-23,PERSON,Alex
Alex works at Meta in Tokyo since 1978-08-23,ORG,Meta
Alex works at Meta in Tokyo since 1978-08-23,GPE,Tokyo
The meeting with Alex from Amazon is scheduled for 1972-07-18,PERSON,Alex
The meeting with Alex from Amazon is scheduled for 1972-07-18,ORG,Amazon
Sara attended a conference on 2001-11-25,PERSON,Sara
Sara works at Microsoft in New York since 2013-08-09,PERSON,Sara
Sara works at Microsoft in New York since 2013-08-09,ORG,Microsoft
Amazon announced new projects starting 2003-10-11,ORG,Amazon
Mary attended a conference on 1995-06-18,PERSON,Mary
Mary works at Meta in Paris since 1975-04-04,PERSON,Mary
Mary works at Meta in Paris since 1975-04-04,ORG,Meta
Mary works at Meta in Paris since 1975-04-04,GPE,Paris
Mary attended a conference on 1981-10-14,PERSON,Mary
Google announced new projects starting 2010-08-26,ORG,Google
Mary attended a conference on 1980-02-24,PERSON,Mary
London will host the event in 2020-07-02,GPE,London
Microsoft announced new projects starting 1973-10-28,ORG,Microsoft
Alex attended a conference on 1988-02-08,PERSON,Alex
The meeting with Sara from Microsoft is scheduled for 2015-05-17,PERSON,Sara
The meeting with Sara from Microsoft is scheduled for 2015-05-17,ORG,Microsoft
The meeting with Mary from Meta is scheduled for 1991-06-04,PERSON,Mary
The meeting with Mary from Meta is scheduled for 1991-06-04,ORG,Meta
Google announced new projects starting 1984-01-04,ORG,Google
Meta announced new projects starting 1999-02-06,ORG,Meta
Tokyo will host the event in 2015-09-01,GPE,Tokyo
The meeting with John from Amazon is scheduled for 1995-05-26,PERSON,John
The meeting with John from Amazon is scheduled for 1995-05-26,ORG,Amazon
Sara attended a conference on 1973-08-16,PERSON,Sara
Microsoft announced new projects starting 2003-08-31,ORG,Microsoft
Mary attended a conference on 1976-03-28,PERSON,Mary
Paris will host the event in 1971-02-01,GPE,Paris
The meeting with Alex from Google is scheduled for 2013-02-27,PERSON,Alex
The meeting with Alex from Google is scheduled for 2013-02-27,ORG,Google
Alex attended a conference on 2021-11-11,PERSON,Alex
Alex works at Google in Tokyo since 2011-06-21,PERSON,Alex
Alex works at Google in Tokyo since 2011-06-21,ORG,Google
Alex works at Google in Tokyo since 2011-06-21,GPE,Tokyo
Amazon announced new projects starting 1985-07-06,ORG,Amazon
Mary works at Meta in New York since 1979-01-23,PERSON,Mary
Mary works at Meta in New York since 1979-01-23,ORG,Meta
Microsoft announced new projects starting 2000-02-15,ORG,Microsoft
Microsoft announced new projects starting 1981-12-19,ORG,Microsoft
Sara attended a conference on 1984-10-20,PERSON,Sara
Microsoft announced new projects starting 1988-11-13,ORG,Microsoft
Tokyo will host the event in 1972-08-28,GPE,Tokyo
Meta announced new projects starting 2017-04-07,ORG,Meta
Meta announced new projects starting 2020-10-23,ORG,Meta
Alex works at Microsoft in New York since 2012-04-22,PERSON,Alex
Alex works at Microsoft in New York since 2012-04-22,ORG,Microsoft
The meeting with Alex from Meta is scheduled for 1974-08-30,PERSON,Alex
The meeting with Alex from Meta is scheduled for 1974-08-30,ORG,Meta
Alex attended a conference on 2023-06-30,PERSON,Alex
Amazon announced new projects starting 1993-07-08,ORG,Amazon
London will host the event in 2017-01-21,GPE,London
Google announced new projects starting 1993-06-02,ORG,Google
Mary works at Google in Paris since 2011-03-24,PERSON,Mary
Mary works at Google in Paris since 2011-03-24,ORG,Google
Mary works at Google in Paris since 2011-03-24,GPE,Paris
John works at Microsoft in New York since 1988-06-16,PERSON,John
John works at Microsoft in New York since 1988-06-16,ORG,Microsoft
The meeting with Mary from Google is scheduled for 2012-08-31,PERSON,Mary
The meeting with Mary from Google is scheduled for 2012-08-31,ORG,Google
John works at Microsoft in New York since 1999-12-06,PERSON,John
John works at Microsoft in New York since 1999-12-06,ORG,Microsoft
Mary works at Meta in New York since 1996-01-25,PERSON,Mary
Mary works at Meta in New York since 1996-01-25,ORG,Meta
The meeting with Mary from Microsoft is scheduled for 1984-04-01,PERSON,Mary
The meeting with Mary from Microsoft is scheduled for 1984-04-01,ORG,Microsoft
John attended a conference on 2018-01-22,PERSON,John
London will host the event in 1989-04-22,GPE,London
Sara attended a conference on 2021-12-20,PERSON,Sara
Sara attended a conference on 1985-06-11,PERSON,Sara
Alex attended a conference on 2024-08-21,PERSON,Alex
The meeting with John from Meta is scheduled for 1991-09-13,PERSON,John
The meeting with John from Meta is scheduled for 1991-09-13,ORG,Meta
The meeting with John from Meta is scheduled for 2025-03-05,PERSON,John
The meeting with John from Meta is scheduled for 2025-03-05,ORG,Meta
Alex attended a conference on 1972-08-14,PERSON,Alex
The meeting with John from Amazon is scheduled for 1976-11-08,PERSON,John
The meeting with John from Amazon is scheduled for 1976-11-08,ORG,Amazon
Alex attended a conference on 1989-12-22,PERSON,Alex
The meeting with Mary from Meta is scheduled for 1989-07-29,PERSON,Mary
The meeting with Mary from Meta is scheduled for 1989-07-29,ORG,Meta
Microsoft announced new projects starting 2013-12-11,ORG,Microsoft
Alex works at Google in Tokyo since 2021-11-20,PERSON,Alex
Alex works at Google in Tokyo since 2021-11-20,ORG,Google
Alex works at Google in Tokyo since 2021-11-20,GPE,Tokyo
Alex attended a conference on 1983-11-26,PERSON,Alex
The meeting with Alex from Amazon is scheduled for 1976-07-07,PERSON,Alex
The meeting with Alex from Amazon is scheduled for 1976-07-07,ORG,Amazon
Google announced new projects starting 1979-11-12,ORG,Google
London will host the event in 1976-06-12,GPE,London
The meeting with Alex from Amazon is scheduled for 2000-11-17,PERSON,Alex
The meeting with Alex from Amazon is scheduled for 2000-11-17,ORG,Amazon
London will host the event in 1983-06-21,GPE,London
Sara works at Microsoft in London since 1993-12-23,PERSON,Sara
Sara works at Microsoft in London since 1993-12-23,ORG,Microsoft
Sara works at Microsoft in London since 1993-12-23,GPE,London
Paris will host the event in 1989-01-22,GPE,Paris
Microsoft announced new projects starting 2005-10-14,ORG,Microsoft
John works at Google in Paris since 2024-09-01,PERSON,John
John works at Google in Paris since 2024-09-01,ORG,Google
John works at Google in Paris since 2024-09-01,GPE,Paris
Mary attended a conference on 1993-05-09,PERSON,Mary
John attended a conference on 2014-06-17,PERSON,John
Mary works at Google in Paris since 1977-06-27,PERSON,Mary
Mary works at Google in Paris since 1977-06-27,ORG,Google
Mary works at Google in Paris since 1977-06-27,GPE,Paris
Microsoft announced new projects starting 2018-09-19,ORG,Microsoft
Alex attended a conference on 1993-10-05,PERSON,Alex
Tokyo will host the event in 1980-07-29,GPE,Tokyo
Alex works at Amazon in New York since 2023-01-02,PERSON,Alex
Alex works at Amazon in New York since 2023-01-02,ORG,Amazon
Google announced new projects starting 2000-10-10,ORG,Google
The meeting with Alex from Meta is scheduled for 1989-01-23,PERSON,Alex
The meeting with Alex from Meta is scheduled for 1989-01-23,ORG,Meta
Alex works at Amazon in London since 1976-01-21,PERSON,Alex
Alex works at Amazon in London since 1976-01-21,ORG,Amazon
Alex works at Amazon in London since 1976-01-21,GPE,London
Tokyo will host the event in 2005-12-18,GPE,Tokyo
The meeting with Mary from Microsoft is scheduled for 2013-10-07,PERSON,Mary
The meeting with Mary from Microsoft is scheduled for 2013-10-07,ORG,Microsoft
Sara works at Meta in New York since 1995-01-17,PERSON,Sara
Sara works at Meta in New York since 1995-01-17,ORG,Meta
Tokyo will host the event in 2019-07-03,GPE,Tokyo
The meeting with Alex from Meta is scheduled for 1989-05-13,PERSON,Alex
The meeting with Alex from Meta is scheduled for 1989-05-13,ORG,Meta
The meeting with Alex from Amazon is scheduled for 1999-02-07,PERSON,Alex
The meeting with Alex from Amazon is scheduled for 1999-02-07,ORG,Amazon
Amazon announced new projects starting 2016-09-11,ORG,Amazon
The meeting with Alex from Microsoft is scheduled for 1976-05-18,PERSON,Alex
The meeting with Alex from Microsoft is scheduled for 1976-05-18,ORG,Microsoft
John attended a conference on 2016-09-20,PERSON,John
The meeting with Mary from Google is scheduled for 2010-01-10,PERSON,Mary
The meeting with Mary from Google is scheduled for 2010-01-10,ORG,Google
Google announced new projects starting 2021-05-20,ORG,Google
The meeting with Mary from Microsoft is scheduled for 2019-02-07,PERSON,Mary
The meeting with Mary from Microsoft is scheduled for 2019-02-07,ORG,Microsoft
Mary attended a conference on 2006-07-27,PERSON,Mary
Microsoft announced new projects starting 2005-11-08,ORG,Microsoft
Microsoft announced new projects starting 2015-09-06,ORG,Microsoft
Microsoft announced new projects starting 2008-08-19,ORG,Microsoft
John attended a conference on 1998-12-16,PERSON,John
Tokyo will host the event in 2019-07-18,GPE,Tokyo
Sara works at Amazon in Tokyo since 2024-11-29,PERSON,Sara
Sara works at Amazon in Tokyo since 2024-11-29,ORG,Amazon
Sara works at Amazon in Tokyo since 2024-11-29,GPE,Tokyo
The meeting with Alex from Microsoft is scheduled for 1982-03-26,PERSON,Alex
The meeting with Alex from Microsoft is scheduled for 1982-03-26,ORG,Microsoft
John works at Microsoft in Tokyo since 1990-07-11,PERSON,John
John works at Microsoft in Tokyo since 1990-07-11,ORG,Microsoft
John works at Microsoft in Tokyo since 1990-07-11,GPE,Tokyo
Google announced new projects starting 1971-02-23,ORG,Google
John works at Amazon in Tokyo since 1993-04-15,PERSON,John
John works at Amazon in Tokyo since 1993-04-15,ORG,Amazon
John works at Amazon in Tokyo since 1993-04-15,GPE,Tokyo
Sara works at Microsoft in New York since 1981-10-17,PERSON,Sara
Sara works at Microsoft in New York since 1981-10-17,ORG,Microsoft
Mary attended a conference on 2000-11-01,PERSON,Mary
Sara attended a conference on 1995-12-17,PERSON,Sara
Meta announced new projects starting 2010-04-13,ORG,Meta
The meeting with Alex from Microsoft is scheduled for 2016-12-20,PERSON,Alex
The meeting with Alex from Microsoft is scheduled for 2016-12-20,ORG,Microsoft
Paris will host the event in 1979-08-01,GPE,Paris
Paris will host the event in 1990-04-26,GPE,Paris
Mary attended a conference on 1998-03-29,PERSON,Mary
Paris will host the event in 1975-11-30,GPE,Paris
Mary works at Meta in London since 2002-02-24,PERSON,Mary
Mary works at Meta in London since 2002-02-24,ORG,Meta
Mary works at Meta in London since 2002-02-24,GPE,London
Google announced new projects starting 2000-09-21,ORG,Google
Mary works at Meta in Paris since 1993-08-11,PERSON,Mary
Mary works at Meta in Paris since 1993-08-11,ORG,Meta
Mary works at Meta in Paris since 1993-08-11,GPE,Paris
Meta announced new projects starting 1992-12-17,ORG,Meta
John works at Meta in Paris since 2021-09-08,PERSON,John
John works at Meta in Paris since 2021-09-08,ORG,Meta
John works at Meta in Paris since 2021-09-08,GPE,Paris
Alex works at Google in New York since 1988-02-09,PERSON,Alex
Alex works at Google in New York since 1988-02-09,ORG,Google
Google announced new projects starting 2020-09-07,ORG,Google
The meeting with Alex from Meta is scheduled for 2022-01-29,PERSON,Alex
The meeting with Alex from Meta is scheduled for 2022-01-29,ORG,Meta
Mary attended a conference on 2002-04-22,PERSON,Mary
Sara works at Google in New York since 1972-08-14,PERSON,Sara
Sara works at Google in New York since 1972-08-14,ORG,Google
Amazon announced new projects starting 2001-07-12,ORG,Amazon
Mary attended a conference on 1979-10-08,PERSON,Mary
London will host the event in 2013-09-07,GPE,London
Mary attended a conference on 1974-06-20,PERSON,Mary
The meeting with Sara from Meta is scheduled for 1981-08-10,PERSON,Sara
The meeting with Sara from Meta is scheduled for 1981-08-10,ORG,Meta
The meeting with John from Amazon is scheduled for 1985-05-03,PERSON,John
The meeting with John from Amazon is scheduled for 1985-05-03,ORG,Amazon
Paris will host the event in 2011-01-16,GPE,Paris
Microsoft announced new projects starting 1984-09-18,ORG,Microsoft
The meeting with John from Microsoft is scheduled for 2004-01-09,PERSON,John
The meeting with John from Microsoft is scheduled for 2004-01-09,ORG,Microsoft
Alex attended a conference on 1988-08-27,PERSON,Alex
Amazon announced new projects starting 1984-04-17,ORG,Amazon
Sara works at Google in New York since 2008-03-08,PERSON,Sara
Sara works at Google in New York since 2008-03-08,ORG,Google
The meeting with Sara from Amazon is scheduled for 1984-05-04,PERSON,Sara
The meeting with Sara from Amazon is scheduled for 1984-05-04,ORG,Amazon
Google announced new projects starting 1975-01-29,ORG,Google
The meeting with Mary from Meta is scheduled for 2022-08-03,PERSON,Mary
The meeting with Mary from Meta is scheduled for 2022-08-03,ORG,Meta
Google announced new projects starting 2001-09-10,ORG,Google
Sara attended a conference on 2000-06-04,PERSON,Sara
The meeting with John from Google is scheduled for 1979-07-30,PERSON,John
The meeting with John from Google is scheduled for 1979-07-30,ORG,Google
The meeting with Alex from Microsoft is scheduled for 2012-09-14,PERSON,Alex
The meeting with Alex from Microsoft is scheduled for 2012-09-14,ORG,Microsoft
Mary works at Amazon in London since 1980-04-17,PERSON,Mary
Mary works at Amazon in London since 1980-04-17,ORG,Amazon
Mary works at Amazon in London since 1980-04-17,GPE,London
Alex attended a conference on 1987-08-28,PERSON,Alex
Alex works at Amazon in London since 1991-06-19,PERSON,Alex
Alex works at Amazon in London since 1991-06-19,ORG,Amazon
Alex works at Amazon in London since 1991-06-19,GPE,London
Mary works at Google in New York since 1984-12-29,PERSON,Mary
Mary works at Google in New York since 1984-12-29,ORG,Google
John attended a conference on 2009-10-17,PERSON,John
Sara works at Microsoft in New York since 2020-05-09,PERSON,Sara
Sara works at Microsoft in New York since 2020-05-09,ORG,Microsoft
The meeting with Mary from Microsoft is scheduled for 1991-06-10,PERSON,Mary
The meeting with Mary from Microsoft is scheduled for 1991-06-10,ORG,Microsoft
John attended a conference on 1991-07-11,PERSON,John
Mary attended a conference on 1992-07-06,PERSON,Mary
The meeting with John from Meta is scheduled for 2021-08-28,PERSON,John
The meeting with John from Meta is scheduled for 2021-08-28,ORG,Meta
Mary attended a conference on 1982-10-27,PERSON,Mary
The meeting with Sara from Meta is scheduled for 1987-01-02,PERSON,Sara
The meeting with Sara from Meta is scheduled for 1987-01-02,ORG,Meta
Alex works at Google in New York since 2017-06-21,PERSON,Alex
Alex works at Google in New York since 2017-06-21,ORG,Google
The meeting with Mary from Google is scheduled for 1976-09-04,PERSON,Mary
The meeting with Mary from Google is scheduled for 1976-09-04,ORG,Google
Mary attended a conference on 1992-11-08,PERSON,Mary
Tokyo will host the event in 1971-08-13,GPE,Tokyo
The meeting with Alex from Microsoft is scheduled for 1994-05-03,PERSON,Alex
The meeting with Alex from Microsoft is scheduled for 1994-05-03,ORG,Microsoft
Amazon announced new projects starting 1985-12-30,ORG,Amazon
Amazon announced new projects starting 2015-11-29,ORG,Amazon
Tokyo will host the event in 1984-07-09,GPE,Tokyo
Amazon announced new projects starting 2005-12-23,ORG,Amazon
Microsoft announced new projects starting 2024-06-22,ORG,Microsoft
Alex attended a conference on 2024-04-28,PERSON,Alex
Alex works at Microsoft in London since 1992-03-27,PERSON,Alex
Alex works at Microsoft in London since 1992-03-27,ORG,Microsoft
Alex works at Microsoft in London since 1992-03-27,GPE,London
The meeting with Sara from Microsoft is scheduled for 2005-07-28,PERSON,Sara
The meeting with Sara from Microsoft is scheduled for 2005-07-28,ORG,Microsoft
The meeting with Sara from Amazon is scheduled for 2000-08-16,PERSON,Sara
The meeting with Sara from Amazon is scheduled for 2000-08-16,ORG,Amazon
Mary attended a conference on 1995-01-20,PERSON,Mary
Mary attended a conference on 1990-04-22,PERSON,Mary
John attended a conference on 1977-04-01,PERSON,John
The meeting with Mary from Microsoft is scheduled for 2015-02-22,PERSON,Mary
The meeting with Mary from Microsoft is scheduled for 2015-02-22,ORG,Microsoft
The meeting with Alex from Microsoft is scheduled for 1990-08-27,PERSON,Alex
The meeting with Alex from Microsoft is scheduled for 1990-08-27,ORG,Microsoft
Alex works at Microsoft in Paris since 1972-09-04,PERSON,Alex
Alex works at Microsoft in Paris since 1972-09-04,ORG,Microsoft
Alex works at Microsoft in Paris since 1972-09-04,GPE,Paris
Meta announced new projects starting 1991-06-02,ORG,Meta
Paris will host the event in 1992-07-21,GPE,Paris
Google announced new projects starting 1998-12-03,ORG,Google
Mary works at Amazon in London since 1986-08-06,PERSON,Mary
Mary works at Amazon in London since 1986-08-06,ORG,Amazon
Mary works at Amazon in London since 1986-08-06,GPE,London
Alex works at Google in New York since 1999-03-26,PERSON,Alex
Alex works at Google in New York since 1999-03-26,ORG,Google
Microsoft announced new projects starting 1999-03-07,ORG,Microsoft
The meeting with Alex from Google is scheduled for 2009-04-18,PERSON,Alex
The meeting with Alex from Google is scheduled for 2009-04-18,ORG,Google
John works at Google in Paris since 1977-05-07,PERSON,John
John works at Google in Paris since 1977-05-07,ORG,Google
John works at Google in Paris since 1977-05-07,GPE,Paris
John works at Amazon in London since 1989-08-28,PERSON,John
John works at Amazon in London since 1989-08-28,ORG,Amazon
John works at Amazon in London since 1989-08-28,GPE,London
Sara attended a conference on 1973-08-13,PERSON,Sara
Alex attended a conference on 1978-10-06,PERSON,Alex
John attended a conference on 2004-07-12,PERSON,John
John attended a conference on 1970-11-29,PERSON,John
Sara attended a conference on 1982-10-08,PERSON,Sara
The meeting with John from Amazon is scheduled for 2000-04-28,PERSON,John
The meeting with John from Amazon is scheduled for 2000-04-28,ORG,Amazon
John attended a conference on 2019-09-14,PERSON,John
The meeting with Alex from Google is scheduled for 2018-10-22,PERSON,Alex
The meeting with Alex from Google is scheduled for 2018-10-22,ORG,Google
Sara works at Meta in Paris since 1997-03-30,PERSON,Sara
Sara works at Meta in Paris since 1997-03-30,ORG,Meta
Sara works at Meta in Paris since 1997-03-30,GPE,Paris
Sara works at Meta in Tokyo since 2003-04-28,PERSON,Sara
Sara works at Meta in Tokyo since 2003-04-28,ORG,Meta
Sara works at Meta in Tokyo since 2003-04-28,GPE,Tokyo
John attended a conference on 1989-09-26,PERSON,John
London will host the event in 1996-09-27,GPE,London
The meeting with John from Google is scheduled for 2013-06-18,PERSON,John
The meeting with John from Google is scheduled for 2013-06-18,ORG,Google
The meeting with Sara from Amazon is scheduled for 2015-03-27,PERSON,Sara
The meeting with Sara from Amazon is scheduled for 2015-03-27,ORG,Amazon
Microsoft announced new projects starting 2017-06-24,ORG,Microsoft
The meeting with Sara from Meta is scheduled for 2021-06-23,PERSON,Sara
The meeting with Sara from Meta is scheduled for 2021-06-23,ORG,Meta
Tokyo will host the event in 2009-08-26,GPE,Tokyo
Sara works at Meta in New York since 1983-06-09,PERSON,Sara
Sara works at Meta in New York since 1983-06-09,ORG,Meta
Amazon announced new projects starting 2006-02-04,ORG,Amazon
The meeting with Alex from Microsoft is scheduled for 1999-12-18,PERSON,Alex
The meeting with Alex from Microsoft is scheduled for 1999-12-18,ORG,Microsoft
Meta announced new projects starting 2006-09-30,ORG,Meta
Amazon announced new projects starting 1972-02-08,ORG,Amazon
Microsoft announced new projects starting 2002-01-02,ORG,Microsoft
Google announced new projects starting 2001-08-02,ORG,Google
Paris will host the event in 1999-05-27,GPE,Paris
Microsoft announced new projects starting 1980-04-13,ORG,Microsoft
Mary works at Meta in Tokyo since 1978-07-07,PERSON,Mary
Mary works at Meta in Tokyo since 1978-07-07,ORG,Meta
Mary works at Meta in Tokyo since 1978-07-07,GPE,Tokyo
Google announced new projects starting 1972-08-27,ORG,Google
John works at Google in Paris since 1987-12-28,PERSON,John
John works at Google in Paris since 1987-12-28,ORG,Google
John works at Google in Paris since 1987-12-28,GPE,Paris
Paris will host the event in 2012-02-01,GPE,Paris
Mary works at Amazon in London since 1989-05-06,PERSON,Mary
Mary works at Amazon in London since 1989-05-06,ORG,Amazon
Mary works at Amazon in London since 1989-05-06,GPE,London
Sara works at Microsoft in New York since 2024-03-28,PERSON,Sara
Sara works at Microsoft in New York since 2024-03-28,ORG,Microsoft
Microsoft announced new projects starting 2013-04-09,ORG,Microsoft
Alex attended a conference on 1993-07-16,PERSON,Alex
London will host the event in 2000-04-07,GPE,London
The meeting with Sara from Meta is scheduled for 1970-04-15,PERSON,Sara
The meeting with Sara from Meta is scheduled for 1970-04-15,ORG,Meta
Microsoft announced new projects starting 1970-06-01,ORG,Microsoft
Tokyo will host the event in 1994-04-05,GPE,Tokyo
Paris will host the event in 2011-03-09,GPE,Paris
Mary attended a conference on 2008-09-29,PERSON,Mary
Mary works at Google in London since 2024-09-19,PERSON,Mary
Mary works at Google in London since 2024-09-19,ORG,Google
Mary works at Google in London since 2024-09-19,GPE,London
Paris will host the event in 1994-09-30,GPE,Paris
The meeting with Alex from Microsoft is scheduled for 2021-09-13,PERSON,Alex
The meeting with Alex from Microsoft is scheduled for 2021-09-13,ORG,Microsoft
Tokyo will host the event in 2019-02-11,GPE,Tokyo
London will host the event in 1990-11-15,GPE,London
Sara works at Microsoft in New York since 1988-03-10,PERSON,Sara
Sara works at Microsoft in New York since 1988-03-10,ORG,Microsoft
Tokyo will host the event in 2008-09-04,GPE,Tokyo
Sara attended a conference on 1971-04-05,PERSON,Sara
John works at Meta in London since 1971-02-22,PERSON,John
John works at Meta in London since 1971-02-22,ORG,Meta
John works at Meta in London since 1971-02-22,GPE,London
John attended a conference on 1982-10-06,PERSON,John
London will host the event in 1998-01-15,GPE,London
Mary works at Google in London since 2016-07-21,PERSON,Mary
Mary works at Google in London since 2016-07-21,ORG,Google
Mary works at Google in London since 2016-07-21,GPE,London
John attended a conference on 1993-01-31,PERSON,John
Sara attended a conference on 1991-09-22,PERSON,Sara
Alex attended a conference on 2024-01-08,PERSON,Alex
Google announced new projects starting 1980-05-21,ORG,Google
The meeting with Alex from Amazon is scheduled for 1985-11-16,PERSON,Alex
The meeting with Alex from Amazon is scheduled for 1985-11-16,ORG,Amazon
Sara works at Amazon in London since 2010-11-14,PERSON,Sara
Sara works at Amazon in London since 2010-11-14,ORG,Amazon
Sara works at Amazon in London since 2010-11-14,GPE,London
Mary works at Microsoft in Paris since 1973-01-08,PERSON,Mary
Mary works at Microsoft in Paris since 1973-01-08,ORG,Microsoft
Mary works at Microsoft in Paris since 1973-01-08,GPE,Paris
Google announced new projects starting 1995-09-10,ORG,Google
John attended a conference on 1982-01-26,PERSON,John
Mary works at Meta in Tokyo since 1983-03-19,PERSON,Mary
Mary works at Meta in Tokyo since 1983-03-19,ORG,Meta
Mary works at Meta in Tokyo since 1983-03-19,GPE,Tokyo
Mary attended a conference on 1983-02-02,PERSON,Mary
Tokyo will host the event in 1977-07-02,GPE,Tokyo
Sara attended a conference on 2003-01-12,PERSON,Sara
Meta announced new projects starting 1992-08-17,ORG,Meta
Alex attended a conference on 1997-05-02,PERSON,Alex
Sara works at Microsoft in Paris since 1970-07-11,PERSON,Sara
Sara works at Microsoft in Paris since 1970-07-11,ORG,Microsoft
Sara works at Microsoft in Paris since 1970-07-11,GPE,Paris
Amazon announced new projects starting 1996-11-07,ORG,Amazon
Meta announced new projects starting 1989-04-16,ORG,Meta
Alex attended a conference on 2016-10-26,PERSON,Alex
Mary works at Google in Paris since 1995-01-22,PERSON,Mary
Mary works at Google in Paris since 1995-01-22,ORG,Google
Mary works at Google in Paris since 1995-01-22,GPE,Paris
London will host the event in 1999-08-07,GPE,London
Amazon announced new projects starting 1990-05-23,ORG,Amazon
Google announced new projects starting 1990-12-11,ORG,Google
Mary attended a conference on 1981-06-09,PERSON,Mary
Google announced new projects starting 1999-05-24,ORG,Google
Sara attended a conference on 1991-09-13,PERSON,Sara
Sara works at Microsoft in London since 1999-01-29,PERSON,Sara
Sara works at Microsoft in London since 1999-01-29,ORG,Microsoft
Sara works at Microsoft in London since 1999-01-29,GPE,London
Alex works at Microsoft in London since 1997-10-02,PERSON,Alex
Alex works at Microsoft in London since 1997-10-02,ORG,Microsoft
Alex works at Microsoft in London since 1997-10-02,GPE,London
London will host the event in 1987-11-03,GPE,London
Mary attended a conference on 1996-11-22,PERSON,Mary
Alex works at Google in Paris since 1999-03-02,PERSON,Alex
Alex works at Google in Paris since 1999-03-02,ORG,Google
Alex works at Google in Paris since 1999-03-02,GPE,Paris
The meeting with Sara from Google is scheduled for 2016-08-09,PERSON,Sara
The meeting with Sara from Google is scheduled for 2016-08-09,ORG,Google
Paris will host the event in 1972-09-23,GPE,Paris
The meeting with John from Amazon is scheduled for 1990-08-16,PERSON,John
The meeting with John from Amazon is scheduled for 1990-08-16,ORG,Amazon
Amazon announced new projects starting 1985-05-04,ORG,Amazon
Microsoft announced new projects starting 2003-02-14,ORG,Microsoft
The meeting with Alex from Amazon is scheduled for 2000-02-16,PERSON,Alex
The meeting with Alex from Amazon is scheduled for 2000-02-16,ORG,Amazon
Amazon announced new projects starting 1977-12-06,ORG,Amazon
The meeting with Alex from Amazon is scheduled for 1994-08-17,PERSON,Alex
The meeting with Alex from Amazon is scheduled for 1994-08-17,ORG,Amazon
The meeting with Mary from Microsoft is scheduled for 1987-05-07,PERSON,Mary
The meeting with Mary from Microsoft is scheduled for 1987-05-07,ORG,Microsoft
John works at Google in Paris since 1992-05-08,PERSON,John
John works at Google in Paris since 1992-05-08,ORG,Google
John works at Google in Paris since 1992-05-08,GPE,Paris
The meeting with Sara from Microsoft is scheduled for 2017-02-19,PERSON,Sara
The meeting with Sara from Microsoft is scheduled for 2017-02-19,ORG,Microsoft
John works at Microsoft in Tokyo since 1976-11-09,PERSON,John
John works at Microsoft in Tokyo since 1976-11-09,ORG,Microsoft
John works at Microsoft in Tokyo since 1976-11-09,GPE,Tokyo
Tokyo will host the event in 1983-12-07,GPE,Tokyo
Mary works at Meta in Tokyo since 1991-04-10,PERSON,Mary
Mary works at Meta in Tokyo since 1991-04-10,ORG,Meta
Mary works at Meta in Tokyo since 1991-04-10,GPE,Tokyo
Paris will host the event in 2007-10-24,GPE,Paris
Microsoft announced new projects starting 2015-08-07,ORG,Microsoft
Alex works at Microsoft in Tokyo since 1981-08-07,PERSON,Alex
Alex works at Microsoft in Tokyo since 1981-08-07,ORG,Microsoft
Alex works at Microsoft in Tokyo since 1981-08-07,GPE,Tokyo
Microsoft announced new projects starting 1986-03-15,ORG,Microsoft
The meeting with John from Meta is scheduled for 2004-10-23,PERSON,John
The meeting with John from Meta is scheduled for 2004-10-23,ORG,Meta
Mary attended a conference on 1996-05-06,PERSON,Mary
Tokyo will host the event in 1984-08-21,GPE,Tokyo
Paris will host the event in 1999-03-03,GPE,Paris
Alex works at Meta in Paris since 1972-06-14,PERSON,Alex
Alex works at Meta in Paris since 1972-06-14,ORG,Meta
Alex works at Meta in Paris since 1972-06-14,GPE,Paris
The meeting with Mary from Microsoft is scheduled for 1972-04-30,PERSON,Mary
The meeting with Mary from Microsoft is scheduled for 1972-04-30,ORG,Microsoft
Sara attended a conference on 1974-04-12,PERSON,Sara
Tokyo will host the event in 2005-04-17,GPE,Tokyo
Alex works at Google in New York since 1977-08-16,PERSON,Alex
Alex works at Google in New York since 1977-08-16,ORG,Google
Microsoft announced new projects starting 2000-01-22,ORG,Microsoft
Alex attended a conference on 2003-11-11,PERSON,Alex
John works at Amazon in New York since 1992-03-25,PERSON,John
John works at Amazon in New York since 1992-03-25,ORG,Amazon
Sara works at Google in Paris since 2024-07-27,PERSON,Sara
Sara works at Google in Paris since 2024-07-27,ORG,Google
Sara works at Google in Paris since 2024-07-27,GPE,Paris
The meeting with John from Microsoft is scheduled for 2014-11-18,PERSON,John
The meeting with John from Microsoft is scheduled for 2014-11-18,ORG,Microsoft
Sara works at Meta in New York since 1983-12-09,PERSON,Sara
Sara works at Meta in New York since 1983-12-09,ORG,Meta
The meeting with Sara from Google is scheduled for 1972-05-23,PERSON,Sara
The meeting with Sara from Google is scheduled for 1972-05-23,ORG,Google
The meeting with Sara from Meta is scheduled for 1981-01-25,PERSON,Sara
The meeting with Sara from Meta is scheduled for 1981-01-25,ORG,Meta
Mary attended a conference on 1999-04-10,PERSON,Mary
John attended a conference on 2018-05-21,PERSON,John
The meeting with John from Amazon is scheduled for 1985-06-21,PERSON,John
The meeting with John from Amazon is scheduled for 1985-06-21,ORG,Amazon
John works at Google in New York since 1970-02-02,PERSON,John
John works at Google in New York since 1970-02-02,ORG,Google
The meeting with Mary from Google is scheduled for 2000-04-08,PERSON,Mary
The meeting with Mary from Google is scheduled for 2000-04-08,ORG,Google
Alex works at Microsoft in Tokyo since 2019-02-22,PERSON,Alex
Alex works at Microsoft in Tokyo since 2019-02-22,ORG,Microsoft
Alex works at Microsoft in Tokyo since 2019-02-22,GPE,Tokyo
The meeting with Alex from Amazon is scheduled for 1999-01-07,PERSON,Alex
The meeting with Alex from Amazon is scheduled for 1999-01-07,ORG,Amazon
The meeting with John from Google is scheduled for 2007-12-09,PERSON,John
The meeting with John from Google is scheduled for 2007-12-09,ORG,Google
The meeting with John from Google is scheduled for 1977-05-24,PERSON,John
The meeting with John from Google is scheduled for 1977-05-24,ORG,Google
Microsoft announced new projects starting 1976-04-07,ORG,Microsoft
Tokyo will host the event in 1971-09-20,GPE,Tokyo
Tokyo will host the event in 2004-01-16,GPE,Tokyo
Mary attended a conference on 2005-09-18,PERSON,Mary
Google announced new projects starting 2007-05-03,ORG,Google
Sara works at Meta in Paris since 1985-03-20,PERSON,Sara
Sara works at Meta in Paris since 1985-03-20,ORG,Meta
Sara works at Meta in Paris since 1985-03-20,GPE,Paris
Sara works at Google in London since 2015-09-23,PERSON,Sara
Sara works at Google in London since 2015-09-23,ORG,Google
Sara works at Google in London since 2015-09-23,GPE,London
The meeting with Alex from Meta is scheduled for 1979-08-01,PERSON,Alex
The meeting with Alex from Meta is scheduled for 1979-08-01,ORG,Meta
Amazon announced new projects starting 2006-10-29,ORG,Amazon
Amazon announced new projects starting 2011-06-16,ORG,Amazon
London will host the event in 2011-07-18,GPE,London
John works at Amazon in Paris since 1971-03-13,PERSON,John
John works at Amazon in Paris since 1971-03-13,ORG,Amazon
John works at Amazon in Paris since 1971-03-13,GPE,Paris
Mary attended a conference on 2021-06-27,PERSON,Mary
Mary attended a conference on 2024-12-25,PERSON,Mary
Tokyo will host the event in 2020-12-07,GPE,Tokyo
Paris will host the event in 1996-10-20,GPE,Paris
Amazon announced new projects starting 2002-10-02,ORG,Amazon
Sara works at Amazon in New York since 2018-02-13,PERSON,Sara
Sara works at Amazon in New York since 2018-02-13,ORG,Amazon
John attended a conference on 2000-07-15,PERSON,John
Amazon announced new projects starting 2017-10-03,ORG,Amazon
Alex works at Google in London since 2002-04-09,PERSON,Alex
Alex works at Google in London since 2002-04-09,ORG,Google
Alex works at Google in London since 2002-04-09,GPE,London
Tokyo will host the event in 1988-11-15,GPE,Tokyo
The meeting with Mary from Amazon is scheduled for 1977-12-14,PERSON,Mary
The meeting with Mary from Amazon is scheduled for 1977-12-14,ORG,Amazon
Microsoft announced new projects starting 1983-09-01,ORG,Microsoft
The meeting with John from Meta is scheduled for 1993-03-24,PERSON,John
The meeting with John from Meta is scheduled for 1993-03-24,ORG,Meta
Sara attended a conference on 1995-08-14,PERSON,Sara
The meeting with Alex from Microsoft is scheduled for 1996-02-14,PERSON,Alex
The meeting with Alex from Microsoft is scheduled for 1996-02-14,ORG,Microsoft
Amazon announced new projects starting 2020-10-08,ORG,Amazon
Tokyo will host the event in 1976-05-31,GPE,Tokyo
Google announced new projects starting 2019-06-26,ORG,Google
John works at Microsoft in Paris since 2003-11-29,PERSON,John
John works at Microsoft in Paris since 2003-11-29,ORG,Microsoft
John works at Microsoft in Paris since 2003-11-29,GPE,Paris
John attended a conference on 1997-07-17,PERSON,John
Google announced new projects starting 2015-03-12,ORG,Google
Alex works at Amazon in London since 1987-02-21,PERSON,Alex
Alex works at Amazon in London since 1987-02-21,ORG,Amazon
Alex works at Amazon in London since 1987-02-21,GPE,London
The meeting with Mary from Microsoft is scheduled for 2010-09-26,PERSON,Mary
The meeting with Mary from Microsoft is scheduled for 2010-09-26,ORG,Microsoft
John works at Microsoft in London since 2007-06-15,PERSON,John
John works at Microsoft in London since 2007-06-15,ORG,Microsoft
John works at Microsoft in London since 2007-06-15,GPE,London
Paris will host the event in 1992-11-12,GPE,Paris
Sara works at Google in Tokyo since 1991-05-11,PERSON,Sara
Sara works at Google in Tokyo since 1991-05-11,ORG,Google
Sara works at Google in Tokyo since 1991-05-11,GPE,Tokyo
Amazon announced new projects starting 1993-06-10,ORG,Amazon
Sara works at Microsoft in Tokyo since 1986-03-10,PERSON,Sara
Sara works at Microsoft in Tokyo since 1986-03-10,ORG,Microsoft
Sara works at Microsoft in Tokyo since 1986-03-10,GPE,Tokyo
The meeting with John from Google is scheduled for 1973-11-04,PERSON,John
The meeting with John from Google is scheduled for 1973-11-04,ORG,Google
The meeting with John from Google is scheduled for 2013-09-19,PERSON,John
The meeting with John from Google is scheduled for 2013-09-19,ORG,Google
Sara works at Microsoft in London since 2005-12-18,PERSON,Sara
Sara works at Microsoft in London since 2005-12-18,ORG,Microsoft
Sara works at Microsoft in London since 2005-12-18,GPE,London
Alex attended a conference on 1983-11-30,PERSON,Alex
The meeting with John from Meta is scheduled for 1980-07-06,PERSON,John
The meeting with John from Meta is scheduled for 1980-07-06,ORG,Meta
Sara attended a conference on 1979-11-17,PERSON,Sara
Sara works at Google in Tokyo since 1975-09-13,PERSON,Sara
Sara works at Google in Tokyo since 1975-09-13,ORG,Google
Sara works at Google in Tokyo since 1975-09-13,GPE,Tokyo
John works at Microsoft in New York since 2012-05-14,PERSON,John
John works at Microsoft in New York since 2012-05-14,ORG,Microsoft
Mary attended a conference on 1977-10-31,PERSON,Mary
Alex works at Amazon in London since 2022-05-29,PERSON,Alex
Alex works at Amazon in London since 2022-05-29,ORG,Amazon
Alex works at Amazon in London since 2022-05-29,GPE,London
The meeting with Sara from Meta is scheduled for 2017-11-04,PERSON,Sara
The meeting with Sara from Meta is scheduled for 2017-11-04,ORG,Meta
The meeting with Sara from Google is scheduled for 1974-08-12,PERSON,Sara
The meeting with Sara from Google is scheduled for 1974-08-12,ORG,Google
Mary attended a conference on 1992-01-05,PERSON,Mary
The meeting with Alex from Microsoft is scheduled for 1995-08-23,PERSON,Alex
The meeting with Alex from Microsoft is scheduled for 1995-08-23,ORG,Microsoft
Amazon announced new projects starting 2003-12-15,ORG,Amazon
Sara attended a conference on 1997-04-13,PERSON,Sara
Mary attended a conference on 2023-02-22,PERSON,Mary
The meeting with Mary from Amazon is scheduled for 1981-05-19,PERSON,Mary
The meeting with Mary from Amazon is scheduled for 1981-05-19,ORG,Amazon
Mary works at Microsoft in Paris since 1981-12-15,PERSON,Mary
Mary works at Microsoft in Paris since 1981-12-15,ORG,Microsoft
Mary works at Microsoft in Paris since 1981-12-15,GPE,Paris
The meeting with Mary from Microsoft is scheduled for 2015-12-29,PERSON,Mary
The meeting with Mary from Microsoft is scheduled for 2015-12-29,ORG,Microsoft
Paris will host the event in 1977-08-29,GPE,Paris
John attended a conference on 1996-12-11,PERSON,John
The meeting with Sara from Amazon is scheduled for 1978-02-21,PERSON,Sara
The meeting with Sara from Amazon is scheduled for 1978-02-21,ORG,Amazon
Paris will host the event in 2002-07-03,GPE,Paris
Sara attended a conference on 2017-12-11,PERSON,Sara
London will host the event in 2002-08-25,GPE,London
Paris will host the event in 1994-11-13,GPE,Paris
Mary works at Amazon in Paris since 2000-01-26,PERSON,Mary
Mary works at Amazon in Paris since 2000-01-26,ORG,Amazon
Mary works at Amazon in Paris since 2000-01-26,GPE,Paris
The meeting with John from Microsoft is scheduled for 1977-07-20,PERSON,John
The meeting with John from Microsoft is scheduled for 1977-07-20,ORG,Microsoft
Mary works at Meta in Tokyo since 1973-08-20,PERSON,Mary
Mary works at Meta in Tokyo since 1973-08-20,ORG,Meta
Mary works at Meta in Tokyo since 1973-08-20,GPE,Tokyo
The meeting with John from Meta is scheduled for 2017-02-27,PERSON,John
The meeting with John from Meta is scheduled for 2017-02-27,ORG,Meta
Mary attended a conference on 2016-11-07,PERSON,Mary
Sara works at Microsoft in New York since 2009-07-20,PERSON,Sara
Sara works at Microsoft in New York since 2009-07-20,ORG,Microsoft
Paris will host the event in 2011-11-14,GPE,Paris
John attended a conference on 1983-08-29,PERSON,John
Amazon announced new projects starting 2008-01-19,ORG,Amazon
Alex works at Microsoft in New York since 1977-05-09,PERSON,Alex
Alex works at Microsoft in New York since 1977-05-09,ORG,Microsoft
The meeting with John from Microsoft is scheduled for 1992-01-28,PERSON,John
The meeting with John from Microsoft is scheduled for 1992-01-28,ORG,Microsoft
Sara attended a conference on 2004-04-04,PERSON,Sara
Amazon announced new projects starting 2024-05-31,ORG,Amazon
London will host the event in 2002-09-19,GPE,London
Sara works at Amazon in Tokyo since 1985-03-17,PERSON,Sara
Sara works at Amazon in Tokyo since 1985-03-17,ORG,Amazon
Sara works at Amazon in Tokyo since 1985-03-17,GPE,Tokyo
Alex attended a conference on 2002-11-04,PERSON,Alex
Google announced new projects starting 1984-01-20,ORG,Google
The meeting with John from Microsoft is scheduled for 1990-10-25,PERSON,John
The meeting with John from Microsoft is scheduled for 1990-10-25,ORG,Microsoft
Sara works at Amazon in Tokyo since 1979-11-25,PERSON,Sara
Sara works at Amazon in Tokyo since 1979-11-25,ORG,Amazon
Sara works at Amazon in Tokyo since 1979-11-25,GPE,Tokyo
Meta announced new projects starting 1977-10-02,ORG,Meta
Sara works at Google in Tokyo since 2016-06-25,PERSON,Sara
Sara works at Google in Tokyo since 2016-06-25,ORG,Google
Sara works at Google in Tokyo since 2016-06-25,GPE,Tokyo
London will host the event in 1987-07-14,GPE,London
Microsoft announced new projects starting 1976-05-02,ORG,Microsoft
The meeting with Sara from Google is scheduled for 2024-05-16,PERSON,Sara
The meeting with Sara from Google is scheduled for 2024-05-16,ORG,Google
Alex attended a conference on 2023-07-04,PERSON,Alex
The meeting with Mary from Google is scheduled for 2001-09-12,PERSON,Mary
The meeting with Mary from Google is scheduled for 2001-09-12,ORG,Google
Sara attended a conference on 2009-09-20,PERSON,Sara
Google announced new projects starting 1987-03-01,ORG,Google
Amazon announced new projects starting 1989-01-16,ORG,Amazon
Microsoft announced new projects starting 2005-12-31,ORG,Microsoft
John attended a conference on 2015-07-29,PERSON,John
The meeting with Mary from Amazon is scheduled for 1999-04-06,PERSON,Mary
The meeting with Mary from Amazon is scheduled for 1999-04-06,ORG,Amazon
The meeting with Mary from Microsoft is scheduled for 1983-11-20,PERSON,Mary
The meeting with Mary from Microsoft is scheduled for 1983-11-20,ORG,Microsoft
Sara attended a conference on 1970-05-24,PERSON,Sara
John works at Meta in Paris since 1987-11-21,PERSON,John
John works at Meta in Paris since 1987-11-21,ORG,Meta
John works at Meta in Paris since 1987-11-21,GPE,Paris
Microsoft announced new projects starting 1994-08-27,ORG,Microsoft
John works at Google in Tokyo since 1985-10-22,PERSON,John
John works at Google in Tokyo since 1985-10-22,ORG,Google
John works at Google in Tokyo since 1985-10-22,GPE,Tokyo
Microsoft announced new projects starting 2025-02-05,ORG,Microsoft
Amazon announced new projects starting 2014-10-18,ORG,Amazon
Google announced new projects starting 1971-01-07,ORG,Google
Tokyo will host the event in 1982-01-02,GPE,Tokyo
John works at Amazon in New York since 1972-06-08,PERSON,John
John works at Amazon in New York since 1972-06-08,ORG,Amazon
Alex works at Microsoft in London since 1994-06-12,PERSON,Alex
Alex works at Microsoft in London since 1994-06-12,ORG,Microsoft
Alex works at Microsoft in London since 1994-06-12,GPE,London
The meeting with Alex from Google is scheduled for 2002-07-17,PERSON,Alex
The meeting with Alex from Google is scheduled for 2002-07-17,ORG,Google
Sara works at Amazon in New York since 1977-06-15,PERSON,Sara
Sara works at Amazon in New York since 1977-06-15,ORG,Amazon
The meeting with Sara from Microsoft is scheduled for 1987-02-17,PERSON,Sara
The meeting with Sara from Microsoft is scheduled for 1987-02-17,ORG,Microsoft
The meeting with Sara from Microsoft is scheduled for 1999-06-03,PERSON,Sara
The meeting with Sara from Microsoft is scheduled for 1999-06-03,ORG,Microsoft
John attended a conference on 1996-06-19,PERSON,John
Meta announced new projects starting 1977-05-28,ORG,Meta
Paris will host the event in 1985-03-24,GPE,Paris
Alex works at Amazon in London since 1995-09-13,PERSON,Alex
Alex works at Amazon in London since 1995-09-13,ORG,Amazon
Alex works at Amazon in London since 1995-09-13,GPE,London
Alex attended a conference on 1980-01-21,PERSON,Alex
Alex works at Google in New York since 1988-09-09,PERSON,Alex
Alex works at Google in New York since 1988-09-09,ORG,Google
The meeting with Mary from Microsoft is scheduled for 2025-01-20,PERSON,Mary
The meeting with Mary from Microsoft is scheduled for 2025-01-20,ORG,Microsoft
Amazon announced new projects starting 1987-06-13,ORG,Amazon
London will host the event in 2003-07-07,GPE,London
John works at Meta in Tokyo since 2003-01-07,PERSON,John
John works at Meta in Tokyo since 2003-01-07,ORG,Meta
John works at Meta in Tokyo since 2003-01-07,GPE,Tokyo
Google announced new projects starting 2000-09-06,ORG,Google
Alex works at Amazon in Paris since 2004-10-18,PERSON,Alex
Alex works at Amazon in Paris since 2004-10-18,ORG,Amazon
Alex works at Amazon in Paris since 2004-10-18,GPE,Paris
John works at Meta in New York since 2000-11-07,PERSON,John
John works at Meta in New York since 2000-11-07,ORG,Meta
Amazon announced new projects starting 1987-08-29,ORG,Amazon
Sara attended a conference on 2002-04-16,PERSON,Sara
The meeting with John from Meta is scheduled for 1992-01-31,PERSON,John
The meeting with John from Meta is scheduled for 1992-01-31,ORG,Meta
Tokyo will host the event in 2000-12-27,GPE,Tokyo
John attended a conference on 1985-08-09,PERSON,John
The meeting with Alex from Google is scheduled for 2004-08-28,PERSON,Alex
The meeting with Alex from Google is scheduled for 2004-08-28,ORG,Google
Microsoft announced new projects starting 1993-10-25,ORG,Microsoft
Paris will host the event in 1995-06-30,GPE,Paris
London will host the event in 1975-05-20,GPE,London
The meeting with Sara from Microsoft is scheduled for 2014-01-28,PERSON,Sara
The meeting with Sara from Microsoft is scheduled for 2014-01-28,ORG,Microsoft
John works at Amazon in New York since 2011-01-13,PERSON,John
John works at Amazon in New York since 2011-01-13,ORG,Amazon
Microsoft announced new projects starting 2005-11-12,ORG,Microsoft
Microsoft announced new projects starting 2022-03-01,ORG,Microsoft
John attended a conference on 1982-04-30,PERSON,John
The meeting with John from Microsoft is scheduled for 2009-10-03,PERSON,John
The meeting with John from Microsoft is scheduled for 2009-10-03,ORG,Microsoft
London will host the event in 1976-07-06,GPE,London
Mary attended a conference on 2022-01-19,PERSON,Mary
Alex attended a conference on 2003-10-28,PERSON,Alex
Paris will host the event in 2015-03-30,GPE,Paris
Meta announced new projects starting 1988-04-09,ORG,Meta
Microsoft announced new projects starting 2017-03-29,ORG,Microsoft
John works at Amazon in Tokyo since 2013-11-28,PERSON,John
John works at Amazon in Tokyo since 2013-11-28,ORG,Amazon
John works at Amazon in Tokyo since 2013-11-28,GPE,Tokyo
Alex attended a conference on 1987-06-28,PERSON,Alex
Tokyo will host the event in 2000-06-01,GPE,Tokyo
Sara attended a conference on 1986-01-20,PERSON,Sara
London will host the event in 2007-11-26,GPE,London
The meeting with Alex from Microsoft is scheduled for 2019-07-06,PERSON,Alex
The meeting with Alex from Microsoft is scheduled for 2019-07-06,ORG,Microsoft
Microsoft announced new projects starting 1998-12-26,ORG,Microsoft
The meeting with Sara from Meta is scheduled for 1981-11-19,PERSON,Sara
The meeting with Sara from Meta is scheduled for 1981-11-19,ORG,Meta
Paris will host the event in 1981-07-04,GPE,Paris
Amazon announced new projects starting 2011-08-31,ORG,Amazon
Meta announced new projects starting 2001-04-22,ORG,Meta
Google announced new projects starting 2019-01-04,ORG,Google
Mary attended a conference on 1979-01-31,PERSON,Mary
Google announced new projects starting 1971-08-22,ORG,Google
The meeting with Sara from Meta is scheduled for 2007-05-22,PERSON,Sara
The meeting with Sara from Meta is scheduled for 2007-05-22,ORG,Meta
Alex attended a conference on 1997-06-01,PERSON,Alex
Google announced new projects starting 2013-12-17,ORG,Google
Alex works at Google in Paris since 1982-08-22,PERSON,Alex
Alex works at Google in Paris since 1982-08-22,ORG,Google
Alex works at Google in Paris since 1982-08-22,GPE,Paris
Sara works at Microsoft in London since 2020-12-05,PERSON,Sara
Sara works at Microsoft in London since 2020-12-05,ORG,Microsoft
Sara works at Microsoft in London since 2020-12-05,GPE,London
The meeting with Mary from Google is scheduled for 1975-09-06,PERSON,Mary
The meeting with Mary from Google is scheduled for 1975-09-06,ORG,Google
John attended a conference on 1982-12-24,PERSON,John
Google announced new projects starting 1973-06-05,ORG,Google
John attended a conference on 2025-02-01,PERSON,John
Alex attended a conference on 1981-05-10,PERSON,Alex
Amazon announced new projects starting 2020-10-29,ORG,Amazon
Meta announced new projects starting 1978-12-29,ORG,Meta
The meeting with Sara from Google is scheduled for 1998-06-11,PERSON,Sara
The meeting with Sara from Google is scheduled for 1998-06-11,ORG,Google
Google announced new projects starting 2007-07-27,ORG,Google
John works at Meta in Paris since 2014-12-26,PERSON,John
John works at Meta in Paris since 2014-12-26,ORG,Meta
John works at Meta in Paris since 2014-12-26,GPE,Paris
Sara works at Microsoft in Paris since 2004-12-04,PERSON,Sara
Sara works at Microsoft in Paris since 2004-12-04,ORG,Microsoft
Sara works at Microsoft in Paris since 2004-12-04,GPE,Paris
London will host the event in 2004-10-15,GPE,London
Mary works at Meta in London since 1980-04-13,PERSON,Mary
Mary works at Meta in London since 1980-04-13,ORG,Meta
Mary works at Meta in London since 1980-04-13,GPE,London
Paris will host the event in 2019-08-26,GPE,Paris
The meeting with John from Microsoft is scheduled for 2023-12-17,PERSON,John
The meeting with John from Microsoft is scheduled for 2023-12-17,ORG,Microsoft
The meeting with Mary from Amazon is scheduled for 1981-06-15,PERSON,Mary
The meeting with Mary from Amazon is scheduled for 1981-06-15,ORG,Amazon
Google announced new projects starting 1993-01-03,ORG,Google
John works at Google in London since 2022-02-11,PERSON,John
John works at Google in London since 2022-02-11,ORG,Google
John works at Google in London since 2022-02-11,GPE,London
The meeting with Sara from Google is scheduled for 1980-12-13,PERSON,Sara
The meeting with Sara from Google is scheduled for 1980-12-13,ORG,Google
Google announced new projects starting 2013-08-14,ORG,Google
Alex attended a conference on 2024-09-19,PERSON,Alex
Mary attended a conference on 2023-10-03,PERSON,Mary
Sara works at Microsoft in Paris since 2008-05-19,PERSON,Sara
Sara works at Microsoft in Paris since 2008-05-19,ORG,Microsoft
Sara works at Microsoft in Paris since 2008-05-19,GPE,Paris
Sara attended a conference on 1982-10-17,PERSON,Sara
John attended a conference on 2006-12-15,PERSON,John
John attended a conference on 1980-01-05,PERSON,John
Google announced new projects starting 1992-02-28,ORG,Google
Microsoft announced new projects starting 2006-03-06,ORG,Microsoft
Meta announced new projects starting 2001-03-10,ORG,Meta
Sara works at Google in London since 2008-03-20,PERSON,Sara
Sara works at Google in London since 2008-03-20,ORG,Google
Sara works at Google in London since 2008-03-20,GPE,London
Alex works at Google in Paris since 1984-11-29,PERSON,Alex
Alex works at Google in Paris since 1984-11-29,ORG,Google
Alex works at Google in Paris since 1984-11-29,GPE,Paris
The meeting with Sara from Microsoft is scheduled for 1998-04-13,PERSON,Sara
The meeting with Sara from Microsoft is scheduled for 1998-04-13,ORG,Microsoft
Alex works at Amazon in London since 1998-03-21,PERSON,Alex
Alex works at Amazon in London since 1998-03-21,ORG,Amazon
Alex works at Amazon in London since 1998-03-21,GPE,London
Alex attended a conference on 1990-01-01,PERSON,Alex
John works at Amazon in Tokyo since 1980-05-14,PERSON,John
John works at Amazon in Tokyo since 1980-05-14,ORG,Amazon
John works at Amazon in Tokyo since 1980-05-14,GPE,Tokyo
The meeting with John from Microsoft is scheduled for 2001-05-27,PERSON,John
The meeting with John from Microsoft is scheduled for 2001-05-27,ORG,Microsoft
The meeting with Mary from Microsoft is scheduled for 2023-08-01,PERSON,Mary
The meeting with Mary from Microsoft is scheduled for 2023-08-01,ORG,Microsoft
Mary attended a conference on 2012-05-17,PERSON,Mary
Meta announced new projects starting 2004-04-01,ORG,Meta
Sara attended a conference on 2004-08-31,PERSON,Sara
Tokyo will host the event in 2009-06-04,GPE,Tokyo
John attended a conference on 2019-07-22,PERSON,John
The meeting with Sara from Google is scheduled for 1994-06-05,PERSON,Sara
The meeting with Sara from Google is scheduled for 1994-06-05,ORG,Google
The meeting with Alex from Google is scheduled for 2018-08-31,PERSON,Alex
The meeting with Alex from Google is scheduled for 2018-08-31,ORG,Google
The meeting with Mary from Amazon is scheduled for 1981-09-17,PERSON,Mary
The meeting with Mary from Amazon is scheduled for 1981-09-17,ORG,Amazon
Sara works at Amazon in Tokyo since 2008-04-16,PERSON,Sara
Sara works at Amazon in Tokyo since 2008-04-16,ORG,Amazon
Sara works at Amazon in Tokyo since 2008-04-16,GPE,Tokyo
Paris will host the event in 2014-12-01,GPE,Paris
Alex works at Amazon in Paris since 2005-10-09,PERSON,Alex
Alex works at Amazon in Paris since 2005-10-09,ORG,Amazon
Alex works at Amazon in Paris since 2005-10-09,GPE,Paris
Paris will host the event in 1977-08-03,GPE,Paris
The meeting with Sara from Google is scheduled for 2011-04-10,PERSON,Sara
The meeting with Sara from Google is scheduled for 2011-04-10,ORG,Google
The meeting with John from Meta is scheduled for 2010-10-19,PERSON,John
The meeting with John from Meta is scheduled for 2010-10-19,ORG,Meta
The meeting with Alex from Microsoft is scheduled for 1992-12-12,PERSON,Alex
The meeting with Alex from Microsoft is scheduled for 1992-12-12,ORG,Microsoft
Microsoft announced new projects starting 1992-10-28,ORG,Microsoft
Amazon announced new projects starting 2006-02-24,ORG,Amazon
Mary attended a conference on 2018-05-12,PERSON,Mary
Sara works at Microsoft in London since 1993-04-19,PERSON,Sara
Sara works at Microsoft in London since 1993-04-19,ORG,Microsoft
Sara works at Microsoft in London since 1993-04-19,GPE,London
John attended a conference on 1991-09-26,PERSON,John
Mary attended a conference on 1982-10-20,PERSON,Mary
Microsoft announced new projects starting 2002-06-25,ORG,Microsoft
Paris will host the event in 2015-09-15,GPE,Paris
Meta announced new projects starting 1995-05-22,ORG,Meta
Alex works at Amazon in Paris since 1972-05-15,PERSON,Alex
Alex works at Amazon in Paris since 1972-05-15,ORG,Amazon
Alex works at Amazon in Paris since 1972-05-15,GPE,Paris
Google announced new projects starting 1980-10-07,ORG,Google
Tokyo will host the event in 1978-12-02,GPE,Tokyo
Google announced new projects starting 1984-09-24,ORG,Google
Alex attended a conference on 1970-10-14,PERSON,Alex
Alex attended a conference on 1989-08-13,PERSON,Alex
London will host the event in 2009-12-23,GPE,London
The meeting with Mary from Meta is scheduled for 2003-06-30,PERSON,Mary
The meeting with Mary from Meta is scheduled for 2003-06-30,ORG,Meta
Microsoft announced new projects starting 1973-06-26,ORG,Microsoft
The meeting with Alex from Amazon is scheduled for 2008-06-28,PERSON,Alex
The meeting with Alex from Amazon is scheduled for 2008-06-28,ORG,Amazon
Sara attended a conference on 1992-06-15,PERSON,Sara
The meeting with John from Microsoft is scheduled for 1979-12-22,PERSON,John
The meeting with John from Microsoft is scheduled for 1979-12-22,ORG,Microsoft
Mary attended a conference on 2023-02-02,PERSON,Mary
Sara attended a conference on 1984-03-01,PERSON,Sara
Sara works at Microsoft in New York since 2015-12-08,PERSON,Sara
Sara works at Microsoft in New York since 2015-12-08,ORG,Microsoft
Mary works at Microsoft in New York since 2018-07-21,PERSON,Mary
Mary works at Microsoft in New York since 2018-07-21,ORG,Microsoft
Microsoft announced new projects starting 1990-10-24,ORG,Microsoft
The meeting with Mary from Amazon is scheduled for 2004-04-05,PERSON,Mary
The meeting with Mary from Amazon is scheduled for 2004-04-05,ORG,Amazon
The meeting with Mary from Microsoft is scheduled for 1970-01-29,PERSON,Mary
The meeting with Mary from Microsoft is scheduled for 1970-01-29,ORG,Microsoft
Google announced new projects starting 1986-11-16,ORG,Google
The meeting with Alex from Amazon is scheduled for 2020-07-13,PERSON,Alex
The meeting with Alex from Amazon is scheduled for 2020-07-13,ORG,Amazon
Meta announced new projects starting 2020-05-24,ORG,Meta
Mary works at Meta in New York since 2010-05-29,PERSON,Mary
Mary works at Meta in New York since 2010-05-29,ORG,Meta
Alex attended a conference on 1982-01-19,PERSON,Alex
Mary attended a conference on 1993-08-09,PERSON,Mary
Meta announced new projects starting 2017-05-23,ORG,Meta
Google announced new projects starting 1971-10-30,ORG,Google
Tokyo will host the event in 2019-11-05,GPE,Tokyo
Microsoft announced new projects starting 1987-02-12,ORG,Microsoft
Tokyo will host the event in 1971-11-15,GPE,Tokyo
Tokyo will host the event in 1986-06-18,GPE,Tokyo
Sara works at Amazon in Tokyo since 1975-05-30,PERSON,Sara
Sara works at Amazon in Tokyo since 1975-05-30,ORG,Amazon
Sara works at Amazon in Tokyo since 1975-05-30,GPE,Tokyo
The meeting with Mary from Microsoft is scheduled for 2002-01-10,PERSON,Mary
The meeting with Mary from Microsoft is scheduled for 2002-01-10,ORG,Microsoft
The meeting with Mary from Meta is scheduled for 2004-06-04,PERSON,Mary
The meeting with Mary from Meta is scheduled for 2004-06-04,ORG,Meta
Alex works at Google in Tokyo since 1981-01-06,PERSON,Alex
Alex works at Google in Tokyo since 1981-01-06,ORG,Google
Alex works at Google in Tokyo since 1981-01-06,GPE,Tokyo
The meeting with Mary from Microsoft is scheduled for 2025-01-23,PERSON,Mary
The meeting with Mary from Microsoft is scheduled for 2025-01-23,ORG,Microsoft
John works at Amazon in Paris since 2003-12-18,PERSON,John
John works at Amazon in Paris since 2003-12-18,ORG,Amazon
John works at Amazon in Paris since 2003-12-18,GPE,Paris
Amazon announced new projects starting 1993-03-19,ORG,Amazon
Paris will host the event in 1985-02-04,GPE,Paris
London will host the event in 2000-08-06,GPE,London
Sara works at Microsoft in New York since 1970-10-24,PERSON,Sara
Sara works at Microsoft in New York since 1970-10-24,ORG,Microsoft
Tokyo will host the event in 2000-02-01,GPE,Tokyo
Google announced new projects starting 1999-06-15,ORG,Google
John works at Amazon in Tokyo since 1973-07-21,PERSON,John
John works at Amazon in Tokyo since 1973-07-21,ORG,Amazon
John works at Amazon in Tokyo since 1973-07-21,GPE,Tokyo
London will host the event in 2011-01-02,GPE,London
The meeting with Mary from Amazon is scheduled for 2009-10-22,PERSON,Mary
The meeting with Mary from Amazon is scheduled for 2009-10-22,ORG,Amazon
Mary attended a conference on 2000-02-14,PERSON,Mary
Tokyo will host the event in 1984-04-01,GPE,Tokyo
Sara attended a conference on 1974-06-11,PERSON,Sara
Tokyo will host the event in 1973-07-26,GPE,Tokyo
John attended a conference on 2002-02-23,PERSON,John
Mary attended a conference on 1993-07-24,PERSON,Mary
The meeting with Alex from Meta is scheduled for 1994-01-21,PERSON,Alex
The meeting with Alex from Meta is scheduled for 1994-01-21,ORG,Meta
Sara works at Meta in London since 1979-09-08,PERSON,Sara
Sara works at Meta in London since 1979-09-08,ORG,Meta
Sara works at Meta in London since 1979-09-08,GPE,London
Paris will host the event in 2012-05-10,GPE,Paris
Meta announced new projects starting 1980-09-08,ORG,Meta
Alex attended a conference on 1979-01-21,PERSON,Alex
Google announced new projects starting 2004-07-20,ORG,Google
Alex works at Meta in Paris since 2005-07-27,PERSON,Alex
Alex works at Meta in Paris since 2005-07-27,ORG,Meta
Alex works at Meta in Paris since 2005-07-27,GPE,Paris
Mary works at Meta in New York since 2024-06-18,PERSON,Mary
Mary works at Meta in New York since 2024-06-18,ORG,Meta
The meeting with Mary from Microsoft is scheduled for 1975-10-25,PERSON,Mary
The meeting with Mary from Microsoft is scheduled for 1975-10-25,ORG,Microsoft
Sara attended a conference on 2010-12-06,PERSON,Sara
Meta announced new projects starting 1989-08-06,ORG,Meta
The meeting with Alex from Meta is scheduled for 1970-04-04,PERSON,Alex
The meeting with Alex from Meta is scheduled for 1970-04-04,ORG,Meta
John attended a conference on 2007-03-26,PERSON,John
Tokyo will host the event in 2013-01-31,GPE,Tokyo
The meeting with Sara from Amazon is scheduled for 1979-01-24,PERSON,Sara
The meeting with Sara from Amazon is scheduled for 1979-01-24,ORG,Amazon
Sara works at Amazon in New York since 2015-08-15,PERSON,Sara
Sara works at Amazon in New York since 2015-08-15,ORG,Amazon
Amazon announced new projects starting 1976-12-12,ORG,Amazon
John attended a conference on 2007-05-10,PERSON,John
The meeting with Mary from Amazon is scheduled for 2007-06-05,PERSON,Mary
The meeting with Mary from Amazon is scheduled for 2007-06-05,ORG,Amazon
Amazon announced new projects starting 1984-04-27,ORG,Amazon
London will host the event in 1970-06-30,GPE,London
Alex attended a conference on 1995-10-02,PERSON,Alex
London will host the event in 1985-05-28,GPE,London
Amazon announced new projects starting 2010-12-24,ORG,Amazon
Alex works at Meta in New York since 2013-01-10,PERSON,Alex
Alex works at Meta in New York since 2013-01-10,ORG,Meta
Mary works at Google in Paris since 1974-02-01,PERSON,Mary
Mary works at Google in Paris since 1974-02-01,ORG,Google
Mary works at Google in Paris since 1974-02-01,GPE,Paris
London will host the event in 2010-11-10,GPE,London
The meeting with Mary from Amazon is scheduled for 1991-04-17,PERSON,Mary
The meeting with Mary from Amazon is scheduled for 1991-04-17,ORG,Amazon
Paris will host the event in 2010-03-01,GPE,Paris
Alex attended a conference on 1997-08-30,PERSON,Alex
The meeting with Alex from Meta is scheduled for 1977-11-23,PERSON,Alex
The meeting with Alex from Meta is scheduled for 1977-11-23,ORG,Meta
Mary attended a conference on 1993-05-03,PERSON,Mary
Tokyo will host the event in 1984-10-25,GPE,Tokyo
Mary works at Google in Paris since 2024-05-22,PERSON,Mary
Mary works at Google in Paris since 2024-05-22,ORG,Google
Mary works at Google in Paris since 2024-05-22,GPE,Paris
The meeting with Sara from Amazon is scheduled for 1971-02-18,PERSON,Sara
The meeting with Sara from Amazon is scheduled for 1971-02-18,ORG,Amazon
Meta announced new projects starting 2021-05-08,ORG,Meta
Meta announced new projects starting 1983-07-31,ORG,Meta
The meeting with Sara from Microsoft is scheduled for 1987-12-10,PERSON,Sara
The meeting with Sara from Microsoft is scheduled for 1987-12-10,ORG,Microsoft
Google announced new projects starting 1998-01-29,ORG,Google
Sara attended a conference on 1971-10-13,PERSON,Sara
Amazon announced new projects starting 1989-04-01,ORG,Amazon
Microsoft announced new projects starting 1994-06-24,ORG,Microsoft
Alex works at Google in London since 1980-03-16,PERSON,Alex
Alex works at Google in London since 1980-03-16,ORG,Google
Alex works at Google in London since 1980-03-16,GPE,London
John works at Amazon in Paris since 2020-02-26,PERSON,John
John works at Amazon in Paris since 2020-02-26,ORG,Amazon
John works at Amazon in Paris since 2020-02-26,GPE,Paris
The meeting with John from Microsoft is scheduled for 1997-03-14,PERSON,John
The meeting with John from Microsoft is scheduled for 1997-03-14,ORG,Microsoft
Sara works at Google in New York since 1984-09-18,PERSON,Sara
Sara works at Google in New York since 1984-09-18,ORG,Google
John works at Meta in Paris since 2014-09-07,PERSON,John
John works at Meta in Paris since 2014-09-07,ORG,Meta
John works at Meta in Paris since 2014-09-07,GPE,Paris
Amazon announced new projects starting 1999-12-23,ORG,Amazon
Meta announced new projects starting 2015-03-01,ORG,Meta
John works at Amazon in Paris since 2023-08-06,PERSON,John
John works at Amazon in Paris since 2023-08-06,ORG,Amazon
John works at Amazon in Paris since 2023-08-06,GPE,Paris
Tokyo will host the event in 1986-12-27,GPE,Tokyo
Meta announced new projects starting 2017-10-26,ORG,Meta
The meeting with Sara from Microsoft is scheduled for 2017-12-11,PERSON,Sara
The meeting with Sara from Microsoft is scheduled for 2017-12-11,ORG,Microsoft
Amazon announced new projects starting 1978-03-28,ORG,Amazon
John works at Meta in Tokyo since 1992-09-01,PERSON,John
John works at Meta in Tokyo since 1992-09-01,ORG,Meta
John works at Meta in Tokyo since 1992-09-01,GPE,Tokyo
Alex attended a conference on 1980-12-28,PERSON,Alex
John attended a conference on 2007-12-13,PERSON,John
John works at Microsoft in Tokyo since 1995-12-20,PERSON,John
John works at Microsoft in Tokyo since 1995-12-20,ORG,Microsoft
John works at Microsoft in Tokyo since 1995-12-20,GPE,Tokyo
London will host the event in 2002-10-27,GPE,London
The meeting with Alex from Google is scheduled for 2011-03-01,PERSON,Alex
The meeting with Alex from Google is scheduled for 2011-03-01,ORG,Google
John works at Amazon in Paris since 2021-05-20,PERSON,John
John works at Amazon in Paris since 2021-05-20,ORG,Amazon
John works at Amazon in Paris since 2021-05-20,GPE,Paris
Alex works at Meta in Paris since 2002-06-12,PERSON,Alex
Alex works at Meta in Paris since 2002-06-12,ORG,Meta
Alex works at Meta in Paris since 2002-06-12,GPE,Paris
Google announced new projects starting 1978-01-13,ORG,Google
Alex works at Meta in London since 2010-05-01,PERSON,Alex
Alex works at Meta in London since 2010-05-01,ORG,Meta
Alex works at Meta in London since 2010-05-01,GPE,London
Mary attended a conference on 1980-03-11,PERSON,Mary
Paris will host the event in 1987-09-08,GPE,Paris
Mary works at Microsoft in New York since 1987-04-01,PERSON,Mary
Mary works at Microsoft in New York since 1987-04-01,ORG,Microsoft
Microsoft announced new projects starting 1999-04-21,ORG,Microsoft
London will host the event in 1988-11-18,GPE,London
Microsoft announced new projects starting 2011-02-02,ORG,Microsoft
Sara works at Amazon in Tokyo since 1984-03-26,PERSON,Sara
Sara works at Amazon in Tokyo since 1984-03-26,ORG,Amazon
Sara works at Amazon in Tokyo since 1984-03-26,GPE,Tokyo
Sara attended a conference on 2008-08-01,PERSON,Sara
The meeting with John from Microsoft is scheduled for 1996-03-06,PERSON,John
The meeting with John from Microsoft is scheduled for 1996-03-06,ORG,Microsoft
Meta announced new projects starting 1993-02-08,ORG,Meta
Mary works at Google in Paris since 2007-09-03,PERSON,Mary
Mary works at Google in Paris since 2007-09-03,ORG,Google
Mary works at Google in Paris since 2007-09-03,GPE,Paris
The meeting with Sara from Amazon is scheduled for 1970-01-17,PERSON,Sara
The meeting with Sara from Amazon is scheduled for 1970-01-17,ORG,Amazon
John works at Microsoft in London since 1988-03-11,PERSON,John
John works at Microsoft in London since 1988-03-11,ORG,Microsoft
John works at Microsoft in London since 1988-03-11,GPE,London
The meeting with John from Amazon is scheduled for 2002-03-04,PERSON,John
The meeting with John from Amazon is scheduled for 2002-03-04,ORG,Amazon
Alex works at Amazon in Tokyo since 1988-01-04,PERSON,Alex
Alex works at Amazon in Tokyo since 1988-01-04,ORG,Amazon
Alex works at Amazon in Tokyo since 1988-01-04,GPE,Tokyo
Sara attended a conference on 1983-07-20,PERSON,Sara
Google announced new projects starting 1984-08-12,ORG,Google
The meeting with Sara from Google is scheduled for 1992-07-21,PERSON,Sara
The meeting with Sara from Google is scheduled for 1992-07-21,ORG,Google
Alex works at Google in Paris since 2004-11-25,PERSON,Alex
Alex works at Google in Paris since 2004-11-25,ORG,Google
Alex works at Google in Paris since 2004-11-25,GPE,Paris
Google announced new projects starting 1973-07-30,ORG,Google
Sara attended a conference on 2010-09-02,PERSON,Sara
Alex works at Microsoft in New York since 2020-03-18,PERSON,Alex
Alex works at Microsoft in New York since 2020-03-18,ORG,Microsoft
John attended a conference on 2004-08-02,PERSON,John
Mary attended a conference on 2000-09-07,PERSON,Mary
The meeting with Mary from Microsoft is scheduled for 2010-01-31,PERSON,Mary
The meeting with Mary from Microsoft is scheduled for 2010-01-31,ORG,Microsoft
Alex attended a conference on 1993-05-05,PERSON,Alex
John attended a conference on 2010-01-11,PERSON,John
John works at Amazon in Paris since 1979-12-10,PERSON,John
John works at Amazon in Paris since 1979-12-10,ORG,Amazon
John works at Amazon in Paris since 1979-12-10,GPE,Paris
The meeting with Sara from Amazon is scheduled for 2019-05-07,PERSON,Sara
The meeting with Sara from Amazon is scheduled for 2019-05-07,ORG,Amazon
Paris will host the event in 1976-12-06,GPE,Paris
The meeting with Alex from Meta is scheduled for 1987-10-21,PERSON,Alex
The meeting with Alex from Meta is scheduled for 1987-10-21,ORG,Meta
Google announced new projects starting 1980-03-16,ORG,Google
The meeting with Mary from Microsoft is scheduled for 1979-09-14,PERSON,Mary
The meeting with Mary from Microsoft is scheduled for 1979-09-14,ORG,Microsoft
The meeting with Mary from Google is scheduled for 1992-11-08,PERSON,Mary
The meeting with Mary from Google is scheduled for 1992-11-08,ORG,Google
John works at Meta in Paris since 1990-12-12,PERSON,John
John works at Meta in Paris since 1990-12-12,ORG,Meta
John works at Meta in Paris since 1990-12-12,GPE,Paris
John works at Microsoft in Tokyo since 2009-12-09,PERSON,John
John works at Microsoft in Tokyo since 2009-12-09,ORG,Microsoft
John works at Microsoft in Tokyo since 2009-12-09,GPE,Tokyo
London will host the event in 2013-10-03,GPE,London
John attended a conference on 2022-08-20,PERSON,John
Amazon announced new projects starting 1996-10-12,ORG,Amazon
